uid,method,smiles,warhead_atom,iptm,ligand_iptm,confidence_score,complex_pde,protein_iptm,n_lig_atoms,mpae_min,mpae_5pct,d_SG,burgi_dunitz_dev,geom_ok,n_h_bonds,n_vdw_contacts,pocket_occupancy_pct,valid,mw,logp,qed,has_acryl,tc_mol1
mol2mol_baseline_0001,mol2mol_baseline,C=CC(=O)N1Cc2nccc(C)c2C1,C16,0.9134951233863831,0.9134951233863831,0.8183086514472961,1.2055978775024414,0.0,14,1.7517437934875488,2.521219491958618,1.6910604335150188,49.16092547438706,True,2,11,92.85714285714286,True,188.23,1.41822,0.6243156647906944,True,0.3382352941176471
mol2mol_baseline_0007,mol2mol_baseline,C=CC(=O)N1Cc2cccc(Cl)c2C1,C14,0.8916414976119995,0.8916414976119995,0.820172905921936,1.1753145456314087,0.0,14,2.286539077758789,3.1510167121887207,1.9726568814672252,68.82508705899278,True,0,10,92.85714285714286,True,207.65999999999997,2.3682,0.6478642399958788,True,0.4126984126984127
mol2mol_baseline_0000,mol2mol_baseline,C=CC(=O)N1Cc2cccc(C(=O)Nc3cn(C(C)C)nn3)c2C1,C26,0.9619907140731812,0.9619907140731812,0.8328728079795837,1.1675705909729004,0.0,24,0.9816499352455139,1.6584551334381104,1.958400630055045,66.88500123497232,True,5,17,95.83333333333333,True,325.37200000000007,2.1395,0.8734648517703988,True,0.6119402985074627
mol2mol_baseline_0005,mol2mol_baseline,C=CC(=O)N1Cc2[nH]cnc2C(=O)Nc2ncn(C(C)C)c2C1,C25,0.9661931991577148,0.9661931991577148,0.8427675366401672,1.009611964225769,0.0,23,0.8782237768173218,1.5615226030349731,1.955550225716538,22.184115447411557,True,4,15,95.65217391304348,True,314.3490000000001,1.4675999999999998,0.8204209473523648,True,0.2891566265060241
mol2mol_baseline_0006,mol2mol_baseline,C=CC(=O)N1Cc2ccc(Cl)c(C(=O)Nc3cc(C(C)C)[nH]n3)c2C1,C26,0.9679241180419922,0.9679241180419922,0.8395736813545227,1.2172101736068726,0.0,25,0.9121459126472473,1.5397026538848877,1.9697043148147904,57.329991779057224,True,5,18,100.0,True,358.8290000000001,3.4670000000000014,0.8213095597087969,True,0.4230769230769231
mol2mol_baseline_0002,mol2mol_baseline,C=CC(=O)N1Cc2cccc(C(=O)Nc3cn(C(C)C)cn3)c2C1,C26,0.9756858944892883,0.9756858944892883,0.8394585847854614,1.17252516746521,0.0,24,0.7809877395629883,1.432159662246704,1.9578290821723954,57.00440536088257,True,3,18,95.83333333333333,True,324.38400000000007,2.7445000000000013,0.8794439335696442,True,0.6363636363636364
mol2mol_baseline_0003,mol2mol_baseline,C=CC(=O)N1Cc2cccc(C(=O)Nc3cnn(C(C)C)c3)c2C1,C26,0.9126487970352173,0.9126487970352173,0.8112088441848755,1.192334771156311,0.0,24,1.7334277629852295,2.550041675567627,1.5372348192127312,47.10732918491507,True,3,17,95.83333333333333,True,324.3840000000001,2.7445000000000013,0.8794439335696442,True,0.5882352941176471
mol2mol_baseline_0004,mol2mol_baseline,C=CC(=O)N1Cc2cccc(C(=O)Nc3cc(C(C)C)n(CC)n3)c2C1,C30,0.9446789622306824,0.9446789622306824,0.8317925333976746,1.2054296731948853,0.0,26,1.2717787027359009,1.942041277885437,1.894486838011811,46.18464651771944,True,2,20,96.15384615384616,True,352.43800000000016,3.3069000000000024,0.8396818047073472,True,0.6231884057971014
mol2mol_baseline_0009,mol2mol_baseline,C=CC(=O)N1Cc2cccc(C(=O)Nc3ncn(C(C)C)n3)c2C1,C26,0.9779859185218811,0.9779859185218811,0.8456579446792603,1.1218034029006958,0.0,24,0.725017786026001,1.3283978700637817,1.9716233947942474,57.934661665373824,True,4,17,95.83333333333333,True,325.3720000000001,2.1395,0.8734648517703988,True,0.5882352941176471
mol2mol_baseline_0008,mol2mol_baseline,C=CC(=O)N1Cc2cccc(C(=O)Nc3cn(C4CCCC4)cn3)c2C1,C28,0.9771947264671326,0.9771947264671326,0.8341017961502075,1.1480655670166016,0.0,26,0.679375946521759,1.3853132724761963,1.9589868119515252,21.455974009979514,True,3,20,100.0,True,350.4220000000002,3.2787000000000015,0.8606797030040113,True,0.5492957746478874
mol2mol_baseline_0010,mol2mol_baseline,C=CC(=O)N1Cc2cccc(C(=O)Nc3ccn(C(C)C)n3)c2C1,C26,0.8623553514480591,0.8623553514480591,0.7990663647651672,1.2744204998016357,0.0,24,2.4464125633239746,3.4479146003723145,1.8472458699371872,45.99121643824978,True,4,18,95.83333333333333,True,324.3840000000001,2.7445000000000013,0.8794439335696442,True,0.6212121212121212
mol2mol_baseline_0013,mol2mol_baseline,C=CC(=O)N1Cc2cccc(C(=O)Nc3cn(C(=C)C)cn3)c2C1,C24,0.9736537337303162,0.9736537337303162,0.839870274066925,1.243683099746704,0.0,24,0.7793505191802979,1.4432759284973145,1.4558118005085687,21.597778671579647,True,3,18,100.0,True,322.36800000000005,2.6542000000000012,0.880067245490072,True,0.5882352941176471
mol2mol_baseline_0014,mol2mol_baseline,C=CC(=O)N1Cc2cccc(C(=O)Nc3cncn3C(C)C)c2C1,C26,0.9285344481468201,0.9285344481468201,0.8207125067710876,1.2412025928497314,0.0,24,1.3229527473449707,2.1131649017333984,1.9184665164917516,18.83528122232154,True,2,18,95.83333333333333,True,324.3840000000001,2.7445000000000013,0.8794439335696442,True,0.5652173913043478
mol2mol_baseline_0012,mol2mol_baseline,C=CC(=O)N1Cc2cccc(C(Nc3cn(C(C)C)cn3)C(C)C)c2C1,C32,0.9219059944152832,0.9219059944152832,0.8270871043205261,1.2152098417282104,0.0,26,1.1936570405960083,2.1685783863067627,1.3104009191846595,35.089580998895485,True,2,21,96.15384615384616,True,352.48200000000014,4.301400000000004,0.7886467421507398,True,0.4473684210526316
mol2mol_baseline_0015,mol2mol_baseline,C=CC(=O)N1Cc2c(C(=O)Nc3ccn(C(C)C)n3)cn(C(C)C)c2C1,C31,0.903335690498352,0.903335690498352,0.8126856088638306,1.1071983575820923,0.0,26,2.002991199493408,2.8207287788391113,1.5025142581020647,38.55277656019129,True,1,19,92.3076923076923,True,355.4420000000001,3.126900000000002,0.8377240992314415,True,0.44
mol2mol_baseline_0011,mol2mol_baseline,C=CC(=O)N1Cc2c(ccc3ccccc23)C1C(=O)Nc1cc(C(C)(C)C)ccn1,C31,0.9548918008804321,0.9548918008804321,0.8424817323684692,1.0620561838150024,0.0,30,0.9318498969078064,1.892780065536499,1.5016819388272604,15.19636758588264,True,2,25,76.66666666666667,True,399.49400000000014,4.740300000000003,0.6472375750467693,True,0.26373626373626374
mol2mol_baseline_0016,mol2mol_baseline,C=CC(=O)N1Cc2cccc(C(=O)Nc3cccn3C(C)C)c2C1,C26,0.9675495624542236,0.9675495624542236,0.8429476618766785,1.1314232349395752,0.0,24,0.8809266686439514,1.5244253873825073,1.4388968947773837,19.782240076241507,True,1,19,91.66666666666667,True,323.39600000000013,3.3495000000000017,0.8773731227222705,True,0.5441176470588235
mol2mol_baseline_0020,mol2mol_baseline,C=CC(=O)N1Cc2cccc(CNc3cn(C(C)C)nn3)c2C1,C26,0.9599497318267822,0.9599497318267822,0.8442861437797546,0.8142537474632263,0.0,23,1.0078670978546143,1.61210298538208,1.9365106167021138,57.97688171999823,True,5,17,95.65217391304348,True,311.38900000000007,2.4993000000000007,0.8618434119444844,True,0.4533333333333333
mol2mol_baseline_0018,mol2mol_baseline,C=CC(=O)N1Cc2cccc(C(=O)/C=C/c3cccn3C)c2C1,C23,0.9233641028404236,0.9233641028404236,0.8246452212333679,1.149938702583313,0.0,23,1.4153209924697876,2.1811766624450684,1.86253497494678,55.34846831091241,True,1,19,100.0,True,306.36500000000007,2.9494000000000016,0.6436063924701345,True,0.4305555555555556
mol2mol_baseline_0017,mol2mol_baseline,C=CC(=O)N1Cc2cccc(C(=O)Nc3cc(-c4cc(C(C)C)no4)no3)c2C1,C29,0.9450279474258423,0.9450279474258423,0.8268782496452332,1.1809636354446411,0.0,29,1.1766867637634277,1.9516828060150146,1.4009300209146778,18.02272884117886,True,5,21,86.20689655172414,True,392.4150000000002,3.733500000000002,0.6639919838013978,True,0.5131578947368421
mol2mol_baseline_0021,mol2mol_baseline,C=CC(=O)N1Cc2ccc(C(=O)Nc3cn(C(C)C)cn3)cc2C1,C26,0.9661707282066345,0.9661707282066345,0.8293091654777527,1.1160777807235718,0.0,24,0.7702512741088867,1.4823323488235474,1.94372431288493,16.757909666001723,True,3,18,87.5,True,324.38400000000007,2.7445000000000013,0.8794439335696442,True,0.4189189189189189
mol2mol_baseline_0022,mol2mol_baseline,C=CC(=O)N1Cc2ccccc2C1C(=O)Nc1cc(C(C)C)ccn1,C27,0.9687464237213135,0.9687464237213135,0.8443267941474915,0.8945271968841553,0.0,25,0.7673836946487427,1.4968763589859009,1.9037764052797808,32.53774709830202,True,2,20,92.0,True,335.40700000000004,3.413000000000002,0.8710485988783558,True,0.32926829268292684
mol2mol_baseline_0023,mol2mol_baseline,C=CC(=O)N1Cc2cccc(C(=O)Nc3ccn(C)n3)c2C1,C22,0.9644660353660583,0.9644660353660583,0.8395704627037048,1.1840921640396118,0.0,22,0.9325519800186157,1.6184896230697632,1.9626878002881665,61.00923166104789,True,4,16,95.45454545454545,True,296.33000000000004,1.7006,0.8766533781081279,True,0.6507936507936508
mol2mol_baseline_0019,mol2mol_baseline,C=CC(=O)N1Cc2cccc(C(=O)Nc3nc4cc(C)cc(C)c4s3)c2C1,C26,0.8888251185417175,0.8888251185417175,0.7968827486038208,1.2441022396087646,0.0,27,1.9714078903198242,2.889681339263916,1.9477473122815496,54.5331621115414,True,1,20,88.88888888888889,True,377.46900000000016,4.193640000000003,0.6962203345897571,True,0.49333333333333335
mol2mol_baseline_0024,mol2mol_baseline,C=CC(=O)N1Cc2ccc(C(=O)Nc3ccn(C(C)C)n3)cc2C1,C26,0.9280380010604858,0.9280380010604858,0.8174425959587097,1.2075209617614746,0.0,24,1.3405141830444336,2.139805316925049,1.7536903235748313,13.09496748715705,True,3,18,95.83333333333333,True,324.38400000000007,2.7445000000000013,0.8794439335696442,True,0.40540540540540543
mol2mol_baseline_0026,mol2mol_baseline,C=CC(=O)N1Cc2cccc(C(=O)Nc3cn(C4CC4)cn3)c2C1,C24,0.97769695520401,0.97769695520401,0.8419834971427917,1.192524790763855,0.0,24,0.6846933960914612,1.3767517805099487,1.8906739164118167,42.25194257188727,True,4,18,95.83333333333333,True,322.3680000000001,2.498500000000001,0.8795481092108797,True,0.5652173913043478
mol2mol_baseline_0025,mol2mol_baseline,C=CC(=O)N1Cc2cccc(C(=O)Nc3nccs3)c2CN1C(=O)C=C,C25,0.9580830335617065,0.9580830335617065,0.8290421366691589,1.0922749042510986,0.0,26,0.8331907987594604,1.5716608762741089,1.3818361752754922,44.05696398292406,True,2,17,96.15384615384616,True,368.4180000000002,2.3532,0.8400780654233616,True,0.4246575342465753
mol2mol_baseline_0027,mol2mol_baseline,C=CC(=O)N1Cc2cccc(C(=O)Nc3cncn3C3CCCC3)c2C1,C28,0.9066689610481262,0.9066689610481262,0.8151642084121704,1.2262846231460571,0.0,26,1.7850537300109863,2.640363931655884,1.9457991021942633,67.10569504305923,True,2,19,96.15384615384616,True,350.42200000000025,3.2787000000000015,0.8606797030040112,True,0.4864864864864865
mol2mol_baseline_0028,mol2mol_baseline,C=CC(=O)N1Cc2c(C(=O)Nc3cnn(C(C)C)c3)c3ccccc3n2C1,C27,0.9190756678581238,0.9190756678581238,0.8167204856872559,1.2509360313415527,0.0,27,1.545145869255066,2.3536133766174316,1.937197250617501,8.5152984443326,True,1,18,81.48148148148148,True,363.4210000000001,3.1567000000000016,0.7239224579039492,True,0.313953488372093
mol2mol_baseline_0031,mol2mol_baseline,C=CC(=O)N1Cc2cccc(C(=O)Nc3cnn(C4CCN(CC)CC4)c3)c2C1,C33,0.9477282166481018,0.9477282166481018,0.8455586433410645,1.1302999258041382,0.0,29,1.0557138919830322,1.822028398513794,1.5984025944048004,8.273522470075534,True,2,18,79.3103448275862,True,393.4910000000003,2.820400000000001,0.7933275213018612,True,0.5064935064935064
mol2mol_baseline_0030,mol2mol_baseline,C=CC(=O)N(Cc1ccccc1)Cc1c(C(=O)Nc2ccn(C(C)C)n2)cn(C(C)C)c1C,C39,0.7960195541381836,0.7960195541381836,0.7636988162994385,1.1662023067474365,0.0,33,3.804025173187256,4.958853244781494,1.9529651843542941,34.301779037491656,True,2,25,84.84848484848484,True,447.58300000000014,5.121920000000005,0.4627656520078606,True,0.29213483146067415
mol2mol_baseline_0029,mol2mol_baseline,C=CC(=O)N1Cc2oc(-c3ccc(C(C)C)cc3)nc2C[C@H]1C(=O)Nc1ccccc1C(C)C,C38,0.7478563189506531,0.7478563189506531,0.75982666015625,1.402017593383789,0.0,34,4.047162055969238,6.218435287475586,1.9449836161006602,29.002023341115034,True,0,27,79.41176470588235,True,457.57400000000024,5.666400000000006,0.4843052357846712,True,0.24210526315789474
mol2mol_baseline_0032,mol2mol_baseline,C=CC(=O)N1Cc2cccc(Nc3ccn(C4CCC4)n3)c2C[C@@H]1C,C28,0.9133078455924988,0.9133078455924988,0.8292908668518066,0.9380469918251038,0.0,25,1.7324082851409912,2.6166882514953613,1.9356943134958056,59.32300796961789,True,1,20,80.0,True,336.43900000000014,3.810900000000003,0.8638801549727836,True,0.3023255813953488
mol2mol_baseline_0033,mol2mol_baseline,C=CC(=O)N1Cc2cccc(C(Nc3cncn3C(C)C)C(C)=O)c2C1,C30,0.9256600737571716,0.9256600737571716,0.8238551020622253,1.2672419548034668,0.0,26,1.3201979398727417,2.1580395698547363,1.9731643158642413,55.695313828941636,True,2,20,96.15384615384616,True,352.4380000000002,3.2344000000000017,0.8106822543507545,True,0.4050632911392405
mol2mol_baseline_0035,mol2mol_baseline,C=CC(=O)N1Cc2cccc([C@H](/N=C3\CCN(C(C)=O)C3)C(C)C)c2C1,C33,0.9175789952278137,0.9175789952278137,0.8159418106079102,0.9980093836784363,0.0,26,1.3804184198379517,2.347992181777954,1.9646150004771945,21.248576329203786,True,2,20,69.23076923076923,True,353.4660000000001,3.105100000000002,0.7811862675459275,True,0.39473684210526316
mol2mol_baseline_0034,mol2mol_baseline,C=CC(=O)N1Cc2cccc(C(N)=O)c2CN1Cc1cccc(C(C)C)c1,C30,0.924629807472229,0.924629807472229,0.8272500038146973,1.1324334144592285,0.0,27,1.1804322004318237,2.001126527786255,1.2193160237198568,49.64666033545359,True,2,22,85.18518518518519,True,363.46100000000007,3.354300000000002,0.8285872997114866,True,0.3670886075949367
mol2mol_baseline_0036,mol2mol_baseline,C=CC(=O)N1Cc2cccc(C(Nc3cnc(C(C)C)nc3)C(=O)CCl)c2C1,C31,0.8769462704658508,0.8769462704658508,0.8135043382644653,1.2403581142425537,0.0,28,2.2720584869384766,3.3014321327209473,1.3852591342055833,10.266314543812953,True,2,21,96.42857142857143,True,398.8940000000002,3.5893000000000024,0.5694349572842157,True,0.4675324675324675
mol2mol_baseline_0037,mol2mol_baseline,C=CC(=O)N1Cc2cccc(C(=O)Nc3cc(C(C)C)[nH]n3)c2C1,C26,0.9812888503074646,0.9812888503074646,0.8329450488090515,1.022117018699646,0.0,24,0.6309756636619568,1.240110158920288,1.916156416397158,28.783509807685988,True,4,18,100.0,True,324.38400000000007,2.813600000000001,0.8489635346300213,True,0.6029411764705882
mol2mol_baseline_0038,mol2mol_baseline,C=CC(=O)N1Cc2cccc(NCc3cncn3C(C)C)c2C1,C26,0.9523522257804871,0.9523522257804871,0.8238169550895691,1.233275294303894,0.0,23,1.091415286064148,1.7806434631347656,1.2878414558089057,22.01161846604481,True,3,18,95.65217391304348,True,310.4010000000001,3.104300000000001,0.8633975337676107,True,0.4342105263157895
mol2mol_baseline_0039,mol2mol_baseline,C=CC(=O)N1CCc2cccc(C(=O)Nc3cn([C@H](C)CO)cn3)c2C1,C29,0.9714634418487549,0.9714634418487549,0.8446170687675476,1.1612344980239868,0.0,26,0.7497220635414124,1.441270351409912,1.5881315493056614,1.8854902179475488,True,4,19,96.15384615384616,True,354.41000000000014,1.7593999999999999,0.8011669597807688,True,0.5405405405405406
mol2mol_baseline_0040,mol2mol_baseline,C=CC(=O)N1Cc2cccc(CNc3nccn3C(C)C)c2C1,C26,0.9726977348327637,0.9726977348327637,0.8564916849136353,0.8171309232711792,0.0,23,0.7449137568473816,1.3542643785476685,1.644628006997328,49.28583872780453,True,2,17,95.65217391304348,True,310.4010000000001,3.104300000000001,0.8633975337676107,True,0.44594594594594594
mol2mol_baseline_0041,mol2mol_baseline,C=CC(=O)N1Cc2cccc(C(=O)Nc3cn(C(C)C)nc3C)c2C1,C28,0.9307427406311035,0.9307427406311035,0.8301368951797485,0.8822925686836243,0.0,25,1.3498437404632568,2.179513454437256,1.9573627620857599,43.27367370220961,True,0,19,88.0,True,338.4110000000001,3.052920000000001,0.8714043386848063,True,0.5797101449275363
mol2mol_baseline_0043,mol2mol_baseline,C=CC(=O)N1Cc2cccc(C(=O)Nc3cnc(C(C)C)cn3)c2C1,C27,0.9562804102897644,0.9562804102897644,0.8258434534072876,1.2525070905685425,0.0,25,1.1014606952667236,1.7753090858459473,1.9458864966384866,17.573411762785668,True,4,19,100.0,True,336.3950000000001,2.8805000000000014,0.8712695299433523,True,0.7419354838709677
mol2mol_baseline_0042,mol2mol_baseline,C=CC(=O)N1Cc2cccc(CN(C(=O)C3CC3)c3cn(C(C)C)cn3)c2C1,C32,0.8988686203956604,0.8988686203956604,0.8369420170783997,0.9322847723960876,0.0,28,1.9486513137817383,2.7392091751098633,1.8621149630192024,4.140101087470825,True,2,21,92.85714285714286,True,378.47600000000006,3.4354000000000022,0.7237657550478542,True,0.39759036144578314
mol2mol_baseline_0044,mol2mol_baseline,C=CC(=O)N1Cc2cccc(CN3Cc4cn(C(C)C)nc4C3=O)c2C1,C28,0.8771185874938965,0.8771185874938965,0.8008174896240234,1.226741075515747,0.0,26,2.3690030574798584,3.3551371097564697,1.9452839462916462,48.55005911511134,True,3,20,96.15384615384616,True,350.42200000000014,2.648200000000001,0.7967320128963643,True,0.44
mol2mol_baseline_0045,mol2mol_baseline,C=CC(=O)N1Cc2cccc(C(=O)Nc3cc(C(C)C)no3)c2C1,C26,0.9732261896133423,0.9732261896133423,0.8369305729866028,1.2172586917877197,0.0,24,0.8187466263771057,1.456007480621338,1.6775775581176557,44.799387458298554,True,5,18,95.83333333333333,True,325.3680000000001,3.078500000000002,0.8766152240973928,True,0.5652173913043478
mol2mol_baseline_0046,mol2mol_baseline,C=CC(=O)N1Cc2cccc(C(=O)Nc3ccnn3C(C)C)c2C1,C26,0.9543818831443787,0.9543818831443787,0.8340533375740051,1.1846474409103394,0.0,24,1.1001160144805908,1.8346596956253052,1.8505055393054075,43.61754421223094,True,2,18,95.83333333333333,True,324.3840000000001,2.7445000000000013,0.8794439335696442,True,0.5588235294117647
mol2mol_baseline_0047,mol2mol_baseline,C=CC(=O)N1Cc2ccccc2C(Nc2cn(C(C)C)cn2)C1,C26,0.9744120836257935,0.9744120836257935,0.8413384556770325,1.1490966081619263,0.0,23,0.7265362739562988,1.356410026550293,1.711434852630973,17.650280334217825,True,2,18,86.95652173913044,True,310.40100000000007,3.1454000000000013,0.8826750211109463,True,0.3717948717948718
mol2mol_baseline_0048,mol2mol_baseline,C=CC(=O)N1Cc2cccc(C)c2C(=O)Nc2cnc(C(C)C)nc21,C27,0.931589663028717,0.931589663028717,0.8238431215286255,1.1449534893035889,0.0,25,1.515204668045044,2.3176047801971436,1.4754901232471893,37.550466356392576,True,1,19,96.0,True,336.3950000000001,3.1933200000000017,0.8547072228633541,True,0.3373493975903614
mol2mol_baseline_0049,mol2mol_baseline,C=CC(=O)N1Cc2cccc(C(Nc3nc(C(C)C)co3)C(C)C)c2C1,C32,0.9501457214355469,0.9501457214355469,0.8440384864807129,0.9406424164772034,0.0,26,0.9823877215385437,1.7608482837677002,1.620896273639988,29.691979278266246,True,3,20,88.46153846153847,True,353.4660000000001,4.635400000000004,0.7690071670621944,True,0.41025641025641024
mol2mol_baseline_0050,mol2mol_baseline,C=CC(=O)N1Cc2cccc(C(Nc3cnn(C(C)C)c3)C(=O)CC)c2C1,C32,0.9339473247528076,0.9339473247528076,0.8056936264038086,1.140610694885254,0.0,27,1.425449252128601,2.266141891479492,1.3957207466753525,26.845194849528667,True,2,21,85.18518518518519,True,366.4650000000002,3.624500000000003,0.7601234342519636,True,0.425
mol2mol_baseline_0051,mol2mol_baseline,C=CC(=O)N1Cc2cccc([C@@](C)(Nc3ncn(C(C)C)n3)C(=O)O)c2C1,C31,0.8881492018699646,0.8881492018699646,0.8169600367546082,1.2396200895309448,0.0,27,2.0414843559265137,3.1722826957702637,1.9448873030075555,38.199402661449454,True,3,19,96.29629629629629,True,369.4250000000002,2.2991,0.7580251082146685,True,0.4125
mol2mol_baseline_0053,mol2mol_baseline,C=CC(=O)N1Cc2ccccc2C(C)(C)c2cnc(NC(C)C)nc21,C29,0.9219688177108765,0.9219688177108765,0.8118274807929993,1.2105070352554321,0.0,25,1.6609549522399902,2.413918972015381,1.7079403692752264,5.641714544188176,True,3,19,84.0,True,336.439,3.655400000000002,0.8692661663756118,True,0.3375
mol2mol_baseline_0052,mol2mol_baseline,C=CC(=O)N1Cc2cccc(CNc3cccc(C(C)C)n3)c2C[C@H]1C,C31,0.9726607203483582,0.9726607203483582,0.8545700907707214,1.1018080711364746,0.0,26,0.7536101341247559,1.4026998281478882,1.6879971860462337,18.65616285053636,True,2,22,88.46153846153847,True,349.4780000000001,4.2763000000000035,0.81978450607353,True,0.3493975903614458
mol2mol_baseline_0054,mol2mol_baseline,C=CC(=O)N1Cc2ccccc2C1C(=O)Nc1ccn(C(C)C)n1,C26,0.8048365712165833,0.8048365712165833,0.7697456479072571,1.3516608476638794,0.0,24,3.717444896697998,5.101498603820801,1.961564920388821,38.67670526371819,True,1,18,95.83333333333333,True,324.38400000000007,2.6720000000000006,0.8793345718998005,True,0.32098765432098764
mol2mol_baseline_0055,mol2mol_baseline,C=CC(=O)N1Cc2cccc(C(=O)Nc3cn(C(C)C)nc3C(C)C)c2C1,C32,0.936773955821991,0.936773955821991,0.8142158389091492,1.0572079420089722,0.0,27,1.2788691520690918,2.124931812286377,1.8535392861765851,28.46068044146307,True,3,20,81.48148148148148,True,366.46500000000015,3.8679000000000032,0.8170525438694612,True,0.6417910447761194
mol2mol_baseline_0056,mol2mol_baseline,C=CC(=O)N1Cc2cccc(C(=O)Nc3ccn(C(C)C)c3)c2C1,C26,0.9507073163986206,0.9507073163986206,0.8302756547927856,1.0810328722000122,0.0,24,1.0783711671829224,1.8152137994766235,1.5846490275767673,37.71802393417545,True,2,17,83.33333333333333,True,323.39600000000013,3.3495000000000017,0.8773731227222705,True,0.5588235294117647
mol2mol_baseline_0057,mol2mol_baseline,C=CC(=O)N1Cc2cccc(C(=O)Nc3cn([C@H](C)C=C)cn3)c2C1,C26,0.9763712286949158,0.9763712286949158,0.8424647450447083,1.2165532112121582,0.0,25,0.7323700785636902,1.3635138273239136,1.9527155445174258,58.340035713015624,True,3,19,96.0,True,336.3950000000001,2.9106000000000014,0.6742099492494147,True,0.6176470588235294
mol2mol_baseline_0058,mol2mol_baseline,C=CC(=O)N1Cc2cccc(C(=O)Nc3nccn3C(C)C)c2C1,C26,0.9796369075775146,0.9796369075775146,0.8625307083129883,0.7606496214866638,0.0,24,0.6738929152488708,1.2350984811782837,1.9481030423979129,49.90658593054604,True,2,18,87.5,True,324.3840000000001,2.7445000000000013,0.8794439335696442,True,0.582089552238806
mol2mol_baseline_0062,mol2mol_baseline,C=CC(=O)N1Cc2cccc(C(=O)Nc3cn(C(C)C(C)O)nn3)c2C1,C29,0.9590364694595337,0.9590364694595337,0.8405638933181763,1.131796956062317,0.0,26,0.928744912147522,1.621035099029541,1.973122251483674,47.175845173566046,True,5,18,96.15384615384616,True,355.3980000000001,1.5003999999999997,0.7918661854809789,True,0.5857142857142857
mol2mol_baseline_0059,mol2mol_baseline,C=CC(=O)N1Cc2cccc(C(Nc3ncn(C(C)C)n3)C(C)C)c2CN(C(=O)C(C)C)C1=O,C43,0.9520511627197266,0.9520511627197266,0.8365761041641235,1.0550340414047241,0.0,34,0.9354206323623657,1.7714605331420898,1.7144898603957979,2.2092100647160464,True,2,24,85.29411764705883,True,466.5860000000003,4.301000000000004,0.6107970876460923,True,0.3111111111111111
mol2mol_baseline_0061,mol2mol_baseline,C=CC(=O)N1Cc2cccc([C@@H](Nc3cn(Cc4ccc(C(C)C)cc4)cn3)C(C)O)c2C1,C37,0.9255823493003845,0.9255823493003845,0.820205807685852,1.1806814670562744,0.0,33,1.128621220588684,2.2009687423706055,1.9561379878986036,14.080842953569828,True,3,27,90.9090909090909,True,444.5790000000002,4.617000000000004,0.49769270246591624,True,0.42857142857142855
mol2mol_baseline_0063,mol2mol_baseline,C=CC(=O)N1Cc2cccc(C(=O)Nc3ccn(C(=O)C(C)C)n3)c2C1,C28,0.9527965784072876,0.9527965784072876,0.839095413684845,0.9792895317077637,0.0,26,1.0906155109405518,1.7654645442962646,1.7506712356693361,49.08184640684664,True,3,18,92.3076923076923,True,352.3940000000001,2.4598000000000004,0.8568564292795802,True,0.6029411764705882
mol2mol_baseline_0060,mol2mol_baseline,C=CC(=O)N1Cc2cccc(C(=O)Nc3cc(C4=CCN(C(=O)OC(C)(C)C)CC4)n[nH]3)c2C1,C38,0.9397973418235779,0.9397973418235779,0.8148126602172852,1.26011061668396,0.0,34,0.9696452617645264,1.8835581541061401,1.969382566339004,17.80043313143277,True,5,23,94.11764705882354,True,463.53800000000035,3.714400000000002,0.6723201525743948,True,0.4044943820224719
mol2mol_baseline_0064,mol2mol_baseline,C=CC(=O)N1Cc2cccc(C(=O)NC(Cc3ccccc3)C(C)C)c2C1,C31,0.8338893055915833,0.8338893055915833,0.7842968702316284,1.2616794109344482,0.0,27,3.3197221755981445,4.3890180587768555,1.9727740291528555,63.21737058481145,True,1,22,74.07407407407408,True,362.4730000000001,3.7119000000000026,0.7965720245360494,True,0.5070422535211268
mol2mol_baseline_0065,mol2mol_baseline,C=CC(=O)N1Cc2cccc(C(=O)Nc3nccn3C(C)c3ccccc3)c2C1,C28,0.9648543000221252,0.9648543000221252,0.8430505990982056,0.816990852355957,0.0,29,0.8406829833984375,1.4779417514801025,1.4719525944132845,6.701162079121332,True,2,23,82.75862068965517,True,386.45500000000015,3.7729000000000026,0.6789221926614265,True,0.527027027027027
mol2mol_baseline_0066,mol2mol_baseline,C=CC(=O)N1CC2=C(C(C)C)C(Nc3ncn(C(C)C)n3)C(=CC=C2)C1=O,C32,0.9432070851325989,0.9432070851325989,0.8291444778442383,1.0642831325531006,0.0,27,1.0387738943099976,1.8788156509399414,1.6795276110561552,8.267243151682521,True,3,20,88.88888888888889,True,367.45300000000015,2.6431000000000004,0.8094830357857047,True,0.25274725274725274
mol2mol_baseline_0067,mol2mol_baseline,C=CC(=O)N1Cc2cccc(C(=O)Nc3ncn(C)n3)c2C1,C22,0.9756080508232117,0.9756080508232117,0.8395320773124695,1.153788685798645,0.0,22,0.7683544158935547,1.3820139169692993,1.9559887012454844,57.3688164851782,True,4,15,95.45454545454545,True,297.31800000000004,1.0956,0.8601929826957483,True,0.6153846153846154
mol2mol_baseline_0068,mol2mol_baseline,C=CC(=O)N1Cc2cccc(CNc3ncn(C(C)C)n3)c2C1,C26,0.977877676486969,0.977877676486969,0.8442313075065613,0.911266565322876,0.0,23,0.6779414415359497,1.2801902294158936,1.8952168689888766,26.636126393079962,True,3,17,100.0,True,311.38900000000007,2.4993000000000007,0.8618434119444844,True,0.4594594594594595
mol2mol_baseline_0069,mol2mol_baseline,C=CC(=O)N1Cc2cccc(CN3CCn4ccnc4C3)c2C1,C24,0.9524698257446289,0.9524698257446289,0.8378511667251587,1.118141770362854,0.0,23,1.054771900177002,1.7320506572723389,1.7482666099025062,37.384145250908944,True,3,17,95.65217391304348,True,308.3850000000001,1.9271,0.8136866023332522,True,0.3717948717948718
mol2mol_baseline_0071,mol2mol_baseline,C=CC(=O)N1Cc2cccc(CN(C(=O)COC)c3ccn(C(C)C)c3)c2C1,C33,0.9146056175231934,0.9146056175231934,0.8281893134117126,0.7663641571998596,0.0,28,1.5857408046722412,2.416858434677124,1.858404796189462,18.74278197473832,True,0,21,82.14285714285714,True,381.4760000000001,3.2768000000000015,0.6918820838542602,True,0.36904761904761907
mol2mol_baseline_0070,mol2mol_baseline,C=CC(=O)N1Cc2cccc(C(Nc3cnn(C(C)C)c3)C(=O)OCCOC)c2C1,C36,0.8924680352210999,0.8924680352210999,0.7993055582046509,1.053465723991394,0.0,30,1.8911164999008179,2.808959484100342,1.6138209034152475,38.59727726699873,True,1,21,80.0,True,412.4900000000003,2.835000000000001,0.38726816922397944,True,0.4166666666666667
mol2mol_baseline_0072,mol2mol_baseline,C=CC(=O)N1CC2CN(C(=O)Nc3ncc(C(C)C)s3)CC2C1,C29,0.9410567283630371,0.9410567283630371,0.832972526550293,1.2670725584030151,0.0,23,0.891889750957489,1.7548072338104248,1.7909831602781763,33.025832203508514,True,2,16,86.95652173913044,True,334.4450000000001,2.3746,0.8632245775091113,True,0.3116883116883117
mol2mol_baseline_0073,mol2mol_baseline,C=CC(=O)N1Cc2ccccc2C(Nc2cn(C(C)C)nn2)C1,C26,0.9132133722305298,0.9132133722305298,0.8197416663169861,1.194810390472412,0.0,23,1.7457430362701416,2.6325769424438477,1.7784587311770834,38.46385232756202,True,2,17,86.95652173913044,True,311.38900000000007,2.540400000000001,0.8814652089658286,True,0.35443037974683544
mol2mol_baseline_0076,mol2mol_baseline,C=CC(=O)N1Cc2cccc(C(N)=O)c2C1,C17,0.9127663969993591,0.9127663969993591,0.8199487924575806,1.1709479093551636,0.0,16,1.8323314189910889,2.612168073654175,1.9409884133863347,66.75868322013886,True,1,12,93.75,True,216.23999999999995,0.8137000000000002,0.7435221858511574,True,0.46774193548387094
mol2mol_baseline_0075,mol2mol_baseline,C=CC(=O)N1Cc2c(C(=O)Nc3cnccn3)c(C)n(C(C)C)c2C1,C28,0.9616079330444336,0.9616079330444336,0.8428277969360352,0.9831291437149048,0.0,25,0.9522086381912231,1.5753788948059082,1.9633897678250247,54.102606960050394,True,3,18,88.0,True,339.3990000000001,2.4479200000000008,0.8678110395647285,True,0.3974358974358974
mol2mol_baseline_0077,mol2mol_baseline,C=CC(=O)N1Cc2cccc(C(=O)Nc3nc(C)cs3)c2C1,C22,0.9633115530014038,0.9633115530014038,0.8266627192497253,1.1939805746078491,0.0,22,0.9550045728683472,1.6509417295455933,1.9843859018346222,63.79289582079218,True,3,16,100.0,True,313.38200000000006,2.7320200000000012,0.8863222832831174,True,0.5142857142857142
mol2mol_baseline_0074,mol2mol_baseline,C=CC(=O)N1Cc2cccc(C(Nc3cnn(C(C)C)c3)C(=O)NCC(C)C)c2C1,C37,0.8282485604286194,0.8282485604286194,0.7841416001319885,1.2872685194015503,0.0,30,3.3010101318359375,4.45782995223999,1.5290237340865565,16.982799492992328,True,2,22,90.0,True,409.5340000000002,3.417600000000002,0.6550256047124093,True,0.40963855421686746
mol2mol_baseline_0078,mol2mol_baseline,C=CC(=O)N1Cc2cccc([C@H](Nc3cnn(C(C)C)c3)C(=O)C3CC3)c2C1,C32,0.8472929000854492,0.8472929000854492,0.799974262714386,1.2702348232269287,0.0,28,2.648832321166992,3.6870527267456055,1.6064895532184453,39.03242450630387,True,1,20,82.14285714285714,True,378.4760000000002,3.624500000000003,0.7474083443761219,True,0.4024390243902439
mol2mol_baseline_0079,mol2mol_baseline,C=CC(=O)N1Cc2c(C(=O)Nc3cncn3C(C)C)c(C)n(Cc3ccccc3)c2C1C=C(C)C,C39,0.9082276821136475,0.9082276821136475,0.8213874697685242,1.0549134016036987,0.0,35,1.2788901329040527,2.3300042152404785,1.9726695006766837,51.975046873624564,True,3,21,65.71428571428571,True,471.6050000000003,5.410020000000006,0.3699090969385353,True,0.26262626262626265
mol2mol_baseline_0080,mol2mol_baseline,C=CC(=O)N1Cc2cccc(C(Nc3cnc(C(C)C)c(C(C)C)c3)C(C)C)c2C1,C39,0.8396892547607422,0.8396892547607422,0.7884771823883057,1.1874257326126099,0.0,30,2.9796218872070312,4.203993320465088,1.9404649894806116,59.75319164785958,True,2,20,63.333333333333336,True,405.58600000000024,6.165800000000006,0.5606529440259445,True,0.48
mol2mol_baseline_0081,mol2mol_baseline,C=CC(=O)N1Cc2cccc(CNc3cn(C(C)C)cn3)c2C1,C26,0.9722340703010559,0.9722340703010559,0.8413134813308716,1.1811827421188354,0.0,23,0.7663511037826538,1.4290471076965332,1.829897324824539,23.96371511694889,True,3,18,95.65217391304348,True,310.40100000000007,3.104300000000001,0.8633975337676107,True,0.47297297297297297
mol2mol_baseline_0082,mol2mol_baseline,C=CC(=O)N1Cc2ccc3c(Nc4cn(C)cn4)ncnc3c2C1,C22,0.9707090258598328,0.9707090258598328,0.838142991065979,1.166027307510376,0.0,24,0.7220281362533569,1.387056827545166,1.7714417480120537,30.13671597518706,True,2,16,79.16666666666667,True,320.3560000000001,2.1350999999999996,0.7482964533972248,True,0.379746835443038
mol2mol_baseline_0083,mol2mol_baseline,C=CC(=O)N1Cc2cccc(C(=O)NC(C=O)CCC)c2C1,C27,0.9095576405525208,0.9095576405525208,0.8184952139854431,1.043576717376709,0.0,22,1.742799997329712,2.6422078609466553,1.7220965299889561,14.788869455278245,True,0,15,77.27272727272727,True,300.3580000000001,1.8121999999999998,0.643423458365985,True,0.5
mol2mol_baseline_0085,mol2mol_baseline,C=CC(=O)N1Cc2ccc(C)c(C(=O)Nc3ccn(C(C)C)n3)c2C1,C28,0.754284143447876,0.754284143447876,0.7712504267692566,1.2956092357635498,0.0,25,4.4088311195373535,6.272920608520508,1.96820694542012,46.80033966212068,True,1,19,92.0,True,338.4110000000001,3.052920000000001,0.8714043386848063,True,0.44594594594594594
mol2mol_baseline_0084,mol2mol_baseline,C=CC(=O)N1Cc2cccc(C(=O)N(CC)c3cccc(C(C)C)c3)c2C1,C31,0.8798410892486572,0.8798410892486572,0.7895843386650085,1.2238495349884033,0.0,27,2.2387828826904297,3.495955467224121,1.6057693682780207,32.927498892689215,True,1,22,77.77777777777777,True,362.4730000000001,4.504900000000004,0.7346810840451522,True,0.4533333333333333
mol2mol_baseline_0086,mol2mol_baseline,C=CC(=O)N1Cc2c(C(=O)Nc3cccnc3)cn(C(C)C)c2C1,C26,0.9308297038078308,0.9308297038078308,0.8385054469108582,0.9848755598068237,0.0,24,1.1170061826705933,2.002932548522949,1.9596840968635745,37.92513164192542,True,2,18,87.5,True,324.3840000000001,2.7445000000000013,0.8794439335696442,True,0.4155844155844156
mol2mol_baseline_0087,mol2mol_baseline,C=CC(=O)N1Cc2cccc(C(=O)Nc3cnn(C)c3)c2C1,C22,0.9412104487419128,0.9412104487419128,0.8397595286369324,0.8486559391021729,0.0,22,1.1936167478561401,1.8754827976226807,1.9497758463218284,35.606476112220804,True,2,16,86.36363636363636,True,296.33000000000004,1.7006,0.8766533781081279,True,0.625
mol2mol_baseline_0089,mol2mol_baseline,C=CC(=O)N1Cc2cccc(C(=O)N[C@H](C)c3c[nH]cn3)c2C1,C24,0.9211369156837463,0.9211369156837463,0.8369812369346619,1.0766137838363647,0.0,23,1.5549046993255615,2.346161127090454,1.9565276295007938,36.877878390424655,True,4,17,95.65217391304348,True,310.357,1.9288999999999998,0.8470554889126503,True,0.5352112676056338
mol2mol_baseline_0088,mol2mol_baseline,C=CC(=O)N1Cc2cccc(C(=O)N[C@@H](C)c3cn(C(C)C)cn3)c2C1,C30,0.9203500747680664,0.9203500747680664,0.8371297121047974,1.05672025680542,0.0,26,1.4255142211914062,2.4255211353302,1.8825965690768685,18.48816700392939,True,1,20,92.3076923076923,True,352.4380000000001,2.983200000000001,0.8413999806396819,True,0.5277777777777778
mol2mol_baseline_0090,mol2mol_baseline,C=CC(=O)N1Cc2cccc(C)c2C1Nc1cn(C(C)C)cn1,C26,0.9346632957458496,0.9346632957458496,0.8261071443557739,1.2365927696228027,0.0,23,1.2816613912582397,2.1049726009368896,1.5186855319321373,43.249868996203645,True,2,18,91.30434782608695,True,310.40100000000007,3.4113200000000017,0.880479266593536,True,0.345679012345679
mol2mol_baseline_0091,mol2mol_baseline,C=CC(=O)N(Cc1ccccc1)C(=O)c1c[nH]c(C(C)C)n1,C25,0.7517904043197632,0.7517904043197632,0.7674776315689087,1.2899950742721558,0.0,22,4.39341402053833,5.6656012535095215,1.4965932208185373,52.96445863626934,True,0,17,95.45454545454545,True,297.35800000000006,2.8881000000000014,0.8629283348051381,True,0.20238095238095238
mol2mol_baseline_0092,mol2mol_baseline,C=CC(=O)N1Cc2cccc(C(=O)N3CC(C)N(C(=O)c4cncn4C(C)C)C3)c2C1,C35,0.8814980983734131,0.8814980983734131,0.8156445622444153,1.2372465133666992,0.0,31,1.4832701683044434,2.5856282711029053,1.9301203047996767,29.791995552310283,True,1,23,90.3225806451613,True,421.5010000000002,2.436400000000001,0.7106483098840115,True,0.4146341463414634
mol2mol_baseline_0093,mol2mol_baseline,C=CC(=O)N1Cc2cccc([C@H](NC(=O)c3ccn(C(C)C)n3)c3cccc(C(C)C)c3)c2C1,C38,0.7493447661399841,0.7493447661399841,0.7798129916191101,1.0884723663330078,0.0,34,4.384828090667725,5.995903968811035,1.9682368411093214,38.72396757735828,True,1,26,82.3529411764706,True,456.59000000000026,5.135000000000004,0.5010416987792373,True,0.40963855421686746
mol2mol_baseline_0094,mol2mol_baseline,C=CC(=O)N1Cc2[nH]c(C)c(C(=O)Nc3ccn(C(C)C)n3)c2C1,C27,0.9216541647911072,0.9216541647911072,0.8142580986022949,1.1980212926864624,0.0,24,1.5630865097045898,2.5375494956970215,1.415439456176065,14.078307400715516,True,2,17,95.83333333333333,True,327.38800000000015,2.3810200000000004,0.8458463734765402,True,0.39473684210526316
mol2mol_baseline_0095,mol2mol_baseline,C=CC(=O)N1Cc2cccc(C(=O)N[C@@H](C)C(=O)OC)c2C1,C26,0.8925393223762512,0.8925393223762512,0.796177864074707,0.99420565366745,0.0,22,2.158627986907959,2.9301133155822754,1.7092925297619483,46.52633753662971,True,2,16,100.0,True,302.3300000000001,1.0060999999999998,0.6649958595585267,True,0.5223880597014925
mol2mol_baseline_0097,mol2mol_baseline,C=CCn1cc(C(=O)Nc2cnn(C(C)C)c2)c2c1CN(C(=O)C=C)C2,C29,0.8790801763534546,0.8790801763534546,0.808839738368988,1.2257318496704102,0.0,26,2.0609426498413086,3.2477355003356934,1.7005450988139057,48.42032833872193,True,2,19,88.46153846153847,True,353.4260000000002,2.732000000000001,0.6410293858083473,True,0.3875
mol2mol_baseline_0096,mol2mol_baseline,C=CC(=O)N1Cc2c(C(=O)Nc3ccc(C(C)=O)cn3)cn(C(C)C)c2C1,C30,0.8632116317749023,0.8632116317749023,0.8092922568321228,1.2813496589660645,0.0,27,2.1587443351745605,3.184690475463867,1.757513745977536,38.78747433581239,True,2,17,85.18518518518519,True,366.4210000000001,2.9471000000000016,0.6512563154642526,True,0.4605263157894737
mol2mol_baseline_0098,mol2mol_baseline,C=CC(=O)N1Cc2c(C(=O)Nc3cn(C(C)C)nn3)c(C)n(C(C)C)c2C1,C33,0.9367038011550903,0.9367038011550903,0.84577476978302,0.9300050735473633,0.0,27,1.2445247173309326,1.977918267250061,1.934266561826474,51.23047080802024,True,3,19,85.18518518518519,True,370.45700000000016,2.8303200000000013,0.8203300377358564,True,0.3625
mol2mol_baseline_0099,mol2mol_baseline,C=CC(=O)N1Cc2cnc(C)c(C(=O)Nc3cncn3C3CCCC3)c2C1,C30,0.9645044803619385,0.9645044803619385,0.8427159190177917,1.1754658222198486,0.0,27,0.8464271426200867,1.5471715927124023,1.6307920941983995,17.075608656403517,True,4,19,85.18518518518519,True,365.43700000000024,2.982120000000001,0.8449114912335478,True,0.3333333333333333
mol2mol_baseline_0100,mol2mol_baseline,C=CC(=O)N1Cc2cccc(CN3CCN(C(=O)c4cn(C(C)C)cn4)CC3)c2C1,C35,0.8714232444763184,0.8714232444763184,0.8033434152603149,0.9112765789031982,0.0,30,2.378864288330078,3.5259079933166504,1.3637521045629966,49.105809169067896,True,4,23,100.0,True,407.5180000000002,2.4502000000000006,0.7146272943822177,True,0.4125
mol2mol_baseline_0102,mol2mol_baseline,C=CC(=O)N1Cc2cccc(C(=O)Nc3cnccn3)c2C1,C21,0.9783933162689209,0.9783933162689209,0.8347455859184265,1.171630859375,0.0,22,0.7350444793701172,1.3363502025604248,1.424885537192376,22.513743609328998,True,4,16,95.45454545454545,True,294.3140000000001,1.7570999999999999,0.8752024869238412,True,0.625
mol2mol_baseline_0101,mol2mol_baseline,C=CC(=O)N1Cc2cccc(C(=O)Nc3cc(C(C)C)nn3C(C)C)c2C1,C32,0.9174678325653076,0.9174678325653076,0.805270791053772,1.1460996866226196,0.0,27,1.740179419517517,2.530690908432007,1.8330111224430696,31.47713024151051,True,1,21,77.77777777777777,True,366.46500000000015,3.8679000000000032,0.8170525438694612,True,0.5797101449275363
mol2mol_baseline_0103,mol2mol_baseline,C=CC(=O)N1Cc2c(C(=O)Nc3cc(-c4ccccc4)no3)c3ccccc3n2C1,C25,0.9109899997711182,0.9109899997711182,0.8174325823783875,1.04884934425354,0.0,30,1.7323031425476074,2.59725022315979,1.5824237861268384,41.40542293945296,True,4,23,93.33333333333333,True,398.42200000000014,4.034300000000003,0.5264161029650908,True,0.25555555555555554
mol2mol_baseline_0105,mol2mol_baseline,C=CC(=O)N1Cc2cccc(CNc3ccn(C(C)C)n3)c2C[C@H]1C(=O)O,C31,0.8145136833190918,0.8145136833190918,0.770751953125,1.2584694623947144,0.0,27,3.3779618740081787,4.81702995300293,1.6866994716901993,38.3280350788547,True,3,20,88.88888888888889,True,368.4370000000001,2.6000000000000005,0.7654989603445096,True,0.3372093023255814
mol2mol_baseline_0104,mol2mol_baseline,C=CC(=O)N1Cc2cccc(CNc3ncn(C(C)C)n3)c2Cc2cccc(C(C)C)c21,C36,0.957384467124939,0.957384467124939,0.8373934030532837,1.1492760181427002,0.0,32,0.8852211236953735,1.7012029886245728,1.1066223613319945,0.5993777419452329,True,3,25,81.25,True,429.5680000000002,5.217900000000005,0.5459729330460146,True,0.3448275862068966
mol2mol_baseline_0106,mol2mol_baseline,C=CC(=O)N1Cc2cccc(C(=O)Nc3cn([C@H]4C[C@@H]4COC(C)=O)cn3)c2C1,C31,0.9696211218833923,0.9696211218833923,0.8544807434082031,1.1266297101974487,0.0,29,0.7028450965881348,1.392645001411438,1.9822789443970796,54.58030382860366,True,5,21,86.20689655172414,True,394.4310000000002,2.2877,0.5993360371690672,True,0.5189873417721519
mol2mol_baseline_0107,mol2mol_baseline,C=CC(=O)N1Cc2cccc(C(Nc3ncn(C(C)C)n3)C(C)C)c2C1,C32,0.9536969065666199,0.9536969065666199,0.8404144644737244,1.1178327798843384,0.0,26,0.871240496635437,1.6767197847366333,1.4227181388103554,16.240101751835326,True,2,20,88.46153846153847,True,353.47000000000014,3.6964000000000024,0.8045425788641218,True,0.42857142857142855
mol2mol_baseline_0108,mol2mol_baseline,C=CC(=O)N1Cc2ccc(C(=O)Nc3cn(C4CCC4)cn3)cc2C1,C26,0.9693397879600525,0.9693397879600525,0.8381690382957458,1.098824381828308,0.0,25,0.7456580400466919,1.428247332572937,1.8721038685126423,2.8165259548220263,True,2,18,92.0,True,336.3950000000001,2.888600000000001,0.8731334007300509,True,0.35443037974683544
mol2mol_baseline_0109,mol2mol_baseline,C=CC(=O)N1Cc2cccc(C(C)Nc3cn(C(C)C)nn3)c2C1,C28,0.9278128147125244,0.9278128147125244,0.8383793234825134,0.8742378950119019,0.0,24,1.429866075515747,2.173802137374878,1.5510951433745137,28.689226133745308,True,2,18,79.16666666666667,True,325.4160000000001,3.0603000000000016,0.8582961981039159,True,0.44
mol2mol_baseline_0110,mol2mol_baseline,C=CC(=O)N1Cc2cccc(C(=O)Nc3cnn(CC(C)C)c3)c2C1,C28,0.9282941818237305,0.9282941818237305,0.8238256573677063,1.1105446815490723,0.0,25,1.4279272556304932,2.250131845474243,1.862556965276497,48.7554734376026,True,3,19,92.0,True,338.4110000000001,2.819600000000001,0.8525992396075134,True,0.5857142857142857
mol2mol_baseline_0111,mol2mol_baseline,C=CC(=O)N1Cc2cccc(C(N)=O)c2C(=O)Nc2ncn(C(C)C)c21,C27,0.9437057375907898,0.9437057375907898,0.8316444754600525,1.0744273662567139,0.0,26,1.2183773517608643,1.9457697868347168,1.95361129393746,64.43153268978182,True,1,18,84.61538461538461,True,353.38200000000006,1.8478,0.820402072468791,True,0.3333333333333333
mol2mol_baseline_0113,mol2mol_baseline,C=CC(=O)N1Cc2ccc(C(=O)Nc3cnn(C(C)C)c3)cc2C1,C26,0.8766457438468933,0.8766457438468933,0.7905012965202332,1.1846674680709839,0.0,24,2.1060056686401367,3.082096815109253,1.4462024720280335,39.299474838047814,True,2,18,95.83333333333333,True,324.38400000000007,2.7445000000000013,0.8794439335696442,True,0.3815789473684211
mol2mol_baseline_0114,mol2mol_baseline,C=CC(=O)N1Cc2c(ccc(Cl)c2Cl)C1C(=O)Nc1cn(C(C)C)cn1,C26,0.9339987635612488,0.9339987635612488,0.811505913734436,1.194826364517212,0.0,26,1.363515853881836,2.258786678314209,1.8256242929200959,3.987306235650408,True,2,18,96.15384615384616,True,393.2740000000001,3.9788000000000023,0.7995344166254249,True,0.3023255813953488
mol2mol_baseline_0115,mol2mol_baseline,C=CC(=O)N1Cc2cccc([C@@H](Nc3cc(C)no3)C(C)C)c2C1,C28,0.9358483552932739,0.9358483552932739,0.8237856030464172,1.1847255229949951,0.0,24,1.1640318632125854,2.031931161880493,1.335268138015732,21.4566190271411,True,3,18,91.66666666666667,True,325.41200000000015,3.820420000000003,0.849107590165912,True,0.3974358974358974
mol2mol_baseline_0112,mol2mol_baseline,C=C=C[C@@H]1Cc2cccc(C(=O)Nc3cnn(C(C)(C)C)c3)c2CN1C(=O)C=C,C35,0.9466069936752319,0.9466069936752319,0.8164531588554382,1.313590407371521,0.0,29,1.2905465364456177,1.9483466148376465,1.6862648283410278,38.04149125412786,True,2,23,79.3103448275862,True,390.4870000000002,3.6708000000000025,0.6397779965236705,True,0.37209302325581395
mol2mol_baseline_0116,mol2mol_baseline,C=CC(=O)N1Cc2cccc(C(=O)Nc3cc(C(C)C)n(C)n3)c2C1,C28,0.9743025302886963,0.9743025302886963,0.8451616168022156,1.1599231958389282,0.0,25,0.7814654111862183,1.4094616174697876,1.9754952614724248,42.47111155376308,True,4,19,96.0,True,338.4110000000001,2.8240000000000007,0.8718427504727716,True,0.6515151515151515
mol2mol_baseline_0117,mol2mol_baseline,C=CC(=O)N1Cc2cccc(C(=O)N[C@H](C)c3cn(C(C)C)cn3)c2C1,C30,0.9353029727935791,0.9353029727935791,0.8338630795478821,1.1156913042068481,0.0,26,1.336421251296997,2.157623291015625,1.8506642819809347,21.56596751129925,True,1,20,96.15384615384616,True,352.4380000000001,2.983200000000001,0.8413999806396819,True,0.5277777777777778
mol2mol_baseline_0118,mol2mol_baseline,C=CC(=O)N1Cc2cccc(C(=O)Nc3cnn(-c4ccccc4)c3)c2C1,C24,0.8870339393615723,0.8870339393615723,0.8054342269897461,1.1558560132980347,0.0,27,2.226748466491699,3.1755881309509277,1.9576259362043613,36.81062615449312,True,2,21,96.29629629629629,True,358.40100000000007,3.152800000000002,0.728721062427814,True,0.5211267605633803
mol2mol_baseline_0119,mol2mol_baseline,C=CC(=O)N1Cc2cccc(C(=O)Nc3cnn(C(C)C)n3)c2C1,C26,0.8743699193000793,0.8743699193000793,0.802737832069397,0.9554435610771179,0.0,24,2.2250640392303467,2.987973690032959,1.963117971467841,45.68143069720884,True,0,15,66.66666666666667,True,325.3720000000001,2.1395,0.8734648517703988,True,0.6363636363636364
mol2mol_baseline_0121,mol2mol_baseline,C=CC(=O)N1Cc2cccc(C(Nc3ccn(C(C)C)n3)C(=O)O)c2C1,C29,0.9058747887611389,0.9058747887611389,0.8206595778465271,0.7064645886421204,0.0,26,2.0317842960357666,2.9445865154266357,1.9733088583898881,54.18693129064971,True,2,18,88.46153846153847,True,354.41000000000014,2.7300000000000004,0.77901818605021,True,0.42857142857142855
mol2mol_baseline_0123,mol2mol_baseline,C=CC(=O)N1Cc2cccc(C(Nc3ccn(C(C)C)n3)C(=O)C(F)(F)F)c2C1,C30,0.9302036166191101,0.9302036166191101,0.8277732133865356,0.954475998878479,0.0,29,1.4249635934829712,2.282919406890869,1.945131445327025,32.65687409132795,True,2,20,89.65517241379311,True,406.40800000000013,3.7768000000000024,0.7418505291758446,True,0.4074074074074074
mol2mol_baseline_0122,mol2mol_baseline,C=CC(=O)N1Cc2cccc(C(=O)Nc3cc(C(C)C)nn3CC)c2C1,C30,0.8254156708717346,0.8254156708717346,0.7944843769073486,1.2393136024475098,0.0,26,3.55298113822937,4.6290106773376465,1.7259868939537153,37.70537940121636,True,1,20,88.46153846153847,True,352.43800000000016,3.3069000000000024,0.8396818047073472,True,0.5942028985507246
mol2mol_baseline_0120,mol2mol_baseline,C=CC(=O)N1Cc2cccc(C(Nc3cnn(C(C)(C)C)c3)C(=O)C3CC3)c2C1,C34,0.903194010257721,0.903194010257721,0.8247432112693787,1.2070447206497192,0.0,29,1.7220022678375244,2.7454001903533936,1.8445907011312825,18.992707532597194,True,2,21,89.65517241379311,True,392.50300000000027,3.798600000000003,0.7595899068176769,True,0.38095238095238093
mol2mol_baseline_0124,mol2mol_baseline,C=CC(=O)N1Cc2cccc(C(=O)Nc3nc4cc(C)ccc4[nH]3)c2C1,C24,0.9365445971488953,0.9365445971488953,0.8258283734321594,1.2603765726089478,0.0,26,1.3735122680664062,2.0600533485412598,1.9655492149778406,50.44664792124581,True,5,20,96.15384615384616,True,346.3900000000001,3.1518200000000007,0.715250916726642,True,0.47368421052631576
mol2mol_baseline_0125,mol2mol_baseline,C=CC(=O)N1Cc2ccc(C(=O)Nc3ccc(C(C)C)cc3)cc2C1,C27,0.8829531669616699,0.8829531669616699,0.7916499972343445,1.2996976375579834,0.0,25,2.26238751411438,3.5162408351898193,1.591928503733757,32.64802446932447,True,0,18,68.0,True,334.4190000000001,4.090500000000003,0.8562467086813526,True,0.3698630136986301
mol2mol_baseline_0126,mol2mol_baseline,C=CC(=O)N1Cc2cccc(C(=O)Nc3cn(C(C)C)cn3)c2Cc2c(C(=O)O)cccc21,C33,0.9268909096717834,0.9268909096717834,0.8314620852470398,1.176425814628601,0.0,33,1.268611192703247,2.243056535720825,1.9506106262911622,43.979445122207125,True,4,25,93.93939393939394,True,444.4910000000002,4.037900000000002,0.5782060730524056,True,0.4444444444444444
mol2mol_baseline_0127,mol2mol_baseline,C=CC(=O)N1Cc2c(OC)cccc2C1C(=O)Nc1ccc(C(C)C)c(NC(=O)C2CC2)c1,C37,0.7650272250175476,0.7650272250175476,0.7578000426292419,1.361525535583496,0.0,33,3.7779836654663086,5.516245365142822,1.8822111431505242,12.0885285871002,True,3,26,93.93939393939394,True,447.53500000000025,4.375100000000002,0.6170324567890337,True,0.25263157894736843
mol2mol_baseline_0130,mol2mol_baseline,C=CC(=O)N1Cc2cccc(C(=O)Nc3cn[nH]c3)c2C[C@H]1C,C24,0.9179222583770752,0.9179222583770752,0.8241168856620789,1.24612557888031,0.0,23,1.346644639968872,2.358325958251953,1.9743741149792264,66.564927818853,True,2,17,82.6086956521739,True,310.3570000000001,2.1212,0.8524505336884202,True,0.3924050632911392
mol2mol_baseline_0129,mol2mol_baseline,C=CC(=O)N1Cc2cccc(C(=O)Nc3cc(C(C)C)n[nH]3)c2C1,C26,0.9785048365592957,0.9785048365592957,0.844684898853302,1.1369258165359497,0.0,24,0.706100583076477,1.349729061126709,1.6249561611625107,50.237430924374195,True,5,18,95.83333333333333,True,324.38400000000007,2.813600000000001,0.8489635346300213,True,0.5652173913043478
mol2mol_baseline_0131,mol2mol_baseline,C=CC(=O)N1Cc2cccc(CNc3cnn(C(C)C)c3)c2C1,C26,0.9190196394920349,0.9190196394920349,0.813936173915863,1.2100096940994263,0.0,23,1.7128229141235352,2.452329397201538,1.956397698347654,39.80448085340322,True,2,18,91.30434782608695,True,310.40100000000007,3.104300000000001,0.8633975337676107,True,0.4533333333333333
mol2mol_baseline_0128,mol2mol_baseline,C=CC(=O)N1C(=O)c2cccc(C(=O)Nc3cn(C(C)C)cn3)c2C[C@H]1C,C30,0.9492265582084656,0.9492265582084656,0.8215973973274231,1.207851529121399,0.0,27,1.010021686553955,1.8099039793014526,1.6750793287483423,9.753440782869774,True,3,20,92.5925925925926,True,366.42100000000016,2.8157000000000014,0.8435092842129887,True,0.3902439024390244
mol2mol_baseline_0133,mol2mol_baseline,C=CC(=O)N1Cc2cccc(C(=O)Nc3cnc(C)cn3)c2C1,C23,0.9699852466583252,0.9699852466583252,0.8358926773071289,1.2339510917663574,0.0,23,0.8535413146018982,1.5213266611099243,1.3576448261603615,38.86232406224491,True,3,17,100.0,True,308.34100000000007,2.06552,0.8807803789001415,True,0.7049180327868853
mol2mol_baseline_0134,mol2mol_baseline,C=CC(=O)N1Cc2cccc(Cc3cn(C(C)C)nn3)c2C1,C25,0.960181713104248,0.960181713104248,0.8363049626350403,0.915560245513916,0.0,22,0.9641812443733215,1.6063880920410156,1.9405796015366128,68.60604234123116,True,1,17,90.9090909090909,True,296.374,2.4780000000000006,0.8144790946649052,True,0.43243243243243246
mol2mol_baseline_0132,mol2mol_baseline,C=CC(=O)N1Cc2cccc(C(=O)Nc3cn(C(C)C)nn3)c2Cc2c1cc(OC)n2C(C)C,C38,0.8903359174728394,0.8903359174728394,0.8017281889915466,1.1682080030441284,0.0,34,1.7264156341552734,2.982980251312256,1.8723136567359655,22.032149058180295,True,2,24,82.3529411764706,True,462.55400000000026,4.125700000000004,0.5561872280301924,True,0.39325842696629215
mol2mol_baseline_0135,mol2mol_baseline,C=CC(=O)N1Cc2cc(C(=O)Nc3cnn(C4CCN(C(C)=O)CC4)c3)c3ccccc3c2C1,C35,0.889735996723175,0.889735996723175,0.8114530444145203,1.2632232904434204,0.0,34,1.635892629623413,2.7262256145477295,1.949879208310094,24.060457963656546,True,4,20,70.58823529411765,True,457.53400000000033,3.500200000000002,0.6077270517094924,True,0.37209302325581395
mol2mol_baseline_0139,mol2mol_baseline,C=CC(=O)N1Cc2cccc([C@@H](C)C(=O)O)c2C1,C21,0.7870804071426392,0.7870804071426392,0.7837206721305847,1.3519299030303955,0.0,18,3.8867883682250977,5.561650276184082,1.5150881673024832,55.324790339064435,True,1,13,77.77777777777777,True,245.27799999999996,1.9028999999999998,0.8273680510028616,True,0.4393939393939394
mol2mol_baseline_0137,mol2mol_baseline,C=CC(=O)N1Cc2ccc(C)c(C(=O)Nc3ncccn3)c2C1,C23,0.9563076496124268,0.9563076496124268,0.8319792151451111,1.15105140209198,0.0,23,1.0544968843460083,1.7197433710098267,1.811524341266216,42.29256220500483,True,2,17,100.0,True,308.34100000000007,2.06552,0.8807803789001415,True,0.4225352112676056
mol2mol_baseline_0136,mol2mol_baseline,C#C[C@@H]1Cc2cc(C(=O)Nc3ccn(CC(=O)OC)n3)ccc2CN1C(=O)C=C,C31,0.8805854320526123,0.8805854320526123,0.8075620532035828,1.2762786149978638,0.0,29,1.9114151000976562,2.949263095855713,1.8737364293304437,11.158537401000544,True,2,21,100.0,True,392.41500000000013,1.3808999999999998,0.47142401973374043,True,0.27956989247311825
mol2mol_baseline_0138,mol2mol_baseline,C=CC(=O)N(Cc1ccccc1)Cc1cn(C)cc1C(=O)N[C@@H](C)c1ccccc1,C32,0.8249419927597046,0.8249419927597046,0.7800483107566833,1.290387511253357,0.0,30,3.5605106353759766,4.494391441345215,1.9770428497379624,66.19237283232803,True,2,21,86.66666666666667,True,401.5100000000001,4.230900000000004,0.5744553313478847,True,0.24705882352941178
mol2mol_baseline_0140,mol2mol_baseline,C=CC(=O)N1Cc2ccc(C(=O)Nc3ncn(C(C)C)n3)cc2C1,C26,0.9643797278404236,0.9643797278404236,0.833964467048645,1.1937192678451538,0.0,24,0.8384692668914795,1.5041117668151855,1.9193650894501553,10.949437033077032,True,2,17,83.33333333333333,True,325.37200000000007,2.1395,0.8734648517703988,True,0.3815789473684211
mol2mol_baseline_0141,mol2mol_baseline,C=CC(=O)N1Cc2cccc(C(Nc3ncn(C(C)C)n3)C(C)(C)C)c2C1,C34,0.9516642093658447,0.9516642093658447,0.841068685054779,1.1334705352783203,0.0,27,0.9069604873657227,1.7134010791778564,1.3930325378109436,39.13214061829123,True,2,21,81.48148148148148,True,367.4970000000002,4.086500000000004,0.8087802264170177,True,0.4230769230769231
P5-1v2_base_0000,P5-1v2_base,C=CC(=O)N1Cc2cccc(C(=O)Nc3cn([C@H](C)O[C@H](C)C(C)(C)C)cn3)c2C1,C37,0.9437220096588135,0.9437220096588135,0.827779233455658,1.2832608222961426,0.0,30,1.079781174659729,1.952912449836731,1.9581307871794476,57.023092527410995,True,4,21,93.33333333333333,True,410.5180000000002,4.133300000000004,0.7265887468040834,True,0.56
P5-1v2_base_0001,P5-1v2_base,C=CC(=O)N1Cc2cccc(C(=O)Nc3cn(C(C)C)nn3)c2C1,C26,0.9655660390853882,0.9655660390853882,0.8336181044578552,1.076111912727356,0.0,24,0.897324800491333,1.5926417112350464,1.3853156410363647,42.38489666216472,True,5,17,95.83333333333333,True,325.37200000000007,2.1395,0.8734648517703988,True,0.6119402985074627
P5-1v2_base_0003,P5-1v2_base,C=CC(=O)N1Cc2cccc(C(=O)Nc3cn(C(C)C)cn3)c2C1,C26,0.9796882271766663,0.9796882271766663,0.8398898243904114,1.0631968975067139,0.0,24,0.6825689077377319,1.303837537765503,1.9428470983070152,39.139866547848925,True,3,18,100.0,True,324.38400000000007,2.7445000000000013,0.8794439335696442,True,0.6363636363636364
P5-1v2_base_0002,P5-1v2_base,C=CC(=O)N1Cc2cccc(C(=O)Nc3cn([C@H]4CC[C@H](N)CC4)cn3)c2C1,C31,0.96906977891922,0.96906977891922,0.8326424956321716,1.1769788265228271,0.0,28,0.8131452798843384,1.5167874097824097,1.987392598079201,7.750960050849912,True,4,21,96.42857142857143,True,379.4640000000002,2.6060000000000008,0.7987707909721877,True,0.527027027027027
P5-1v2_base_0004,P5-1v2_base,C=CC(=O)N1Cc2cccc(C(=O)Nc3cn(C(C)C)nc3[C@H](O)[C@H](F)CO)c2C1,C34,0.8466880917549133,0.8466880917549133,0.7820603847503662,1.2366496324539185,0.0,30,2.8092188835144043,3.9075896739959717,1.7173989783972716,21.176755705879913,True,2,21,90.0,True,416.45300000000015,2.1083,0.5994585606409353,True,0.5454545454545454
P5-1v2_base_0005,P5-1v2_base,C=CC(=O)N1Cc2cccc(C(=O)Nc3cn(C(C)(C)C)cn3)c2C1,C28,0.9708266854286194,0.9708266854286194,0.8267883658409119,1.2300896644592285,0.0,25,0.8384971022605896,1.5505304336547852,1.9309167701897458,16.608909358849715,True,4,19,100.0,True,338.4110000000001,2.9186000000000014,0.8751557260148265,True,0.5882352941176471
P5-1v2_base_0006,P5-1v2_base,C=CC(=O)Nc1cncc(C(=O)Nc2cn(C(C)C)cn2)c1,C24,0.9568538069725037,0.9568538069725037,0.8387101292610168,1.0085474252700806,0.0,22,0.8771317005157471,1.6126997470855713,1.793886034674442,42.963622408063145,True,3,15,95.45454545454545,True,299.334,2.2358000000000002,0.8285687423831178,True,0.2716049382716049
P5-1v2_base_0007,P5-1v2_base,C=CC(=O)N1CCc2cccc(C(=O)Nc3cnn(C(=O)N(C)C(C)C)c3)c2C1,C33,0.8251746892929077,0.8251746892929077,0.7893062829971313,1.2535473108291626,0.0,29,2.9505014419555664,4.258660316467285,1.6563218790138572,64.32614198420092,True,1,20,72.41379310344827,True,395.4630000000002,2.5144,0.8060867176469738,True,0.46835443037974683
P5-1v2_base_0008,P5-1v2_base,C=CC(=O)N1Cc2cccc(C(=O)Nc3cn([C@H](C)C(C)=O)cn3)c2C1,C28,0.9699973464012146,0.9699973464012146,0.8411040306091309,1.2552987337112427,0.0,26,0.7999857068061829,1.5063817501068115,1.955251824625156,60.89533301215849,True,3,19,96.15384615384616,True,352.3940000000001,2.3136,0.8371175483805501,True,0.6086956521739131
P5-1v2_base_0009,P5-1v2_base,C=CC(=O)N1Cc2cccc([C@@H](O)Nc3cnn(C(C)C)c3)c2C1,C27,0.9271230101585388,0.9271230101585388,0.8187671899795532,1.0403748750686646,0.0,24,1.5136908292770386,2.2648096084594727,1.9671956243088786,47.471844306393706,True,3,18,95.83333333333333,True,326.40000000000015,2.5952,0.6543777563546329,True,0.4342105263157895
P5-1v2_base_0010,P5-1v2_base,C=CC(=O)N1Cc2cccc(C(=O)Nc3cncc(C(C)C)c3)c2C1,C27,0.9488341808319092,0.9488341808319092,0.8416911959648132,0.9070766568183899,0.0,25,1.0097852945327759,1.7451937198638916,1.941739343604079,33.08864049296358,True,3,20,92.0,True,335.4070000000001,3.4855000000000027,0.8701696546744794,True,0.5797101449275363
P5-1v2_base_0011,P5-1v2_base,C=CC(=O)N1Cc2cccc(C(=O)Nc3cn(C(=O)C(C)C)cn3)c2C1,C28,0.9783685207366943,0.9783685207366943,0.847965657711029,1.218549132347107,0.0,26,0.6803725361824036,1.351537823677063,1.8122448622081944,6.406914594980336,True,4,19,92.3076923076923,True,352.3940000000001,2.4598000000000004,0.8568564292795802,True,0.6176470588235294
P5-1v2_base_0013,P5-1v2_base,C=CC(=O)N1Cc2cccc(C3(C)CC(=O)N(c4cc(C(C)=O)[nH]n4)C3)c2C1,C30,0.9168308973312378,0.9168308973312378,0.8177031874656677,1.2358828783035278,0.0,28,1.5350208282470703,2.3557560443878174,1.7980232766847046,30.78248261334562,True,3,21,92.85714285714286,True,378.43200000000013,2.3351000000000006,0.6535089546858356,True,0.3333333333333333
P5-1v2_base_0014,P5-1v2_base,C=CC(=O)N1Cc2ccccc2C1C(=O)Nc1cn(C(C)C(C)(C)C)cn1,C32,0.9234866499900818,0.9234866499900818,0.81226646900177,1.254945158958435,0.0,27,1.4136382341384888,2.488738536834717,1.5716672605866677,8.533117972023135,True,2,20,92.5925925925926,True,366.46500000000015,3.6982000000000026,0.8392031571416444,True,0.3176470588235294
P5-1v2_base_0012,P5-1v2_base,C=CC(=O)N1Cc2cccc(C(=O)c3cc4c(OC(C)C(C)=O)ncc(C(=O)NO)n4c3)c2C1,C34,0.8770899176597595,0.8770899176597595,0.8180546164512634,1.2140377759933472,0.0,34,1.9709078073501587,3.0476768016815186,1.9677500714521645,55.78897054580935,True,5,23,82.3529411764706,True,462.4620000000002,2.0687999999999995,0.2378800477208644,True,0.4418604651162791
P5-1v2_base_0015,P5-1v2_base,C=CC(=O)N1Cc2cccc(C(=O)Nc3cnc(C(=O)Nc4ccccn4)nc3)c2C1,C28,0.8818475008010864,0.8818475008010864,0.8084689974784851,1.1973216533660889,0.0,31,1.653904914855957,2.785325050354004,1.5827566068413688,36.91870010426575,True,2,21,93.54838709677419,True,414.4250000000001,2.4044,0.6193793495250088,True,0.5492957746478874
P5-1v2_base_0016,P5-1v2_base,C=CC(=O)N1Cc2c(C(=O)Nc3ccc(N4CC(CC)C4)cn3)cccc2C1=O,C30,0.9208989143371582,0.9208989143371582,0.8374811410903931,1.2024521827697754,0.0,29,1.5173559188842773,2.220151901245117,1.5076667710074387,0.30439406232909505,True,1,18,75.86206896551724,True,390.44300000000015,2.8485000000000014,0.7941182978265867,True,0.39285714285714285
P5-1v2_base_0017,P5-1v2_base,C=CC(=O)N1Cc2cccc(C(=O)N(CC)n3cnc(C(C)C)c3)c2C1,C30,0.9019454717636108,0.9019454717636108,0.8110559582710266,1.2326105833053589,0.0,26,1.9039673805236816,2.828918695449829,1.5872964921211152,31.8808326789389,True,0,20,73.07692307692308,True,352.4380000000001,2.833000000000001,0.7776763322409336,True,0.5
P5-1v2_base_0018,P5-1v2_base,C=CC(=O)N1Cc2cccc(C(=O)Nc3cn(C)cn3)c2C1,C22,0.9781184792518616,0.9781184792518616,0.8324925303459167,1.2592716217041016,0.0,22,0.7133992314338684,1.349883794784546,1.6161718911675196,41.98500707492332,True,4,16,100.0,True,296.33000000000004,1.7006,0.8766533781081279,True,0.640625
P5-1v2_base_0019,P5-1v2_base,C=CC(=O)N1Cc2cccc(C(=O)Nc3cn(C4(C(=O)Nc5ccc(OC)cn5)CC4)cn3)c2C1,C34,0.9486179947853088,0.9486179947853088,0.8313490748405457,1.0935574769973755,0.0,35,1.0223571062088013,1.8099321126937866,1.7643566487816453,38.66615189903868,True,5,24,94.28571428571429,True,472.5050000000003,2.6950000000000003,0.5106727496055363,True,0.5185185185185185
P5-1v2_base_0022,P5-1v2_base,C=CC(=O)N1Cc2cccc(C(=O)Nc3ccn(C(C)C)n3)c2C1,C26,0.886480450630188,0.886480450630188,0.8109948039054871,1.2380733489990234,0.0,24,2.1051692962646484,3.0144803524017334,1.9630360888684664,46.201760128709225,True,4,18,91.66666666666667,True,324.3840000000001,2.7445000000000013,0.8794439335696442,True,0.6212121212121212
P5-1v2_base_0020,P5-1v2_base,C=CC(=O)N1Cc2cccc(C(=O)Nc3cnc(C(C)(C)c4cnccn4)cn3)c2C1,C31,0.9241243600845337,0.9241243600845337,0.8083991408348083,0.9842422008514404,0.0,31,1.4950323104858398,2.2521121501922607,1.8391595516974586,29.280241090809454,True,2,23,93.54838709677419,True,414.46900000000016,2.873000000000001,0.644487833664903,True,0.6056338028169014
P5-1v2_base_0021,P5-1v2_base,C=CC(=O)N1Cc2cncc(C(=O)Nc3cn(C(=O)N(c4ccccc4)c4ccccc4C)cn3)c2C1,C33,0.9697824716567993,0.9697824716567993,0.8332427144050598,1.1695412397384644,0.0,37,0.7255776524543762,1.4786310195922852,1.2998748652466512,40.63398006446286,True,4,28,81.08108108108108,True,492.53900000000027,4.673420000000003,0.4081345062011194,True,0.43023255813953487
P5-1v2_base_0023,P5-1v2_base,C=CC(=O)Nc1cn([C@H](C)c2ccccc2C)cn1,C21,0.8774192929267883,0.8774192929267883,0.7948748469352722,1.3676297664642334,0.0,19,2.3148138523101807,3.3902924060821533,1.1625144907914047,29.047545134835985,True,2,15,100.0,True,255.321,2.925320000000001,0.8537762165669669,True,0.2692307692307692
P5-1v2_base_0024,P5-1v2_base,C=CC(=O)N1Cc2cccc(C(=O)Nc3cn(C(C)C(C)(C)C)cn3)c2C1,C32,0.9671603441238403,0.9671603441238403,0.8386709094047546,1.2153501510620117,0.0,27,0.8662954568862915,1.5823032855987549,1.822249169625274,49.449096899330556,True,4,20,81.48148148148148,True,366.46500000000015,3.7707000000000024,0.8377449830682308,True,0.6
P5-1v2_base_0025,P5-1v2_base,C=CC(=O)N1Cc2cccc(C(=O)Nc3cn(C4CCC(C)C4)cn3)c2C1,C30,0.9761691689491272,0.9761691689491272,0.8417245149612427,0.9204132556915283,0.0,27,0.6865575909614563,1.3349831104278564,1.9506103762156086,58.78857850769165,True,4,20,92.5925925925926,True,364.4490000000002,3.524700000000002,0.8442170867528889,True,0.5333333333333333
P5-1v2_base_0026,P5-1v2_base,C=CC(=O)N(Cc1cccc(C(=O)Nc2cnn(Cc3ccccc3)c2)c1)C1=CCCC1,C32,0.9135206341743469,0.9135206341743469,0.7969335317611694,1.1533279418945312,0.0,32,1.6888229846954346,2.518249273300171,1.261635778860126,23.332865820913668,True,2,23,90.625,True,426.5200000000002,4.766100000000004,0.5279672552384126,True,0.23958333333333334
P5-1v2_base_0027,P5-1v2_base,C=CC(=O)N1Cc2cccc(C(=O)Nc3cn(-c4ccccc4)cn3)c2C1,C24,0.9718275666236877,0.9718275666236877,0.8263287544250488,1.245851755142212,0.0,27,0.8012771010398865,1.504138469696045,1.8030149457505888,48.73529707521885,True,4,21,92.5925925925926,True,358.40100000000007,3.152800000000002,0.728721062427814,True,0.5652173913043478
P5-1v2_base_0029,P5-1v2_base,C=CC(=O)N1Cc2cccc(C#N)c2C(Nc2cn(CC(=O)N(C)O)cn2)C1,C29,0.9366468787193298,0.9366468787193298,0.8272122740745544,0.9346461296081543,0.0,28,1.3712003231048584,2.1185240745544434,1.8807949088616749,45.01146426745274,True,4,19,85.71428571428571,True,380.4080000000002,1.2837799999999997,0.4588203864314728,True,0.3333333333333333
P5-1v2_base_0028,P5-1v2_base,C=CC(=O)N1Cc2cccc(C(=O)Nc3cn(-c4cc(C(F)(F)F)cc(C)c4F)cn3)c2C1,C28,0.9694660305976868,0.9694660305976868,0.8136083483695984,1.2212579250335693,0.0,33,0.7600982189178467,1.4838039875030518,1.8955043171409534,41.96437647220762,True,3,23,100.0,True,458.41500000000013,4.619120000000003,0.4584563232124775,True,0.5256410256410257
P5-1v2_base_0030,P5-1v2_base,C=CC(=O)N1Cc2ccccc2C1c1cccc(C(=O)Nc2cn(C(C)C)cn2)n1,C30,0.9425230622291565,0.9425230622291565,0.8266566395759583,1.22932767868042,0.0,30,1.1354289054870605,2.0120322704315186,1.73473755634678,36.34206610184438,True,1,22,83.33333333333333,True,401.4700000000001,3.728900000000002,0.6608583667163498,True,0.3448275862068966
P5-1v2_base_0031,P5-1v2_base,C=CC(=O)N1Cc2cccc(C(=O)Nc3ncc(C(=O)Nc4cn(C(CF)CF)cn4)nn3)c2C1,C33,0.8959035873413086,0.8959035873413086,0.7974740862846375,1.2075430154800415,0.0,35,1.8338080644607544,2.743117332458496,1.9344313995073568,54.460820549113066,True,5,22,97.14285714285714,True,482.4510000000002,2.0809999999999995,0.469493320830776,True,0.5185185185185185
P5-1v2_base_0032,P5-1v2_base,C=CC(=O)N1Cc2cccc(C(=O)Nc3cn(C(C)(C)CC)cn3)c2C1,C30,0.9656094908714294,0.9656094908714294,0.846578061580658,1.178596019744873,0.0,26,0.9451087713241577,1.626179575920105,1.5219480965525725,29.060039728248256,True,3,20,92.3076923076923,True,352.43800000000016,3.3087000000000018,0.839666652940228,True,0.5774647887323944
P5-1v2_base_0033,P5-1v2_base,C=CC(=O)N1Cc2ccc(C(=O)Nc3cn(C(C)C)cn3)cc2C1,C26,0.968660831451416,0.968660831451416,0.8250015377998352,1.1190470457077026,0.0,24,0.7206812500953674,1.4487119913101196,1.9371916402101266,0.7667215115939854,True,2,17,87.5,True,324.38400000000007,2.7445000000000013,0.8794439335696442,True,0.4189189189189189
P5-1v2_base_0034,P5-1v2_base,C=CC(=O)N1Cc2cccc(C(=O)Nc3cn(CC)cn3)c2C1,C24,0.9768427014350891,0.9768427014350891,0.842605710029602,1.22150719165802,0.0,23,0.7180384993553162,1.367458462715149,1.2497371680077376,3.2024297410935247,True,4,17,100.0,True,310.357,2.1834999999999996,0.8802440326545391,True,0.6119402985074627
P5-1v2_base_0036,P5-1v2_base,C=CC(=O)N1CC2=CN3C=C(N=CC3C(=O)O)NC(=O)C(=CC=C2)C1,C26,0.7793365716934204,0.7793365716934204,0.7777897715568542,1.0632895231246948,0.0,25,3.931251049041748,5.517244815826416,1.975003196478426,71.0287721308207,True,2,16,88.0,True,340.33900000000017,0.14940000000000003,0.6968069998015415,True,0.2222222222222222
P5-1v2_base_0035,P5-1v2_base,C=CC(=O)Nc1cccc(C(=O)Nc2cn(C(=O)C(C(=O)NC(C)C)c3cccc(OC(F)(F)F)c3)cn2)c1,C38,0.9371898770332336,0.9371898770332336,0.81465083360672,1.2724031209945679,0.0,39,0.9749739766120911,1.986219048500061,1.4447123189756483,60.22179666005135,True,4,26,92.3076923076923,True,543.5020000000002,4.107100000000003,0.27509359561864777,True,0.24752475247524752
P5-1v2_base_0038,P5-1v2_base,C=CC(=O)N1Cc2cccc(C(=O)Nc3cnn(N)c3)c2C1,C21,0.9519073367118835,0.9519073367118835,0.8176138997077942,1.2266658544540405,0.0,22,0.947840690612793,1.734445571899414,1.9681804395430826,67.19573429959706,True,3,15,100.0,True,297.3180000000001,0.8774,0.6493336782142478,True,0.5441176470588235
P5-1v2_base_0037,P5-1v2_base,C=CC(=O)N1Cc2cccc(C(=O)Nc3cc(N(C)C)cn3C(C(=O)NC(C)C)C(C)C)c21,C40,0.8050429224967957,0.8050429224967957,0.7900421619415283,1.0344010591506958,0.0,33,3.7321693897247314,4.922645568847656,1.9535619101528368,60.534722933460785,True,0,23,72.72727272727273,True,451.5710000000002,3.5607000000000024,0.6010985860891065,True,0.3258426966292135
P5-1v2_base_0039,P5-1v2_base,C=CC(=O)N1Cc2cccc(C(=O)Nc3cn(C(C)C(F)(F)F)cn3)c2C1,C26,0.9753836393356323,0.9753836393356323,0.8357266783714294,1.1930862665176392,0.0,27,0.7331245541572571,1.3691383600234985,1.9652624439753592,54.55531322350126,True,4,18,96.29629629629629,True,378.35400000000004,3.286900000000001,0.8305919223484899,True,0.5915492957746479
P5-1v2_base_0040,P5-1v2_base,C=CC(=O)N1Cc2cccc(C(=O)C(C)c3cn(-c4cn(CC(=O)N(C)C)cn4)cn3)c2C1,C35,0.8904494643211365,0.8904494643211365,0.801015317440033,1.1736412048339844,0.0,33,1.9616624116897583,2.830681800842285,1.637914754375208,41.15440489259265,True,4,24,90.9090909090909,True,446.5110000000002,2.1715999999999998,0.409657073953416,True,0.42857142857142855
P5-1v2_base_0041,P5-1v2_base,C=CC(=O)N1Cc2cccc(C(=O)N3Cc4cn(CC)nc4C(C)(C)C3)c2C1,C32,0.8636098504066467,0.8636098504066467,0.7876873016357422,1.1101657152175903,0.0,28,2.4912407398223877,3.794536590576172,1.8276837059239774,68.74450769968391,True,0,22,85.71428571428571,True,378.47600000000017,2.8648000000000016,0.7719472194167277,True,0.4666666666666667
P5-1v2_base_0042,P5-1v2_base,C=CC(=O)N1Cc2cccc(C(=O)Nc3cn(C(=O)CCC(=O)OC)cn3)c2C1,C31,0.9756290316581726,0.9756290316581726,0.8416313529014587,1.08102285861969,0.0,29,0.635744035243988,1.3275136947631836,1.9770293956843414,50.5978255449821,True,5,20,86.20689655172414,True,396.40300000000025,1.757,0.5883829129229474,True,0.5540540540540541
P5-1v2_base_0043,P5-1v2_base,C=CC(=O)N1Cc2cccc(C(=O)Nc3cnc(C(C)C)cn3)c2C1,C27,0.9576358795166016,0.9576358795166016,0.8246828317642212,1.2524021863937378,0.0,25,1.0767803192138672,1.7666504383087158,1.4557895778236627,43.70886427352187,True,2,19,96.0,True,336.3950000000001,2.8805000000000014,0.8712695299433523,True,0.7419354838709677
P5-1v2_base_0044,P5-1v2_base,C=CC(=O)N1Cc2cccc(C(=O)Nc3cn(C4CCN(C)C4)cn3)c2C1,C29,0.9727648496627808,0.9727648496627808,0.8387947082519531,1.211822748184204,0.0,27,0.7685256600379944,1.4804916381835938,1.8869632184544574,43.807491242586394,True,4,20,100.0,True,365.4370000000002,2.0401999999999996,0.842070850600378,True,0.5540540540540541
P5-1v2_base_0045,P5-1v2_base,C=CC(=O)N1Cc2cccc(C(=O)Nc3cn(C(C=O)N(C)C)cn3)c2C1,C29,0.9774997234344482,0.9774997234344482,0.8502430319786072,0.9285206198692322,0.0,27,0.665160059928894,1.3437949419021606,1.9584463776677672,9.661844825999964,True,3,19,96.29629629629629,True,367.40900000000016,1.4226999999999994,0.6163270764476245,True,0.5616438356164384
P5-1v2_base_0047,P5-1v2_base,C=CC(=O)N1Cc2cccc(C(=O)Nc3cn(Cc4ccccc4)cn3)c2C1,C26,0.9693673849105835,0.9693673849105835,0.8293039202690125,1.1696339845657349,0.0,28,0.7916505336761475,1.5001811981201172,1.968870202019422,56.60166626152852,True,4,21,96.42857142857143,True,372.42800000000005,3.2119000000000018,0.6995363606784478,True,0.5633802816901409
P5-1v2_base_0046,P5-1v2_base,C=CC(=O)N1Cc2cccc(C(=O)Nc3cn(C(C)Cc4ccccc4)cn3)c2C1,C30,0.9490386247634888,0.9490386247634888,0.8286890983581543,1.2650361061096191,0.0,30,0.9424848556518555,1.7606704235076904,1.967392996302468,34.0576772110083,True,4,24,93.33333333333333,True,400.48200000000014,3.9673000000000025,0.6369280829409398,True,0.589041095890411
P5-1v2_base_0048,P5-1v2_base,C=CC(=O)Nc1cncc(C(=O)Nc2cn(CC(C)C)cn2)c1,C26,0.9575182795524597,0.9575182795524597,0.832253098487854,1.2257109880447388,0.0,23,0.8519629240036011,1.6037224531173706,1.96606812104769,59.27479791533989,True,4,16,95.65217391304348,True,313.361,2.3109,0.8009321165628964,True,0.27710843373493976
P5-1v2_base_0049,P5-1v2_base,C=CC(=O)N1Cc2cccc(C(=O)Nc3cn(C(C)c4cccc(C)n4)cn3)c2C1,C30,0.9498614072799683,0.9498614072799683,0.8233680129051208,1.2754707336425781,0.0,30,0.9962788224220276,1.833097219467163,1.6025248075458907,42.15916305580612,True,3,23,93.33333333333333,True,401.47000000000014,3.476320000000002,0.6640414686154411,True,0.56
P5-1v2_base_0050,P5-1v2_base,C=CC(=O)N1CC=CC=C(C(=O)Nc2cccc(C(=O)Nc3cnc(C(C)C)cn3)c2)C1,C34,0.9267168045043945,0.9267168045043945,0.8186237215995789,1.2477113008499146,0.0,32,1.2030730247497559,2.0711941719055176,1.702027987607726,59.96561821292829,True,3,20,81.25,True,431.49600000000015,3.3016000000000014,0.6831714273380752,True,0.4166666666666667
P5-1v2_base_0051,P5-1v2_base,C=CC(=O)N1Cc2cccc(C(=O)Nc3cnn(C(C)C)c3)c2C1,C26,0.9173673391342163,0.9173673391342163,0.8244604468345642,0.9783900380134583,0.0,24,1.5366404056549072,2.3548386096954346,1.5560799622448718,4.609524601792359,True,0,18,91.66666666666667,True,324.3840000000001,2.7445000000000013,0.8794439335696442,True,0.5882352941176471
P5-1v2_base_0052,P5-1v2_base,C=CC(=O)N1Cc2cccc(C(=O)Nc3cc(C(C)C)n(C)c3)c2C1,C28,0.9434595108032227,0.9434595108032227,0.8174285888671875,1.2820913791656494,0.0,25,1.129049301147461,1.9698671102523804,1.540455559144761,5.8620757180890735,True,1,20,96.0,True,337.4230000000001,3.429000000000002,0.8691893792774006,True,0.5882352941176471
P5-1v2_base_0053,P5-1v2_base,C=CC(=O)N1Cc2cccc(Nc3cnc(C(C)C)cn3)c2C1,C25,0.9509923458099365,0.9509923458099365,0.8254017233848572,1.222251296043396,0.0,23,1.0840002298355103,1.8080345392227173,1.5253903157880613,3.140074311253869,True,2,18,91.30434782608695,True,308.38500000000005,3.371800000000002,0.8798278018136559,True,0.5362318840579711
P5-1v2_base_0055,P5-1v2_base,C=CC(=O)N1Cc2cccc(C(=O)Nc3cn(C(C)C(C)C)cn3)c2C1,C30,0.9767619967460632,0.9767619967460632,0.8384982347488403,1.133225917816162,0.0,26,0.7320143580436707,1.3506580591201782,1.8758815461003913,14.894322051023892,True,3,20,96.15384615384616,True,352.4380000000001,3.380600000000002,0.8390036205276307,True,0.6417910447761194
P5-1v2_base_0054,P5-1v2_base,C=CC(=O)N1Cc2cccc(C)c2C1N1Cc2cccc(C(=O)Nc3cn(C(C)C)cn3)c2C1,C35,0.9422498941421509,0.9422498941421509,0.8312640190124512,1.2113715410232544,0.0,34,0.8495314121246338,1.6530123949050903,1.9547576598903496,50.752533750348476,True,5,23,79.41176470588235,True,455.5620000000002,4.567320000000004,0.5725127761581505,True,0.4457831325301205
P5-1v2_base_0056,P5-1v2_base,C=CC(=O)N1Cc2ccc(C(=O)C(C)c3cncn3C(=O)CN(C(C)=O)C(C)C)cc2C1,C38,0.9241692423820496,0.9241692423820496,0.8340250253677368,1.2221102714538574,0.0,32,1.2903785705566406,2.3035130500793457,1.9393626317427064,58.41017769772509,True,1,24,78.125,True,436.5120000000003,2.7948000000000013,0.49156866478759687,True,0.30337078651685395
P5-1v2_base_0057,P5-1v2_base,C=CC(=O)N1Cc2ccc(C(=O)Nc3cnnc4cc(NC(C)C)cnc34)cc2C1,C30,0.9056631326675415,0.9056631326675415,0.7960968017578125,1.2567176818847656,0.0,30,1.4827383756637573,2.545044183731079,1.7402689434969523,53.0730708325313,True,2,21,83.33333333333333,True,402.45800000000014,3.1256000000000013,0.636242911044903,True,0.35294117647058826
P5-1v2_base_0058,P5-1v2_base,C=CC(=O)N1Cc2cccc(C(=O)Nc3cn([C@@H]4CCC(C)C[C@@H](N)C4)cn3)c2C1,C35,0.9666376113891602,0.9666376113891602,0.8229398727416992,1.1841274499893188,0.0,30,0.8452763557434082,1.561608910560608,1.664181172979672,51.08325225923579,True,5,23,90.0,True,407.51800000000026,3.2421000000000006,0.6009957891783205,True,0.5
P5-1v2_base_0059,P5-1v2_base,C=CC(=O)N1Cc2cccc(C(=O)Nc3cccc(C(=O)Nc4cnn(C(C)C)c4)c3)c2C1,C33,0.955361545085907,0.955361545085907,0.8201434016227722,1.2679235935211182,0.0,33,1.0254422426223755,1.7763514518737793,1.5388403777195345,9.739943893726718,True,2,25,78.78787878787878,True,443.5070000000002,3.996800000000003,0.5630962337463934,True,0.5333333333333333
P5-1v2_base_0061,P5-1v2_base,C=CC(=O)N1Cc2cccc(C(=O)Nc3cn(C4CCC4)nc3C)c2C1,C28,0.9071343541145325,0.9071343541145325,0.808489978313446,0.9687618613243103,0.0,26,1.9363515377044678,2.7137556076049805,1.7936507122625611,38.70282423992177,True,2,20,84.61538461538461,True,350.4220000000002,3.197020000000002,0.8612647798480276,True,0.5135135135135135
P5-1v2_base_0060,P5-1v2_base,C=CC(=O)N1Cc2cccc(C(=O)Nc3cn(C(=O)c4cc(C)nn4C(C)(C)C)cn3)c2C1,C35,0.9552342295646667,0.9552342295646667,0.8269263505935669,1.2892106771469116,0.0,33,0.90851229429245,1.7306536436080933,1.2708886524397018,37.06812023414767,True,3,23,90.9090909090909,True,446.51100000000025,3.112020000000002,0.6206658467688444,True,0.5125
P5-1v2_base_0062,P5-1v2_base,C=CC(=O)N1Cc2cccc(C(=O)c3cn(C(C)C)cc3O[C@](C)(O)C(C)C)c2C1,C37,0.7048419117927551,0.7048419117927551,0.7447273135185242,1.343877911567688,0.0,30,5.332791805267334,6.964340686798096,1.0357061940531207,8.466430118361998,True,2,24,90.0,True,410.5140000000002,4.071500000000004,0.4242734366039367,True,0.42857142857142855
P5-1v2_base_0064,P5-1v2_base,C=CC(=O)N1Cc2cccc(C(=O)Nc3cnn(C(C#N)C(C)C)c3)c2C1,C29,0.9447604417800903,0.9447604417800903,0.8462492823600769,0.7992098331451416,0.0,27,1.2891995906829834,1.9218292236328125,1.7067402636898235,42.93252510069095,True,2,20,92.5925925925926,True,363.42100000000016,2.8842800000000013,0.8270809969375817,True,0.5333333333333333
P5-1v2_base_0063,P5-1v2_base,C=CC(=O)N1CC2=CN3C=C(N=NC3C(=O)Nc3ccccc3)NC(=O)C(=CC=C2)C1,C29,0.8852931261062622,0.8852931261062622,0.8082380294799805,1.2455627918243408,0.0,31,2.3882977962493896,3.143956184387207,1.7032258055231544,1.6932552663646163,True,4,21,70.96774193548387,True,416.44100000000014,2.0423999999999998,0.73563587775298,True,0.24468085106382978
P5-1v2_base_0065,P5-1v2_base,C=CC(=O)N1Cc2cccc(C(=O)Nc3cnc(C(C)C)s3)c21,C24,0.898445725440979,0.898445725440979,0.8238113522529602,1.2131898403167725,0.0,23,1.9860193729400635,2.878415584564209,1.4548736668522115,8.58140050026158,True,2,17,91.30434782608695,True,327.40900000000005,3.551400000000002,0.8735887612409133,True,0.42105263157894735
P5-1v2_base_0066,P5-1v2_base,C=CC(=O)N1Cc2cccc(C(=O)Nc3cn(CCC(=O)N(C)C)cn3)c2C1,C31,0.9694645404815674,0.9694645404815674,0.8437702059745789,1.1965476274490356,0.0,28,0.7418727874755859,1.4545574188232422,1.1604700074538767,4.498195907384897,True,4,19,89.28571428571429,True,381.43600000000015,1.6418999999999997,0.7708838028915376,True,0.5753424657534246
P5-1v2_base_0067,P5-1v2_base,C=CC(=O)N1c2cccc(C(=O)Nc3cn(C(C)C)cn3)c2C1C,C26,0.9641803503036499,0.9641803503036499,0.8311519622802734,1.263681173324585,0.0,24,0.8735849857330322,1.594586968421936,1.940957323436041,33.937373709903426,True,2,18,95.83333333333333,True,324.384,3.3099000000000016,0.8774372979009536,True,0.3670886075949367
P5-1v2_base_0069,P5-1v2_base,C=CC(=O)N1Cc2ccc(C(C)Nc3cn(C)cn3)cc2C1,C24,0.951709508895874,0.951709508895874,0.8407279849052429,1.1396349668502808,0.0,22,0.8396472930908203,1.6207772493362427,1.661355690422735,28.53778997379655,True,3,17,81.81818181818181,True,296.3740000000001,2.6214000000000004,0.8824218109740537,True,0.3815789473684211
P5-1v2_base_0068,P5-1v2_base,C=CC(=O)N1Cc2cccc(C(=O)Nc3cn(-c4cn(C(C)C)cn4)cn3)c2C1,C29,0.9499353170394897,0.9499353170394897,0.8206899762153625,1.2760529518127441,0.0,29,1.034360408782959,1.9037837982177734,1.9722203803074343,45.404805482637784,True,3,21,100.0,True,390.4470000000001,2.930200000000001,0.6790223886299903,True,0.5753424657534246
P5-1v2_base_0070,P5-1v2_base,C=CC(=O)N1Cc2cccc(C(=O)Nc3cn(CC(=O)OC)cn3)c2C1,C27,0.9703803658485413,0.9703803658485413,0.8257853388786316,1.253092646598816,0.0,26,0.7926424145698547,1.5010733604431152,1.9650160564738415,59.493979142359194,True,4,18,100.0,True,354.3660000000001,1.3365999999999998,0.6458987020382233,True,0.5774647887323944
P5-1v2_base_0071,P5-1v2_base,C=CC(=O)N1Cc2cccc(Cn3cnc(NC(=O)C(C)C)n3)c2C1,C28,0.9307844042778015,0.9307844042778015,0.8241453170776367,1.0083775520324707,0.0,25,1.3214353322982788,2.1853647232055664,1.9395966135771618,48.147248022811425,True,2,18,100.0,True,339.3990000000001,1.9490999999999996,0.8444973921897607,True,0.4666666666666667
P5-1v2_base_0072,P5-1v2_base,C=CC(=O)N1CCc2cccc(C(=O)Nc3cn([C@H](C)c4ccccc4)cn3)c21,C28,0.961820662021637,0.961820662021637,0.8358948826789856,1.179334282875061,0.0,29,0.9243001341819763,1.6848467588424683,1.927722913232084,45.12410151491588,True,2,23,93.10344827586206,True,386.4550000000001,3.8198000000000025,0.6780747066363286,True,0.3902439024390244
P5-1v2_base_0073,P5-1v2_base,C=CC(=O)N1Cc2cccc(C(=O)Nc3cncc(C(=O)Nc4[nH]c(C)nc4C(C)F)n3)c2C1,C33,0.9205470085144043,0.9205470085144043,0.8321771621704102,1.184623122215271,0.0,34,1.5039552450180054,2.357577085494995,1.9321129390126233,43.23794179346339,True,4,23,94.11764705882354,True,463.4730000000002,3.0714200000000016,0.48138505087454175,True,0.525
P5-1v2_base_0074,P5-1v2_base,C=CC(=O)N1Cc2cccc(C(=O)Nc3cn([C@H]4COC[C@@H](F)[C@@H]4F)cn3)c2C1,C29,0.9738277792930603,0.9738277792930603,0.8436116576194763,1.154972791671753,0.0,29,0.759050726890564,1.420663595199585,1.9576530468905853,48.0431555595176,True,4,20,89.65517241379311,True,402.4010000000001,2.4111000000000002,0.7972886942493647,True,0.4936708860759494
P5-1v2_base_0076,P5-1v2_base,C=CC(=O)N1Cc2cc(C(=O)c3cn(C(C)C)cn3)cc(Cl)c2C1,C25,0.945325493812561,0.945325493812561,0.8352314829826355,0.9924214482307434,0.0,24,1.1880663633346558,1.9068297147750854,1.9673883209981697,55.408748189573856,True,3,18,95.83333333333333,True,343.81400000000014,3.3766000000000025,0.6313898411141874,True,0.34177215189873417
P5-1v2_base_0075,P5-1v2_base,C=CC(=O)N1CC2=C(C1)C1=CC(=CN(CC)C1C)NC(=O)C(CF)=CC=C2,C30,0.9214272499084473,0.9214272499084473,0.8138343095779419,1.093729019165039,0.0,27,1.601158618927002,2.4895102977752686,1.975706973465447,67.54583047491832,True,3,21,88.88888888888889,True,369.4400000000001,2.3849,0.777484714212872,True,0.20618556701030927
P5-1v2_base_0077,P5-1v2_base,C=CC(=O)N1Cc2cccc(C(=O)Nc3cn(C(=O)c4ccccc4)cn3)c2C1,C26,0.971822202205658,0.971822202205658,0.8293256163597107,1.2422553300857544,0.0,29,0.7880086302757263,1.5081584453582764,1.9620984074454568,17.941991485731023,True,3,21,89.65517241379311,True,386.4110000000001,2.852100000000001,0.6990623728519642,True,0.5492957746478874
P5-1v2_base_0078,P5-1v2_base,C=CC(=O)N1Cc2cccc(C(=O)Nc3cn([C@H](C)C(C)(C)C)cn3)c2C1,C32,0.9709829092025757,0.9709829092025757,0.8424486517906189,1.2143776416778564,0.0,27,0.8149770498275757,1.4880472421646118,1.5438704435929878,7.293612011826511,True,3,21,88.88888888888889,True,366.46500000000015,3.7707000000000024,0.8377449830682308,True,0.6
P5-1v2_base_0079,P5-1v2_base,C=CC(=O)N1Cc2cccc(C(=O)Nc3cn(C(=O)Nc4ccccc4)cn3)c2C1,C27,0.9714491963386536,0.9714491963386536,0.8251263499259949,1.2276756763458252,0.0,30,0.7758581638336182,1.4839818477630615,1.7311491926752012,50.62562801062637,True,3,22,86.66666666666667,True,401.4260000000001,3.243800000000001,0.6561637887808774,True,0.5416666666666666
P5-1v2_base_0080,P5-1v2_base,C=CC(=O)N1Cc2cccc(C(=O)NC(C)NCc3cncn3C)c2C1,C29,0.8945021033287048,0.8945021033287048,0.7940875887870789,1.2714858055114746,0.0,26,1.6871825456619263,2.8277242183685303,1.953456515359379,40.60632021964636,True,1,19,96.15384615384616,True,353.4260000000001,1.3138999999999998,0.6062813089707362,True,0.52
P5-1v2_base_0081,P5-1v2_base,C=CC(=O)NC(c1cccc(C(=O)NC)c1)c1cccc(-n2ccnc2)c1,C26,0.9058016538619995,0.9058016538619995,0.8284386992454529,1.1997262239456177,0.0,27,1.4662156105041504,2.4439737796783447,1.6943091335998868,51.42815416636938,True,3,21,100.0,True,360.41700000000003,2.623500000000001,0.6636773384283321,True,0.21348314606741572
P5-1v2_base_0082,P5-1v2_base,C=CC(=O)N1Cc2ccccc2C1C(=O)N1Cc2c(C(=O)Nc3cn(C(C)C)cn3)cccc21,C33,0.9463489055633545,0.9463489055633545,0.8381497263908386,1.1865969896316528,0.0,34,0.8384338021278381,1.6277785301208496,1.8230654580129584,17.655104483412288,True,4,25,85.29411764705883,True,455.51800000000014,3.8324000000000025,0.5925534285197248,True,0.4186046511627907
P5-1v2_base_0084,P5-1v2_base,C=CC(=O)N1Cc2ccc(C(=O)Nc3ccn(C(=C)C)c3)cc2C1,C24,0.9045020341873169,0.9045020341873169,0.8219898343086243,1.2707291841506958,0.0,24,1.6451537609100342,2.6345181465148926,1.1445803029495119,19.470391014813814,True,2,16,91.66666666666667,True,321.38000000000005,3.2592000000000017,0.8788890544858636,True,0.32051282051282054
P5-1v2_base_0083,P5-1v2_base,C=CC(=O)N1Cc2cccc(CNc3cn(-c4ccnc(C)c4)nn3)c2C1,C26,0.9041528701782227,0.9041528701782227,0.8076262474060059,1.2105430364608765,0.0,27,1.3257719278335571,2.430898427963257,1.8553090231818534,50.44153604958012,True,3,19,92.5925925925926,True,360.4210000000001,2.611020000000001,0.7080290250422046,True,0.39285714285714285
P5-1v2_base_0085,P5-1v2_base,C=CC(=O)N1CCc2cccc(C(=O)Nc3ncn(C(C)C)c3C)c21,C28,0.9661570191383362,0.9661570191383362,0.8438998460769653,1.1363228559494019,0.0,25,0.9680718183517456,1.6486597061157227,1.8042529818459496,43.63974031571564,True,2,19,100.0,True,338.4110000000001,3.099820000000002,0.8712083017408258,True,0.35802469135802467
P5-1v2_base_0086,P5-1v2_base,C=CC(=O)N1Cc2cccc(C(=O)Nc3cn(C(C)C(C)C)nn3)c2C1,C30,0.9548850059509277,0.9548850059509277,0.8371683359146118,1.2331435680389404,0.0,26,1.088870882987976,1.7951536178588867,1.7514944832627932,40.522253145344536,True,5,19,96.15384615384616,True,353.4260000000001,2.7756000000000007,0.8383681852328047,True,0.5942028985507246
P5-1v2_base_0087,P5-1v2_base,C=CC(=O)N1Cc2cccc(CNc3cn([C@H](C)C(=O)C(C)C)cn3)c2C1,C32,0.9672594666481018,0.9672594666481018,0.8365117907524109,1.2311499118804932,0.0,27,0.7969921827316284,1.5646125078201294,1.791979105514348,25.16602059395683,True,3,21,96.29629629629629,True,366.46500000000015,3.3095000000000017,0.7636264153206832,True,0.4605263157894737
P5-1v2_base_0088,P5-1v2_base,C=CC(=O)N1Cc2cccc(COc3cn(CC(C)C)cn3)c2C1,C28,0.9544706344604492,0.9544706344604492,0.8385939598083496,1.1211295127868652,0.0,24,1.070601463317871,1.772711157798767,1.7575152335043946,35.77595870785677,True,1,18,95.83333333333333,True,325.41200000000003,3.146300000000002,0.7666470362842162,True,0.4342105263157895
P5-1v2_base_0089,P5-1v2_base,C=CC(=O)N1Cc2cccc(C(=O)Nc3cn(-c4cnn(C(C)C)c4)c(C)n3)c2C1,C31,0.9623425006866455,0.9623425006866455,0.833934485912323,1.2408839464187622,0.0,30,0.9005784392356873,1.6797237396240234,1.3009569707334665,36.4953135203919,True,2,22,93.33333333333333,True,404.47400000000016,3.238620000000002,0.6618059932093971,True,0.5526315789473685
P5-1v2_base_0091,P5-1v2_base,C=CC(=O)N1Cc2cccc(C(=O)Nc3cnn(CC(C)C)c3)c2C1,C28,0.9296083450317383,0.9296083450317383,0.8159474730491638,1.1507740020751953,0.0,25,1.3462105989456177,2.196244955062866,1.9697274512987826,34.86443430983863,True,2,19,96.0,True,338.4110000000001,2.819600000000001,0.8525992396075134,True,0.5857142857142857
P5-1v2_base_0090,P5-1v2_base,C=CC(=O)N1Cc2ccc(C(=O)Nc3cnc(CC(C)C)cn3)cc2C1,C29,0.8540037870407104,0.8540037870407104,0.8029155135154724,1.1650207042694092,0.0,26,2.368379592895508,3.5336031913757324,1.6273354324785039,30.935344935631917,True,1,20,92.3076923076923,True,350.4220000000001,2.9556000000000013,0.84143020938106,True,0.4794520547945205
P5-1v2_base_0092,P5-1v2_base,C=CC(=O)N1Cc2cccc(C(=O)Nc3cn(C(C)c4cncn4C)nn3)c2C1,C29,0.9423030018806458,0.9423030018806458,0.8327130675315857,1.1637948751449585,0.0,29,1.2457914352416992,2.0103039741516113,1.963403440100887,55.23022554476711,True,6,20,96.55172413793103,True,391.4350000000001,1.9013999999999998,0.6701212741207467,True,0.5657894736842105
P5-1v2_base_0093,P5-1v2_base,C=CC(=O)N1Cc2cccc(C(=O)Nc3cn(CC(C)C)cn3)c2C1,C28,0.9767407178878784,0.9767407178878784,0.8405632972717285,1.2214289903640747,0.0,25,0.688055694103241,1.3597298860549927,1.6788629645387976,22.410720533773656,True,4,19,92.0,True,338.4110000000001,2.819600000000001,0.8525992396075134,True,0.6323529411764706
P5-1v2_base_0094,P5-1v2_base,C=CC(=O)N1Cc2cccc(C(=O)c3cc4ccccn4c3)c2C1,C21,0.9107905626296997,0.9107905626296997,0.8121097683906555,1.2859143018722534,0.0,24,1.8269853591918945,2.560685396194458,1.9034496682865027,45.76649836810873,True,2,19,91.66666666666667,True,316.36000000000007,3.198500000000002,0.5498978396301656,True,0.40540540540540543
P5-1v2_base_0096,P5-1v2_base,C=CC(=O)N1Cc2cccc(C(=O)Nc3cnn(C)c3)c2C1,C22,0.9318696856498718,0.9318696856498718,0.8298051953315735,1.1002846956253052,0.0,22,1.305533528327942,2.0923919677734375,1.8213794532990666,29.874360276501505,True,2,16,90.9090909090909,True,296.33000000000004,1.7006,0.8766533781081279,True,0.625
P5-1v2_base_0095,P5-1v2_base,C=CC(=O)N1Cc2cccc(C(=O)NC3=CC(C(C)C)=CN(C(C)CCc4cccc(F)c4)N=N3)c2C1,C40,0.9159923791885376,0.9159923791885376,0.7869991660118103,1.35417640209198,0.0,37,1.382346510887146,2.344339370727539,1.9802099080148041,48.030164271777494,True,2,28,54.054054054054056,True,501.6060000000003,5.669100000000006,0.4737104992218249,True,0.4659090909090909
P5-1v2_base_0097,P5-1v2_base,C=CC(=O)N1Cc2cccc(C(=O)Nc3cn(C(C)C)c(C)n3)c2C1,C28,0.9704159498214722,0.9704159498214722,0.8399062156677246,1.1655473709106445,0.0,25,0.8851377367973328,1.4960529804229736,1.7945141902475994,43.71650563412496,True,4,19,100.0,True,338.4110000000001,3.052920000000001,0.8714043386848063,True,0.6029411764705882
P5-1v2_base_0099,P5-1v2_base,C=CC(=O)N1Cc2cccc(C(O)c3cn(C(C)C)cn3)c2C1,C26,0.9429994225502014,0.9429994225502014,0.8331010937690735,1.236397624015808,0.0,23,1.243011474609375,1.9679412841796875,1.4976390097750523,24.04999910251118,True,2,18,91.30434782608695,True,311.38500000000005,2.573900000000001,0.8829740226589862,True,0.4520547945205479
P5-1v2_base_0098,P5-1v2_base,C=CC(=O)N1Cc2cccc(C(=O)Nc3ccn(C(C)C)c3)c2C1,C26,0.9455403685569763,0.9455403685569763,0.8314893841743469,1.2129969596862793,0.0,24,1.117492437362671,1.8847334384918213,1.4629214991926238,10.034862264691725,True,1,19,100.0,True,323.39600000000013,3.3495000000000017,0.8773731227222705,True,0.5588235294117647
P5-1v2_base_0101,P5-1v2_base,C=CC(=O)Nc1cnc(C(C=C)N2Cc3ccccc3C2)cn1,C23,0.7947078943252563,0.7947078943252563,0.7619662284851074,1.2772350311279297,0.0,23,3.939181327819824,5.430830001831055,1.7691755211114601,38.34215830358508,True,1,17,69.56521739130434,True,306.3690000000001,2.844000000000001,0.681482428262697,True,0.35135135135135137
P5-1v2_base_0100,P5-1v2_base,C=CC(=O)N1Cc2cccc(C(=O)Cc3cnn(C(C)c4cnc(NCC(C)C)cn4)c3)c2C1,C38,0.8471009135246277,0.8471009135246277,0.7893539667129517,1.1240428686141968,0.0,34,2.4824447631835938,3.6579062938690186,1.96943772173684,47.804060943511246,True,2,26,88.23529411764706,True,458.5660000000002,3.8039000000000023,0.3872478247810906,True,0.4939759036144578
P5-1v2_base_0102,P5-1v2_base,C=CC(=O)N1Cc2cccc(C)c2C1Nc1cncnc1,C21,0.9103018641471863,0.9103018641471863,0.8209869265556335,1.216162085533142,0.0,21,1.8406617641448975,2.639458656311035,1.6240683754386684,10.0913106337279,True,1,16,95.23809523809524,True,280.331,2.42392,0.8772401514315987,True,0.3037974683544304
P5-1v2_base_0103,P5-1v2_base,C=CC(=O)N1Cc2ccc(C(=O)Nc3ncn(C(C)C)c3C)cc2C1,C28,0.9425438642501831,0.9425438642501831,0.8243606686592102,1.2542468309402466,0.0,25,1.1713995933532715,1.893288254737854,1.3884818481708734,21.720684847851544,True,2,19,88.0,True,338.4110000000001,3.052920000000001,0.8714043386848063,True,0.358974358974359
P5-1v2_base_0104,P5-1v2_base,C=CC(=O)N1Cc2cccc(C(=O)c3cncn3C)c2C1,C21,0.9715718626976013,0.9715718626976013,0.8370963335037231,0.86861652135849,0.0,21,0.7479265332221985,1.3267028331756592,1.9628648105766224,40.93131849887152,True,2,16,90.47619047619048,True,281.31500000000005,1.6792999999999998,0.6351000104563335,True,0.4782608695652174
P5-1v2_base_0105,P5-1v2_base,C=CC(=O)N1Cc2cccc(C(=O)Nc3cn(C(C)CC)cn3)c2C1,C28,0.9764794111251831,0.9764794111251831,0.8440009355545044,1.1620395183563232,0.0,25,0.6962555646896362,1.3697926998138428,1.968965469021742,55.05428604850641,True,4,19,96.0,True,338.4110000000001,3.1346000000000016,0.8518112983325309,True,0.6231884057971014
P5-1v2_base_0107,P5-1v2_base,C=CC(=O)N1Cc2cccc(C(=O)Nc3cnn(CCC(=O)O)c3)c2C1,C27,0.9454597234725952,0.9454597234725952,0.8273777365684509,1.1224913597106934,0.0,26,0.9409506916999817,1.7139071226119995,1.5223162065090154,6.7104025960433376,True,3,18,96.15384615384616,True,354.36600000000016,1.6383,0.7675183144131177,True,0.5416666666666666
P5-1v2_base_0106,P5-1v2_base,C=CC(=O)N1Cc2cccc(C(=O)Nc3cn(C4CCOc5ccccc54)cn3)c2C1,C29,0.9636681079864502,0.9636681079864502,0.8231777548789978,1.218595266342163,0.0,31,0.8894524574279785,1.6831108331680298,1.9221427889987768,2.1700944732891827,True,3,23,93.54838709677419,True,414.4650000000002,3.5355000000000025,0.6628663032287858,True,0.48148148148148145
P5-1v2_base_0109,P5-1v2_base,C=CC(=O)N1Cc2cccc(C(=O)Nc3cn(C4CCN(C)CC4)cn3)c2C1,C31,0.9753028154373169,0.9753028154373169,0.8402263522148132,0.9253355860710144,0.0,28,0.7163141369819641,1.3688791990280151,1.7638192955912455,17.883040263040755,True,5,21,100.0,True,379.4640000000002,2.430300000000001,0.8286230452186891,True,0.5774647887323944
P5-1v2_base_0108,P5-1v2_base,C=CC(=O)N1Cc2cccc(C(=O)Nc3cnc4c(c3)c(C(=O)CCl)cn4C)c2C1,C28,0.9208619594573975,0.9208619594573975,0.8244943618774414,1.1362576484680176,0.0,30,1.2622058391571045,2.244032621383667,1.7951795289051156,34.636559409436074,True,3,22,86.66666666666667,True,422.87200000000024,3.2753000000000014,0.38826853437927417,True,0.5256410256410257
P5-1v2_base_0110,P5-1v2_base,C=CC(=O)N(Cc1ccccc1)Cc1nc(Nc2ncn(C(C)CC)c2C)ccc1C,C36,0.9443621635437012,0.9443621635437012,0.8133857846260071,1.2568522691726685,0.0,31,1.0901480913162231,1.892698049545288,1.3033258713000357,13.205012583831063,True,2,25,87.09677419354838,True,417.5570000000002,5.324340000000005,0.478438430945151,True,0.21052631578947367
P5-1v2_base_0111,P5-1v2_base,C=CC(=O)N1Cc2ccccc2C1c1cccc(O)c1,C19,0.9288609623908997,0.9288609623908997,0.8211278319358826,1.1405926942825317,0.0,20,1.5000998973846436,2.569518566131592,1.4797065522596025,20.095458633006345,True,1,17,95.0,True,265.312,3.009800000000002,0.8478967387221001,True,0.2597402597402597
P5-1v2_base_0113,P5-1v2_base,C=CC(=O)Nc1cn([C@H]2Cc3cccc(C4CCCN4)c3C2)cn1,C26,0.9606387615203857,0.9606387615203857,0.8196938633918762,1.152640461921692,0.0,24,0.9528032541275024,1.6569972038269043,1.7624718363139884,59.65180509312728,True,3,18,95.83333333333333,True,322.412,2.7720000000000002,0.8511109929782504,True,0.2696629213483146
P5-1v2_base_0112,P5-1v2_base,C=CC(=O)N1Cc2cccc(C(=O)c3cc([C@H]4CNc5nccn5C4)cn3Cc3ccccc3C(F)(F)F)c2C1,C35,0.8914309740066528,0.8914309740066528,0.7950081825256348,1.184092402458191,0.0,40,1.2989054918289185,2.5019376277923584,1.3702683168270366,19.786797868884676,True,3,27,85.0,True,545.565,5.220200000000005,0.2664954079389172,True,0.34
P5-1v2_base_0114,P5-1v2_base,C=CC(=O)N1Cc2cccc(C(=O)Nc3cn(C(C)Cc4cnccn4)cn3)c2C1,C30,0.9741305112838745,0.9741305112838745,0.8415350914001465,1.1968700885772705,0.0,30,0.7491907477378845,1.4317086935043335,1.9421818571905163,56.94712469625955,True,5,22,93.33333333333333,True,402.45800000000014,2.7573000000000008,0.6401902409536884,True,0.5714285714285714
P5-1v2_base_0115,P5-1v2_base,C=CC(=O)N1Cc2cccc(C(=O)Nc3cn(C(C)(C)C(F)F)cn3)c2C1,C28,0.9671573638916016,0.9671573638916016,0.8269149661064148,1.2277050018310547,0.0,27,0.8876238465309143,1.5734946727752686,1.9580605344319653,51.81638558650013,True,4,19,92.5925925925926,True,374.3910000000001,3.163800000000002,0.8177889820700702,True,0.5694444444444444
P5-1v2_base_0116,P5-1v2_base,C=CC(=O)N1Cc2cccc(C(=O)Nc3ccn(C(C)=O)c3)c2C1,C24,0.9441099166870117,0.9441099166870117,0.8334407806396484,0.9077789187431335,0.0,24,1.1902114152908325,1.8706212043762207,1.9561543977917482,44.263711709195945,True,3,18,100.0,True,323.3520000000001,2.4287,0.8819231006580662,True,0.5217391304347826
P5-1v2_base_0117,P5-1v2_base,C=CC(=O)N1CCc2cccc(C(=O)Nc3cn(C(C)=O)cn3)c2C1,C26,0.9710826873779297,0.9710826873779297,0.8349979519844055,1.208592414855957,0.0,25,0.821422278881073,1.4912371635437012,1.5930801539784492,35.97876200259003,True,4,18,100.0,True,338.36700000000013,1.8661999999999999,0.8660074847613837,True,0.5068493150684932
P5-1v2_base_0118,P5-1v2_base,C=CC(=O)N1Cc2cccc(C(=O)Nc3cn(-c4cn(C(=O)C(C)C)cn4)cn3)c2C1,C31,0.9520789980888367,0.9520789980888367,0.8231557011604309,1.2261967658996582,0.0,31,1.0364902019500732,1.9172661304473877,1.9591707556770035,3.607623546743227,True,4,22,96.7741935483871,True,418.45700000000016,2.645500000000001,0.6420096235459498,True,0.56
P5-1v2_base_0119,P5-1v2_base,C=CC(=O)N1Cc2c(C(=O)Nc3cn(C(C(=O)NC(C)N)C(C)C)cn3)cccc21,C34,0.9254105091094971,0.9254105091094971,0.8038617968559265,1.2213108539581299,0.0,30,1.3713711500167847,2.272028684616089,1.9705388316397119,9.606209899130462,True,3,21,93.33333333333333,True,410.4780000000002,1.7860000000000003,0.47439440453032866,True,0.40963855421686746
P5-1v2_base_0120,P5-1v2_base,C=CC(=O)N1Cc2ccc(OCc3cnccc3F)cc2C1=O,C21,0.9490309953689575,0.9490309953689575,0.8385896682739258,1.0119179487228394,0.0,23,0.8507372736930847,1.612372875213623,1.9053825165829577,61.75729271657684,True,1,17,95.65217391304348,True,312.30000000000007,2.4681000000000006,0.8138257116191795,True,0.23863636363636365
P5-1v2_base_0121,P5-1v2_base,C#CC1(CN(C(=O)C=C)c2cccc(CN3Cc4ccccc4C3=O)c2)C=C(C)N1C,C32,0.8409620523452759,0.8409620523452759,0.7903935313224792,1.2477900981903076,0.0,31,2.6364479064941406,3.8444697856903076,1.9695702572896463,58.55921671884872,True,1,24,77.41935483870968,True,411.5050000000001,3.5828000000000024,0.5391191199597671,True,0.21
P5-1v2_base_0122,P5-1v2_base,C=CC(=O)N1Cc2cccc(Oc3cncc(C#N)c3)c2C1,C20,0.9669858813285828,0.9669858813285828,0.8364570736885071,1.1960870027542114,0.0,22,0.850848913192749,1.4679502248764038,1.3443987173454168,39.72263529810604,True,2,17,95.45454545454545,True,291.31000000000006,2.7737800000000012,0.8155190248222927,True,0.358974358974359
P5-1v2_base_0123,P5-1v2_base,C=CC(=O)N1Cc2cccc(C(=O)Nc3cnn(Cc4ccco4)c3)c2C1,C25,0.9452150464057922,0.9452150464057922,0.834666907787323,0.9311062097549438,0.0,27,1.1753971576690674,1.8870494365692139,1.7396198258815068,42.94227850439751,True,2,20,88.88888888888889,True,362.3890000000001,2.804900000000001,0.7079427417017803,True,0.5131578947368421
P5-1v2_base_0124,P5-1v2_base,C=CC(=O)N1Cc2ccc(C#CC(=O)Nc3cn([C@H](C)[C@H](C)n4cccn4)cn3)cc2C1,C33,0.8771581053733826,0.8771581053733826,0.7909716963768005,1.2314342260360718,0.0,32,1.9051982164382935,3.073549509048462,1.7523899631645914,61.4504321760715,True,3,23,87.5,True,428.49600000000015,2.9202000000000012,0.5002351219931195,True,0.34065934065934067
P5-1v2_base_0125,P5-1v2_base,C=CC(=O)N1Cc2cccc(C(=O)Nc3cn(C(C)c4ccccc4)cn3)c2C1,C28,0.9611156582832336,0.9611156582832336,0.8278798460960388,1.2436257600784302,0.0,29,0.9054036736488342,1.66621994972229,1.6489295637473422,51.086223223571096,True,4,23,89.65517241379311,True,386.4550000000001,3.7729000000000026,0.6789221926614265,True,0.5915492957746479
P5-1v2_base_0126,P5-1v2_base,C=CC(=O)N1Cc2cccc(C(=O)Nc3cn([C@@H](CC(F)F)C(C)C)nn3)c2C1,C32,0.921247661113739,0.921247661113739,0.8110265731811523,1.1493861675262451,0.0,29,1.5176470279693604,2.336421012878418,1.9014711363047283,46.84316439592345,True,2,20,93.10344827586206,True,403.4330000000001,3.4109000000000025,0.7187629697670734,True,0.5675675675675675
P5-1v2_base_0127,P5-1v2_base,C=CC(=O)N1Cc2ccc(C(=O)Nc3cn([C@H](C)C(=O)Nc4ccncc4)cn3)cc2C1,C31,0.9345882534980774,0.9345882534980774,0.7941815257072449,1.2800989151000977,0.0,32,1.0752812623977661,2.1033594608306885,1.837844754515462,4.003672386328503,True,4,22,90.625,True,430.46800000000013,2.758300000000001,0.5846928590793482,True,0.37349397590361444
P5-1v2_base_0128,P5-1v2_base,C=CC(=O)N1Cc2cccc(C(=O)Nc3cn([C@H]4C[C@H](C#N)CO4)cn3)c2C1,C28,0.9783478379249573,0.9783478379249573,0.8459228873252869,1.1979929208755493,0.0,28,0.6782765984535217,1.3602592945098877,1.6218733731706674,36.896729104295474,True,5,20,100.0,True,377.40400000000017,2.2222799999999996,0.8237115443587355,True,0.4875
P5-1v2_base_0129,P5-1v2_base,C=CC(=O)N1Cc2cccc(C(=O)NOc3ccnn3C)c2C1,C23,0.9173256754875183,0.9173256754875183,0.823998749256134,1.200230598449707,0.0,23,1.6701734066009521,2.4544408321380615,1.525591603477157,9.229529679160493,True,2,15,95.65217391304348,True,312.32900000000006,1.1721,0.6790564971922876,True,0.4861111111111111
P5-1v2_base_0131,P5-1v2_base,C=CC(=O)N1Cc2cccc(Nc3cn(C(C)C)cn3)c2C1,C24,0.966956615447998,0.966956615447998,0.8372185826301575,1.2199536561965942,0.0,22,0.7854548692703247,1.4505441188812256,1.4782189051693253,28.366065423913454,True,2,17,90.9090909090909,True,296.3740000000001,3.235800000000002,0.8812357139729889,True,0.4722222222222222
P5-1v2_base_0130,P5-1v2_base,C=CC(=O)N1c2ccccc2CC1C(=O)Nc1cn(-n2cnc(C(C)CC)c2)nn1,C31,0.8084385991096497,0.8084385991096497,0.7606174349784851,1.3278313875198364,0.0,30,3.55389404296875,4.84207010269165,1.8371131966756953,50.324715098425145,True,2,20,73.33333333333333,True,405.4620000000001,2.3819,0.6351849822394694,True,0.2903225806451613
P5-1v2_base_0132,P5-1v2_base,C=CC(=O)N1Cc2cccc(C(=O)Nc3cn([C@H](C)[C@H]4C[C@H](O)CO4)cn3)c2C1,C32,0.9673214554786682,0.9673214554786682,0.8364660143852234,1.155385971069336,0.0,29,0.8153141140937805,1.536478877067566,1.0240068020281878,22.31815910852282,True,3,21,100.0,True,396.4470000000002,1.8743999999999998,0.7524680756374235,True,0.5316455696202531
P5-1v2_base_0133,P5-1v2_base,C=CC(=O)Nc1cccc(C(=O)Nc2cn(-c3cn(C(=O)C(C)C)cn3)cn2)c1,C29,0.9485445618629456,0.9485445618629456,0.8215632438659668,1.2905758619308472,0.0,29,0.9492411613464355,1.8063080310821533,1.5847637524249474,67.64187180214807,True,3,19,93.10344827586206,True,392.4190000000001,2.7418000000000005,0.626798677444074,True,0.28735632183908044
P5-1v2_base_0134,P5-1v2_base,C=CC(=O)N1Cc2c(F)ccc(C(=O)Nc3cn(C(C)C)cn3)c2C1,C26,0.9762174487113953,0.9762174487113953,0.8390244841575623,1.1833609342575073,0.0,25,0.7565814256668091,1.3728611469268799,1.8405307196023644,49.62461664890097,True,4,18,96.0,True,342.37400000000014,2.8836000000000013,0.8689735797122045,True,0.4794520547945205
P5-1v2_base_0135,P5-1v2_base,C=CC(=O)N1CC(=O)c2c(cccc2C(=O)Nc2cn(Cc3ccccc3)cn2)C1,C28,0.9572721719741821,0.9572721719741821,0.8272094130516052,1.1310651302337646,0.0,30,0.8518210649490356,1.6333873271942139,1.8425742606744526,30.934055710078013,True,3,22,90.0,True,400.43800000000016,2.8946000000000014,0.6677094176432925,True,0.4430379746835443
P5-1v2_base_0136,P5-1v2_base,C=CC(=O)N1Cc2cccc(C(=O)Nc3cn(-c4cncn4C)cn3)c2[C@H]1C,C27,0.9686961770057678,0.9686961770057678,0.8278027772903442,1.2159816026687622,0.0,28,0.8537970781326294,1.5277798175811768,1.7565648177337485,35.76886838506218,True,3,20,89.28571428571429,True,376.4200000000001,2.4473000000000003,0.7090037940049324,True,0.39285714285714285
P5-1v2_base_0137,P5-1v2_base,C=CC(=O)N1Cc2ccccc2C1=O,C14,0.8940899968147278,0.8940899968147278,0.8169371485710144,1.0559526681900024,0.0,14,2.3314528465270996,3.077173948287964,1.9710876362556777,34.227919250219685,True,2,11,92.85714285714286,True,187.19799999999998,1.355,0.6222552038075966,True,0.2608695652173913
P5-1v2_base_0139,P5-1v2_base,C=CC(=O)N1CC2=CC(C(=O)Nc3cn(C(C)C)cn3)C(=CC=C2)C1,C28,0.9077272415161133,0.9077272415161133,0.8214141130447388,1.2994716167449951,0.0,25,1.3740694522857666,2.3644590377807617,1.634696800051923,39.608585280721485,True,3,19,84.0,True,338.41100000000006,2.469500000000001,0.8577605198095564,True,0.3058823529411765
P5-1v2_base_0138,P5-1v2_base,C=CC(=O)N1Cc2cccc(C(=O)Nc3cc(C(=O)n4cnc(C(C)C)c4)c(C)cn3)c2C1,C34,0.95124751329422,0.95124751329422,0.8302650451660156,1.2520478963851929,0.0,33,0.8889967203140259,1.7356435060501099,1.9566609634783427,38.278321622684444,True,4,22,87.87878787878788,True,443.5070000000002,3.6789200000000024,0.6069586568974689,True,0.5921052631578947
P5-1v2_base_0140,P5-1v2_base,C=CC(=O)N1Cc2cccc(C(=O)Cc3cn(C(C)C)cn3)c2C1,C27,0.9743549823760986,0.9743549823760986,0.8358438611030579,1.1981924772262573,0.0,24,0.7840411067008972,1.4312993288040161,1.9504850704888779,55.85257052637175,True,3,19,95.83333333333333,True,323.3960000000001,2.917600000000001,0.6278151173406611,True,0.5
P5-1v2_base_0141,P5-1v2_base,C=CC(=O)N1Cc2cccc(C(=O)Nc3cn(C(CC(F)(F)F)C(F)(F)F)cn3)c2C1,C28,0.9544234871864319,0.9544234871864319,0.8227179646492004,1.1726999282836914,0.0,31,0.8847789168357849,1.6640046834945679,1.7628918754705296,53.54490633764186,True,3,19,90.3225806451613,True,446.35100000000006,4.219400000000003,0.5526687878025823,True,0.5466666666666666
P5-1v2_base_0142,P5-1v2_base,C=CC(=O)N1Cc2cccc(C(=O)Nc3ncn(C(C(C)C)C4CC4)n3)c2C1,C32,0.9502301216125488,0.9502301216125488,0.832660973072052,1.1890004873275757,0.0,28,1.1044535636901855,1.840139389038086,1.8318157827412647,53.08976719837088,True,4,21,96.42857142857143,True,379.4640000000002,3.165700000000002,0.7820195678611088,True,0.5333333333333333
P5-1v2_base_0143,P5-1v2_base,C=CC(=O)N1Cc2cccc(C(=O)Nc3cc(C(C)C)cn3C(C)C)c2C1,C32,0.9484065771102905,0.9484065771102905,0.8210133910179138,1.2619624137878418,0.0,27,1.2410612106323242,1.9562952518463135,1.5533367628431378,55.095450093860336,True,2,22,77.77777777777777,True,365.47700000000015,4.472900000000004,0.7948073825398541,True,0.5652173913043478
P5-1v2_base_0144,P5-1v2_base,C=CC(=O)N1Cc2cccc(C(=N)Nc3cn(-c4cnccc4C)cn3)c2C1,C27,0.9745680093765259,0.9745680093765259,0.8303840756416321,1.1793497800827026,0.0,28,0.8147817254066467,1.4302576780319214,1.5647872564984686,39.11870987033035,True,4,21,96.42857142857143,True,372.43200000000013,3.0413900000000016,0.41863077766413836,True,0.4567901234567901
P5-1v2_base_0145,P5-1v2_base,C=CC(=O)N1Cc2c(C(=O)Nc3ccccc3)cn(Cc3ccccc3)c2C1,C26,0.8485699892044067,0.8485699892044067,0.7882087826728821,1.067071557044983,0.0,28,2.8261451721191406,3.9346213340759277,1.9629235784665664,50.330215307887926,True,1,23,96.42857142857143,True,371.44000000000017,3.816900000000003,0.6934793578782658,True,0.3684210526315789
P5-1v2_base_0147,P5-1v2_base,C=CC(=O)N1Cc2cccc(C)c2C1=O,C16,0.9052693247795105,0.9052693247795105,0.820497453212738,1.2587013244628906,0.0,15,2.013554334640503,2.8930487632751465,1.5018745695296911,41.916939217523066,True,1,12,86.66666666666667,True,201.22499999999997,1.66342,0.6478998420908143,True,0.28169014084507044
P5-1v2_base_0146,P5-1v2_base,C=CC(=O)N1Cc2cccc(C(C)(C)c3cn(Cc4cccc(=O)o4)cn3)c2C1,C29,0.8866351246833801,0.8866351246833801,0.7999860644340515,1.284179449081421,0.0,29,2.215273857116699,3.0326547622680664,1.4890240383889048,21.12264895050481,True,1,21,89.65517241379311,True,389.4550000000001,3.2387000000000024,0.6284692670396357,True,0.36470588235294116
P5-1v2_base_0148,P5-1v2_base,C=CC(=O)N1Cc2cccc(C(=O)Nc3cc(C)cnc3C)c2C1,C25,0.9388730525970459,0.9388730525970459,0.8187403678894043,1.2214049100875854,0.0,24,1.0941059589385986,1.8750776052474976,1.7119846800132281,2.5332199078366244,True,2,19,83.33333333333333,True,321.3800000000001,2.9789400000000015,0.8841242060271671,True,0.5588235294117647
P5-1v2_base_0149,P5-1v2_base,C=CC(=O)N1Cc2cccc(C(=O)Nc3cn(CCc4cccc(F)c4)cn3)c2C1,C28,0.9605108499526978,0.9605108499526978,0.8184735178947449,1.2558677196502686,0.0,30,0.8414444327354431,1.6403542757034302,1.593069475635007,43.617818232536564,True,4,23,96.66666666666667,True,404.4450000000001,3.5454000000000025,0.6392453184610684,True,0.5526315789473685
P5-1v2_base_0150,P5-1v2_base,C=CC(=O)N1Cc2cccc(C(=O)Nc3cn(C(C)=O)cn3)c2C1,C24,0.9766077399253845,0.9766077399253845,0.8340808153152466,1.2503434419631958,0.0,24,0.7338854074478149,1.3712644577026367,1.3480423056417783,35.39438733488859,True,4,17,100.0,True,324.3400000000001,1.8236999999999999,0.8729755979615298,True,0.5970149253731343
P5-1v2_base_0151,P5-1v2_base,C=CC(=O)N1Cc2cccc(C(=O)Nc3cn(C4CCC4)cn3)c2C1,C26,0.977185070514679,0.977185070514679,0.8418833613395691,1.0415407419204712,0.0,25,0.7259554862976074,1.3724164962768555,1.824496978265517,49.75895964610726,True,4,19,96.0,True,336.39500000000015,2.888600000000001,0.8731334007300509,True,0.5492957746478874
P5-1v2_base_0152,P5-1v2_base,C=CC(=O)NC1=NCCc2cccc(C(=O)Nc3cccc(C)c3)c2N1,C27,0.9349774718284607,0.9349774718284607,0.8122678995132446,1.1802873611450195,0.0,26,1.2587742805480957,2.1001715660095215,1.8933994640856944,31.73780177063324,True,1,19,88.46153846153847,True,348.40600000000006,2.87352,0.7460611523404651,True,0.2823529411764706
P5-1v2_base_0153,P5-1v2_base,C=CC(=O)N1Cc2cccc(C(=O)Nc3cn(C(=O)C(CC(C)C)C(C)(C)O)nn3)c2C1,C39,0.8734453916549683,0.8734453916549683,0.8072245717048645,1.2519562244415283,0.0,32,1.8602951765060425,2.987905979156494,1.4627894818120615,20.121142593679195,True,2,21,71.875,True,439.51600000000025,2.6320000000000006,0.6406576682291464,True,0.5384615384615384
P5-1v2_base_0154,P5-1v2_base,C=CC(=O)N1Cc2cccc(C(=O)c3cn(Cc4ccccn4)cn3)c2C1,C25,0.9417726993560791,0.9417726993560791,0.8287205100059509,1.2262386083602905,0.0,27,1.2947522401809692,2.0077548027038574,1.9099615062874957,29.657620809626593,True,2,21,88.88888888888889,True,358.40100000000007,2.5856000000000003,0.51928054385857,True,0.4342105263157895
P5-1v2_base_0156,P5-1v2_base,C=CC(=O)N1Cc2cccc(C(=O)Nc3ccncc3)c2C1,C21,0.9345759153366089,0.9345759153366089,0.8173508644104004,1.1650294065475464,0.0,22,1.3289873600006104,2.041983127593994,1.7043145267819557,15.04269091744564,True,1,17,90.9090909090909,True,293.3260000000001,2.3621,0.8836717841297176,True,0.5384615384615384
P5-1v2_base_0155,P5-1v2_base,C=CC(=O)N1Cc2cccc(C(=O)Nc3ccc(C(=O)Nc4ncc(C)c(C(C)C)c4C)cn3)c2C1,C38,0.8054245710372925,0.8054245710372925,0.778573215007782,1.4500607252120972,0.0,36,3.259018898010254,4.426427364349365,1.7507966595810032,3.819735279186375,True,2,28,83.33333333333333,True,483.5720000000003,4.749640000000004,0.49257667394134647,True,0.5714285714285714
P5-1v2_base_0157,P5-1v2_base,C=CC(=O)N1Cc2cccc(C(=O)Nc3ccc(C(C)C)cn3)c2C1,C27,0.9318946599960327,0.9318946599960327,0.8185721635818481,1.2921905517578125,0.0,25,1.5138589143753052,2.210080862045288,1.9657665161966715,41.19744212220522,True,4,20,100.0,True,335.4070000000001,3.4855000000000027,0.8701696546744794,True,0.6984126984126984
P5-1v2_base_0159,P5-1v2_base,C=CC(=O)N1CCc2c(cccc2C(=O)Nc2cn(C(C)C)cn2)N1,C27,0.9619183540344238,0.9619183540344238,0.8344303369522095,1.2502415180206299,0.0,25,0.8329014778137207,1.5850545167922974,1.937718405470722,18.817411288556684,True,3,18,100.0,True,339.39900000000006,2.6139,0.8394068941747242,True,0.4
P5-1v2_base_0158,P5-1v2_base,C=CC(=O)N1Cc2cccc(C(=O)Nc3cn(C(=O)C4CC(=O)N(c5cn(C(C)C)cn5)C4)cn3)c2C1,C38,0.9553921818733215,0.9553921818733215,0.8236574530601501,1.1220002174377441,0.0,37,0.7485796809196472,1.6021697521209717,1.5754507482304843,34.034736856554304,True,4,26,86.48648648648648,True,501.5470000000003,2.6343000000000005,0.518360775491096,True,0.5058823529411764
P5-1v2_base_0160,P5-1v2_base,C=CC(=O)N1Cc2cccc(C(=O)Nc3cn(-c4ccc(C)cn4)nn3)c2C1,C26,0.9313739538192749,0.9313739538192749,0.8109437823295593,1.258775234222412,0.0,28,1.3948659896850586,2.192364454269409,1.9037602261051692,51.61557817478749,True,4,20,96.42857142857143,True,374.4040000000001,2.25122,0.7072401074188961,True,0.5540540540540541
P5-1v2_base_0161,P5-1v2_base,C=CC(=O)N1Cc2cccc(C(=O)Nc3cn([C@H](C)C(C)C)cn3)c2C1,C30,0.9750328063964844,0.9750328063964844,0.8530570864677429,1.150354027748108,0.0,26,0.7532116770744324,1.4249025583267212,1.2661012413310397,50.286029473920365,True,4,20,100.0,True,352.4380000000001,3.380600000000002,0.8390036205276307,True,0.6417910447761194
P5-1v2_base_0162,P5-1v2_base,C=CC(=O)Nc1cccc(C(=O)Nc2cn(C(C)C)cn2)c1,C24,0.9716152548789978,0.9716152548789978,0.8318573236465454,1.233605980873108,0.0,22,0.7072851061820984,1.3874733448028564,1.4055815882046834,29.857199392254273,True,3,16,100.0,True,298.346,2.8408000000000007,0.8333393938870753,True,0.32051282051282054
P5-1v2_base_0163,P5-1v2_base,C=CC(=O)N1Cc2cccc(C(=O)Nc3ccn(C(C)(C)C)c3)c2C1,C28,0.9504973292350769,0.9504973292350769,0.8257285952568054,1.2350831031799316,0.0,25,1.011309027671814,1.747694730758667,1.5124606811418289,2.2907516003058106,True,2,20,92.0,True,337.4230000000001,3.5236000000000027,0.8713572014948928,True,0.5142857142857142
P5-1v2_base_0164,P5-1v2_base,C=CC(=O)N1CC2=C(C1)N1C=C(N=CC1C(C)c1ccccc1)NC(=O)C(C1CC1)=CN=C2,C36,0.8196333050727844,0.8196333050727844,0.7732785940170288,1.3232728242874146,0.0,33,3.1078948974609375,4.15718412399292,1.9406512449690694,45.04864338567435,True,3,24,81.81818181818181,True,441.5350000000002,3.120800000000001,0.7296499999502698,True,0.25773195876288657
P5-1v2_base_0165,P5-1v2_base,C=CC(=O)N1Cc2cccc(CC(=O)Nc3cn(C(C)C)c4cnc(C(F)F)cc34)c2C1,C32,0.8607442378997803,0.8607442378997803,0.7793259024620056,1.3030524253845215,0.0,32,2.399118661880493,3.413494110107422,1.5061203997356911,48.44842447222561,True,3,22,87.5,True,438.4780000000002,4.764200000000004,0.564305187168695,True,0.41379310344827586
P5-1v2_base_0166,P5-1v2_base,C=CC(=O)N1Cc2ccccc2[C@H]1C(=O)N1CNc2ccccc2C1,C24,0.8009549975395203,0.8009549975395203,0.7746092677116394,1.2758194208145142,0.0,25,3.895090103149414,4.9925856590271,1.951267302191065,44.81603944629222,True,0,19,76.0,True,333.3910000000001,2.667700000000001,0.859876373995063,True,0.28205128205128205
P5-1v2_base_0168,P5-1v2_base,C=CC(=O)N1Cc2c(C)cccc2C(Nc2cn(C(C)C)cn2)C1,C28,0.9717161655426025,0.9717161655426025,0.8405001759529114,1.2273406982421875,0.0,24,0.7897592782974243,1.4510676860809326,1.1731487253115018,30.659592962313894,True,2,19,91.66666666666667,True,324.4280000000001,3.453820000000002,0.8764307420320478,True,0.35802469135802467
P5-1v2_base_0167,P5-1v2_base,C=CC(=O)N1Cc2cccc(C(=O)Nc3ccc(C(C)C(C)C)nc3)c2C1,C31,0.9309179782867432,0.9309179782867432,0.8239969611167908,1.27138090133667,0.0,27,1.5975725650787354,2.2505228519439697,1.550639772545514,29.466967788817527,True,3,22,70.37037037037037,True,363.4610000000001,4.1216000000000035,0.8129288605782764,True,0.5714285714285714
P5-1v2_base_0169,P5-1v2_base,C=CC(=O)N1Cc2cccc(C(=O)Nc3cn(C(=O)CCl)cn3)c2C1,C24,0.9790503978729248,0.9790503978729248,0.8407779932022095,1.1959552764892578,0.0,25,0.6618309617042542,1.3406201601028442,1.7904779810430504,39.28324564412742,True,4,17,92.0,True,358.7850000000001,2.0425999999999997,0.6692545602174375,True,0.5714285714285714
P5-1v2_base_0170,P5-1v2_base,C=CC(=O)N1Cc2cccc(-n3cnc(Nc4ccn(C(C)C)c4)n3)c2C1,C27,0.9558655023574829,0.9558655023574829,0.8336917757987976,1.1165924072265625,0.0,27,0.8824852705001831,1.6083279848098755,1.8755784162225801,46.74063240384763,True,2,20,92.5925925925926,True,362.4370000000001,3.4215000000000018,0.7063474041400754,True,0.41975308641975306
P5-1v2_base_0171,P5-1v2_base,C=CC(=O)N1Cc2cccc(C(=O)Nc3cc(C4(C)CC(C)(C)C4C(F)(F)F)c(F)cn3)c2C1,C35,0.9554731845855713,0.9554731845855713,0.8199965357780457,1.2366245985031128,0.0,34,0.906874418258667,1.7052671909332275,1.2317973215590288,18.768709223454366,True,4,25,91.17647058823529,True,475.48600000000016,5.367300000000005,0.4780024001304778,True,0.525
P5-1v2_base_0172,P5-1v2_base,C=CC(=O)N1Cc2ccc(C(=O)Nc3cn(C(=O)C(C)C)cn3)cc2C1,C28,0.97047358751297,0.97047358751297,0.8374013304710388,1.232710838317871,0.0,26,0.6901624202728271,1.4417484998703003,1.875992155767182,31.280377457469996,True,2,19,80.76923076923077,True,352.3940000000001,2.4598000000000004,0.8568564292795802,True,0.40789473684210525
P5-1v2_base_0173,P5-1v2_base,C=CC(=O)N1Cc2ccc(C(=O)c3cncn3C(=O)c3cn(C4CCC4)cn3)cc21,C28,0.8793676495552063,0.8793676495552063,0.812853991985321,1.2245314121246338,0.0,30,2.0270886421203613,3.132502794265747,1.953757665141713,57.45035495833349,True,4,21,90.0,True,401.42600000000016,2.7567000000000013,0.48438515601042803,True,0.20618556701030927
P5-1v2_base_0175,P5-1v2_base,C=CC(=O)N1Cc2cccc(C(=O)Nc3cn(C(=O)C=C)cn3)c2C1,C24,0.971284031867981,0.971284031867981,0.8363062143325806,1.2459107637405396,0.0,25,0.7999674081802368,1.5212661027908325,1.9669549087358358,50.10930193592134,True,4,18,92.0,True,336.3510000000001,1.9897999999999998,0.8655267697472355,True,0.6
P5-1v2_base_0174,P5-1v2_base,C=CC(=O)NCc1cccc(C(=O)Nc2cccc(C(=O)Nc3cn(C(C)C)cn3)c2)c1,C33,0.9510036706924438,0.9510036706924438,0.8390366435050964,1.1998775005340576,0.0,32,0.8017858266830444,1.6396727561950684,1.5010110991261851,60.15414690063969,True,3,21,87.5,True,431.49600000000015,3.770800000000002,0.47224379782808656,True,0.3023255813953488
P5-1v2_base_0176,P5-1v2_base,C=CC(=O)N1Cc2cccc(C(=O)Nc3cc(C)ccn3)c2CN(C(=O)C(C)C)C1,C34,0.9592323899269104,0.9592323899269104,0.843795120716095,0.892149806022644,0.0,30,0.7792835831642151,1.503882646560669,1.9573296596639,54.75128385118697,True,4,23,90.0,True,406.4860000000002,3.1126200000000015,0.7912020537459077,True,0.5333333333333333
P5-1v2_base_0177,P5-1v2_base,C=CC(=O)N1Cc2cccc(C)c2C1c1cnccc1CNc1cn(C(C)=O)cn1,C30,0.9301352500915527,0.9301352500915527,0.832536518573761,1.192121148109436,0.0,30,1.382049322128296,2.171377420425415,1.8058878087522467,45.4703457352156,True,2,23,96.66666666666667,True,401.47000000000014,3.476320000000002,0.6623535606038151,True,0.28421052631578947
P5-1v2_base_0178,P5-1v2_base,C=CC(=O)N1Cc2cccc(C(=O)Nc3cc(C(C)(C)C)n(C)c3)c2C1,C30,0.9678148031234741,0.9678148031234741,0.8252119421958923,1.217203974723816,0.0,26,0.8363404273986816,1.6199815273284912,1.9779298941064638,34.71180746703024,True,2,21,76.92307692307692,True,351.4500000000001,3.603100000000002,0.8591691695422545,True,0.5285714285714286
P5-1v2_base_0179,P5-1v2_base,C=CC(=O)Nc1cn([C@H](C)C(=O)Nc2cccc(C)c2)c2cnc(C)c(C)c12,C30,0.8873098492622375,0.8873098492622375,0.778550386428833,1.298702597618103,0.0,28,1.8415786027908325,2.7990036010742188,1.9193786860856823,12.715946678499577,True,2,21,85.71428571428571,True,376.46000000000015,4.285760000000003,0.652500339419645,True,0.24444444444444444
P5-1v2_base_0180,P5-1v2_base,C=CC(=O)N1Cc2cccc(C(=O)Nc3cn(C(C)CC)nc3C)c2C1,C30,0.8975650072097778,0.8975650072097778,0.8286101222038269,1.1686019897460938,0.0,26,2.129298448562622,2.91469144821167,1.9595981317351794,52.24557498155971,True,2,19,92.3076923076923,True,352.43800000000016,3.4430200000000024,0.8383319010226994,True,0.5694444444444444
P5-1v2_base_0181,P5-1v2_base,C=CC(=O)N1Cc2cccc(C(=O)Nc3cnnc(C(C)C)c3)c2C1,C27,0.9284911751747131,0.9284911751747131,0.8256639838218689,1.1277751922607422,0.0,25,1.4329867362976074,2.227524995803833,1.9442105494518847,26.21688164758342,True,2,19,100.0,True,336.3950000000001,2.8805000000000014,0.8712695299433523,True,0.5714285714285714
P5-1v2_base_0182,P5-1v2_base,C=CC(=O)N1Cc2cccc(C(=O)Nc3cn(C(=O)NC(C)=O)cn3)c2C1,C27,0.9695160388946533,0.9695160388946533,0.8354620337486267,1.2118113040924072,0.0,27,0.779025673866272,1.4855507612228394,1.9554555588660163,52.750895565805536,True,4,18,92.5925925925926,True,367.3650000000001,1.2677999999999998,0.7932957761101703,True,0.5633802816901409
P5-1v2_base_0184,P5-1v2_base,C=CC(=O)N1Cc2cccc(C(=O)Nc3cnc(C(C)=O)cn3)c2C1,C25,0.941257894039154,0.941257894039154,0.8160483241081238,1.2958518266677856,0.0,25,1.305842638015747,2.0308077335357666,1.968479150969092,55.55052048179445,True,4,18,100.0,True,336.3510000000001,1.9596999999999998,0.6804703483767187,True,0.671875
P5-1v2_base_0183,P5-1v2_base,C=CC(=O)N1CCc2c(cccc2Nc2cncc(NC(=O)c3cn(C(C)C)cn3)n2)C1,C33,0.8633834719657898,0.8633834719657898,0.7973171472549438,1.3126754760742188,0.0,32,2.174957752227783,3.3622422218322754,1.9636440829488424,66.3438740710005,True,1,23,81.25,True,431.5000000000002,3.3206000000000016,0.5803213586408368,True,0.4186046511627907
P5-1v2_base_0185,P5-1v2_base,C=CC(=O)N1Cc2cccc(C(=O)Nc3cn(CC4CC4c4ccccc4)cn3)c2C1,C30,0.9584020376205444,0.9584020376205444,0.8214511275291443,1.2138538360595703,0.0,31,0.7838894128799438,1.5852413177490234,1.7226875567264095,45.89479273328348,True,4,25,93.54838709677419,True,412.49300000000017,3.9673000000000025,0.6232521602218056,True,0.5324675324675324
P5-1v2_base_0186,P5-1v2_base,C=CC(=O)N1Cc2cccc(C(=O)Nc3cn(C(=O)CCOC(C)C)cn3)c2C1,C33,0.9775350689888,0.9775350689888,0.8485038876533508,1.1696680784225464,0.0,29,0.621587336063385,1.3132877349853516,1.8489806513049296,49.768570990278704,True,5,21,86.20689655172414,True,396.44700000000023,2.618900000000001,0.72638478908823,True,0.5733333333333334
P5-1v2_base_0187,P5-1v2_base,C=CC(=O)N1Cc2cccc(C(=O)Nc3cn(C(=O)CC(=O)N4Cc5ccccc5CC4N)cn3)c2C1,C36,0.9551386833190918,0.9551386833190918,0.8352584838867188,1.2404131889343262,0.0,37,0.797585666179657,1.5756418704986572,1.465067051776129,39.51693471583076,True,6,26,83.78378378378379,True,498.54300000000035,2.063599999999999,0.40909249246061746,True,0.5
P5-1v2_base_0188,P5-1v2_base,C=CC(=O)N1Cc2cccc(C(=O)Nc3cn(C4CC(C)C4)cn3)c2C1,C28,0.9741032123565674,0.9741032123565674,0.8367488980293274,1.234390139579773,0.0,26,0.7343069314956665,1.470720648765564,1.3630845140709364,8.73985328244214,True,3,19,100.0,True,350.42200000000014,3.1346000000000016,0.8616238890988716,True,0.5555555555555556
P5-1v2_base_0191,P5-1v2_base,C=CC(=O)Nc1cccc(C(=O)N2Cc3ccccc3C2=O)c1,C21,0.8655487298965454,0.8655487298965454,0.8019251227378845,1.2672643661499023,0.0,23,2.5820696353912354,3.526914358139038,1.9487485707756167,47.78240814682903,True,2,17,100.0,True,306.321,2.6073000000000004,0.6999424358258803,True,0.23170731707317074
P5-1v2_base_0190,P5-1v2_base,C=CC(=O)N1Cc2cccc(C(=O)Nc3cc(C)n(-c4ncn(C)n4)c3)c2C1,C27,0.8776600360870361,0.8776600360870361,0.7966890931129456,1.258538842201233,0.0,28,1.7831687927246094,2.7203943729400635,1.8670337169156839,17.14521836001836,True,3,19,85.71428571428571,True,376.42000000000013,2.1947200000000002,0.7076099226390467,True,0.5466666666666666
P5-1v2_base_0189,P5-1v2_base,C=CC(=O)N(Cc1cccc(C)c1)c1cccc(C(=O)Nc2cnc(C(C)C)cn2)c1,C33,0.9205522537231445,0.9205522537231445,0.8246453404426575,1.2658611536026,0.0,31,1.2086690664291382,2.046877861022949,1.9608057075855325,22.369690770957703,True,3,22,74.19354838709677,True,414.5090000000001,4.879920000000003,0.559260980241265,True,0.3372093023255814
P5-1v2_base_0193,P5-1v2_base,C=CC(=O)N1Cc2cccc(C(=O)Nc3cn4c(n3)C(C)(C)C(=O)N4)c2C1,C27,0.9081846475601196,0.9081846475601196,0.817399799823761,1.0799713134765625,0.0,27,1.70734441280365,2.5345466136932373,1.954371993787261,43.84639445070539,True,3,19,88.88888888888889,True,365.39300000000014,1.5249,0.806363963061109,True,0.5694444444444444
P5-1v2_base_0192,P5-1v2_base,C=CC(=O)N1Cc2cccc(C(=O)Nc3cnn([C@@H]4[C@H](COc5c(C)cc(F)cc5C)CN4C)c3)c2C1,C38,0.8879193663597107,0.8879193663597107,0.771255612373352,1.256211280822754,0.0,37,2.264796495437622,3.150505781173706,1.9570806178080669,60.85498196867846,True,3,28,67.56756756756756,True,503.5780000000004,4.058740000000004,0.49223584408632154,True,0.4772727272727273
P5-1v2_base_0194,P5-1v2_base,C=CC(=O)N1Cc2cccc(C(=O)Nc3cn(C(C)CO)cn3)c2C1,C27,0.9735947251319885,0.9735947251319885,0.8338931202888489,1.179215669631958,0.0,25,0.7773881554603577,1.4257948398590088,1.9632016159834427,58.41196997223136,True,4,18,96.0,True,340.3830000000001,1.7168999999999999,0.8114430626476531,True,0.6323529411764706
P5-1v2_base_0195,P5-1v2_base,C=CC(=O)N1Cc2cccc(C(=O)Nc3cn([C@H](C)[C@@H](C)F)cn3)c2C1,C28,0.9740861654281616,0.9740861654281616,0.8399789929389954,1.1756006479263306,0.0,26,0.7474333047866821,1.407936453819275,1.939074255566299,54.00773868759575,True,4,19,96.15384615384616,True,356.40100000000007,3.082600000000001,0.837406079926171,True,0.6231884057971014
P5-1v2_base_0197,P5-1v2_base,C=CC(=O)N1Cc2cccc(C(=O)Nc3cn([C@@H](C)CC)cn3)c2C1,C28,0.9747795462608337,0.9747795462608337,0.8479849100112915,1.0509634017944336,0.0,25,0.7379739284515381,1.4082136154174805,1.6647956937113941,35.19357591908579,True,4,19,96.0,True,338.4110000000001,3.1346000000000016,0.8518112983325309,True,0.6231884057971014
P5-1v2_base_0199,P5-1v2_base,C=CC(=O)N1CC(=O)c2c(cccc2C(=O)Nc2cnccn2)C1,C23,0.9534461498260498,0.9534461498260498,0.8148534893989563,1.1897203922271729,0.0,24,0.9650132060050964,1.6963164806365967,1.9731296670518144,47.76214200325168,True,2,17,91.66666666666667,True,322.32400000000007,1.4397999999999997,0.8633045969440262,True,0.4861111111111111
P5-1v2_base_0196,P5-1v2_base,C=CC(=O)N1Cc2cccc(C(=O)Nc3cnc(CC(=O)NC(C4CCC4)C(C)(C)C)cn3)c2C1,C42,0.9635602831840515,0.9635602831840515,0.8207966685295105,1.2014386653900146,0.0,35,0.8154574632644653,1.575126051902771,1.9558858228945775,9.163770602225284,True,2,25,88.57142857142857,True,475.5930000000003,3.630600000000002,0.5953262120627411,True,0.5625
P5-1v2_base_0198,P5-1v2_base,C=CC(=O)N1CC2=C[C@H](Nc3cnn(C(C)C)c3)C(=CC=C2)C1,C26,0.8623590469360352,0.8623590469360352,0.8044335246086121,1.031032681465149,0.0,23,2.781984329223633,3.6861865520477295,1.981638319320658,65.39746545437711,True,1,15,78.26086956521739,True,310.40100000000007,2.6953000000000005,0.8700032743036897,True,0.2857142857142857
P5-1v2_base_0200,P5-1v2_base,C=CC(=O)N1Cc2cccc(C(=O)Nc3cn(C(=O)C4CC4)cn3)c2C1,C26,0.975436806678772,0.975436806678772,0.8282482028007507,1.2175450325012207,0.0,26,0.7410193681716919,1.4360674619674683,1.7669288067434963,46.35652034227482,True,4,19,92.3076923076923,True,350.37800000000016,2.2138,0.8570716344024962,True,0.5714285714285714
P5-1v2_base_0201,P5-1v2_base,C=CC(=O)N1Cc2cccc(C(=O)Nc3cn([C@H](C)C(=O)Oc4ccccc4)cn3)c2C1,C31,0.9678833484649658,0.9678833484649658,0.8293415307998657,1.2204703092575073,0.0,32,0.7477723360061646,1.501185417175293,1.8577405617308358,51.499977426299495,True,4,24,96.875,True,430.46400000000017,3.3302000000000023,0.3678436913381404,True,0.5526315789473685
P5-1v2_base_0202,P5-1v2_base,C=CC(=O)N1Cc2cccc(C(=O)Nc3cn(C4CCCC4)cn3)c2C1,C28,0.9752388000488281,0.9752388000488281,0.8285051584243774,1.2043548822402954,0.0,26,0.7069070339202881,1.434188723564148,1.5165626250504798,46.90050231521823,True,4,20,96.15384615384616,True,350.4220000000002,3.2787000000000015,0.8606797030040113,True,0.5492957746478874
P5-1v2_base_0203,P5-1v2_base,C=CC(=O)N(c1cccc(C)c1C)[C@H](C)c1ccn(C(=O)CCc2ccccc2)n1,C33,0.9561243653297424,0.9561243653297424,0.8358739018440247,1.220149040222168,0.0,30,1.0695242881774902,1.7569119930267334,1.9235678588238052,10.39268073811705,True,1,24,80.0,True,401.51000000000016,5.053140000000004,0.5205033837078693,True,0.20430107526881722
P5-1v2_base_0205,P5-1v2_base,C=CC(=O)N1COCc2c(cccc2C(=O)c2cn(C(C)C)cn2)C1,C28,0.9490593671798706,0.9490593671798706,0.8379867672920227,1.1527653932571411,0.0,25,1.0909907817840576,1.8743242025375366,1.974325335019537,55.135249065431026,True,3,19,92.0,True,339.3950000000001,2.697300000000001,0.634517473062143,True,0.41025641025641024
P5-1v2_base_0204,P5-1v2_base,C=CC(=O)N1Cc2cccc(C(=O)Nc3cn(C4CCN(C(C)=O)CC4)cn3)c2C1,C33,0.9632968902587891,0.9632968902587891,0.8203338980674744,1.2225123643875122,0.0,30,0.8728158473968506,1.68594491481781,1.963800845910808,4.384646099844701,True,5,22,96.66666666666667,True,407.4740000000003,2.3470000000000004,0.7884187477470718,True,0.5405405405405406
P5-1v2_base_0207,P5-1v2_base,C=CC(=O)N1Cc2cccc(C(=O)Nc3cn(C(=O)NC(C)C(=C)CO)cn3)c2C1,C32,0.967445433139801,0.967445433139801,0.8392543792724609,1.1499989032745361,0.0,30,0.7752009630203247,1.459096908569336,1.9685379748940581,31.337706003395652,True,5,21,90.0,True,409.4460000000002,1.6582999999999999,0.4955885060176006,True,0.5657894736842105
P5-1v2_base_0206,P5-1v2_base,C=CC(=O)N1Cc2cccc(C(=O)Nc3cn([C@H](C)[C@@H](C(=O)[C@H](C)CF)C(F)F)cn3)c2C1,C36,0.9664400219917297,0.9664400219917297,0.835742175579071,1.233933687210083,0.0,33,0.7643362879753113,1.513559103012085,1.6914362100298075,19.206298916828402,True,4,23,87.87878787878788,True,462.47200000000015,3.7806000000000033,0.5751587284028825,True,0.5714285714285714
P5-1v2_base_0208,P5-1v2_base,C=CC(=O)N1Cc2cccc(C(=O)Nc3cn(C(=O)Nc4ccc(C(F)(F)F)cc4)cn3)c2C1,C29,0.951443076133728,0.951443076133728,0.7939807772636414,1.2634871006011963,0.0,34,0.9134209156036377,1.7957422733306885,1.5082142858692174,42.31557875488838,True,4,23,91.17647058823529,True,469.4230000000001,4.262600000000003,0.5583329750376165,True,0.5
P5-1v2_base_0209,P5-1v2_base,C=CC(=O)N1Cc2cccc(C(=O)Nc3cn(C(C)(C)C)nn3)c2C1,C28,0.9468469619750977,0.9468469619750977,0.8305197954177856,1.1737630367279053,0.0,25,1.2337052822113037,1.9374531507492065,1.9652292955530635,57.09041876560593,True,4,18,88.0,True,339.3990000000001,2.3136,0.8703905830574349,True,0.5652173913043478
P5-1v2_base_0210,P5-1v2_base,C=CC(=O)N1Cc2cccc(C(=O)Nc3cn(C(=O)C=CN(C(=O)NC)C(C)C)cc3C)c2C1,C38,0.9244422316551208,0.9244422316551208,0.8218642473220825,1.05843985080719,0.0,34,1.3064310550689697,2.1115546226501465,1.7222034301731017,37.269060257463934,True,3,23,91.17647058823529,True,463.53800000000024,3.2807200000000023,0.6418039415445744,True,0.4634146341463415
P5-1v2_base_0211,P5-1v2_base,C=CC(=O)N1Cc2cccc(C(=O)Nc3cn(-c4ccccn4)cn3)c2C1,C24,0.9675792455673218,0.9675792455673218,0.8314013481140137,1.2279075384140015,0.0,27,0.8922442197799683,1.606204867362976,1.8867960895390892,28.4563991291474,True,3,20,96.29629629629629,True,359.38900000000007,2.5478000000000005,0.7261845443765501,True,0.5416666666666666
P5-1v2_base_0212,P5-1v2_base,C=CC(=O)N1Cc2cccc(C(=O)Nc3cn(C(=O)C(C)(C)C)cn3)c2C1,C30,0.9787612557411194,0.9787612557411194,0.8465282320976257,1.1245981454849243,0.0,27,0.6816911697387695,1.3135184049606323,1.3037708943292148,25.402112864647847,True,4,20,96.29629629629629,True,366.42100000000016,2.8499000000000008,0.8467842665243794,True,0.5714285714285714
P5-1v2_base_0213,P5-1v2_base,C=CC(=O)N1Cc2cccc(C(=O)Nc3cn(C(=O)CBr)cn3)c2C1,C24,0.9766659140586853,0.9766659140586853,0.8383521437644958,1.2419543266296387,0.0,25,0.6965654492378235,1.4045822620391846,1.2151063586781197,8.068698060141429,True,4,17,96.0,True,403.2360000000001,2.1986999999999997,0.6268594290772947,True,0.5714285714285714
P5-1v2_base_0215,P5-1v2_base,C=CC(=O)N1Cc2ccc(C(=O)Nc3cnc4[nH]ncc4c3)cc2C1,C22,0.923282265663147,0.923282265663147,0.8178812861442566,1.2437596321105957,0.0,25,1.0519577264785767,1.9023443460464478,1.9536701660976457,55.97452224882926,True,3,18,88.0,True,333.3510000000001,2.2383999999999995,0.7192357193995865,True,0.3291139240506329
P5-1v2_base_0214,P5-1v2_base,C=CC(=O)N1Cc2cccc(C(=O)Nc3cc(N)cn3C(=O)c3cccn3C(C)C)c2C1,C32,0.9649631977081299,0.9649631977081299,0.8559581637382507,1.0945096015930176,0.0,32,0.9329732060432434,1.5592509508132935,1.4993978313309646,28.722340277033624,True,3,21,90.625,True,431.4960000000002,3.421700000000002,0.6043922190757866,True,0.4691358024691358
P5-1v2_base_0216,P5-1v2_base,C=CC(=O)N1Cc2cccc(C(=O)Nc3ccnn3C)c2C1,C22,0.9366605281829834,0.9366605281829834,0.8209188580513,1.2356263399124146,0.0,22,1.3314483165740967,2.1188571453094482,1.8552815455612097,12.340174897713595,True,1,15,95.45454545454545,True,296.3300000000001,1.7006,0.8766533781081279,True,0.5522388059701493
P5-1v2_base_0217,P5-1v2_base,C=CC(=O)N1Cc2cccc(C(=O)Nc3cn(C(=O)NC(C)(C)C)cn3)c2C1,C31,0.9706609845161438,0.9706609845161438,0.8394775390625,1.1822514533996582,0.0,28,0.8063468337059021,1.5005974769592285,1.8140886644814256,39.64113007197065,True,4,20,92.85714285714286,True,381.43600000000015,2.5198,0.7987015425303152,True,0.5555555555555556
P5-1v2_base_0218,P5-1v2_base,C=CC(=O)N1Cc2cccc(CN(Cc3ccccc3)C(=O)Nc3cn(C(C)C)cn3)c2C1,C35,0.9511713981628418,0.9511713981628418,0.8348278403282166,1.1384741067886353,0.0,33,0.8974902629852295,1.716430902481079,1.550615908727885,6.486762733013947,True,2,23,81.81818181818181,True,443.55100000000016,4.726500000000003,0.5370257359077083,True,0.43373493975903615
P5-1v2_base_0220,P5-1v2_base,C=CC(=O)NCc1cccc(C(=O)Nc2cn(C(C)C)cn2)c1,C26,0.9649441242218018,0.9649441242218018,0.8240434527397156,1.1974806785583496,0.0,23,0.8240222930908203,1.4799485206604004,1.9323489831290825,51.46410654233216,True,4,17,100.0,True,312.37300000000005,2.5185000000000004,0.8047572165714513,True,0.32098765432098764
P5-1v2_base_0221,P5-1v2_base,C=CC(=O)N1Cc2ccc(C(=O)Nc3cn(C(=O)C(C)C)cn3)cc21,C26,0.9732961654663086,0.9732961654663086,0.8394843935966492,1.217049241065979,0.0,25,0.7659028768539429,1.4267239570617676,1.8445583773901013,0.4150856469972979,True,2,18,88.0,True,338.3670000000001,2.464200000000001,0.8680556409145258,True,0.345679012345679
P5-1v2_base_0222,P5-1v2_base,C=CC(=O)N1Cc2ccc(C(=O)Nc3cn([C@H](C)CO)cn3)cc2C1,C27,0.9613785147666931,0.9613785147666931,0.825492799282074,1.236762523651123,0.0,25,0.8824073076248169,1.6292037963867188,1.9529387339852717,0.6049449448134396,True,2,18,92.0,True,340.3830000000001,1.7169,0.8114430626476531,True,0.42105263157894735
P5-1v2_base_0219,P5-1v2_base,C=CC(=O)N1Cc2cccc(C(=O)Nc3cn(C(=O)Nc4cccc(C(F)C(=O)C(C)(F)F)c4)cn3)c2C1,C35,0.96588134765625,0.96588134765625,0.810414731502533,1.2067396640777588,0.0,38,0.8036923408508301,1.5719364881515503,1.9651466025973747,5.644556877158308,True,7,26,92.10526315789474,True,525.4870000000001,4.478700000000003,0.4419394993879887,True,0.47674418604651164
P5-1v2_base_0223,P5-1v2_base,C=CC(=O)N1Cc2cccc(C(=O)Nc3cc(Cl)n(C)c3)c2C1,C22,0.9300311207771301,0.9300311207771301,0.8044207692146301,1.2093594074249268,0.0,23,1.4876556396484375,2.2344439029693604,1.8821271772385606,28.033938658863434,True,3,17,100.0,True,329.7870000000001,2.9590000000000014,0.8801683552201467,True,0.5362318840579711
P5-1v2_base_0224,P5-1v2_base,C=CC(=O)N1Cc2cccc(C(=O)Nc3cn([C@H](C)Cc4ccccn4)cn3)c2C1,C30,0.9421036839485168,0.9421036839485168,0.8162503242492676,1.2788429260253906,0.0,30,0.9459080100059509,1.8180197477340698,1.9123806626819873,54.9999645604218,True,4,23,93.33333333333333,True,401.47000000000014,3.362300000000002,0.6425005893907519,True,0.5657894736842105
P5-1v2_base_0225,P5-1v2_base,C=CC(=O)NC(=O)c1cccc(C(=O)Nc2cn(C(C)C)cn2)c1,C26,0.9728668928146362,0.9728668928146362,0.8373585939407349,1.1931530237197876,0.0,24,0.7201398015022278,1.3574981689453125,1.9564195558979656,24.48480489826764,True,3,17,100.0,True,326.35600000000005,2.1586999999999996,0.8234744914991861,True,0.3246753246753247
P5-1v2_base_0226,P5-1v2_base,C=CC(=O)N1Cc2cccc(C(=O)Nc3cn([C@H](C)c4cn(CC(C)CC)o4)cn3)c2C1,C36,0.9720228910446167,0.9720228910446167,0.8350223898887634,1.23638916015625,0.0,32,0.7244829535484314,1.407806158065796,1.4393346352047525,12.840140644900359,True,3,23,87.5,True,435.52800000000025,4.213500000000003,0.5371852466615129,True,0.5512820512820513
P5-1v2_base_0227,P5-1v2_base,C=CC(=O)N1Cc2cccc(C(=O)Nc3cn(C(=O)c4cccc(C)c4)nc3C)c2C1,C30,0.869041383266449,0.869041383266449,0.8083794713020325,1.0048387050628662,0.0,31,2.4412686824798584,3.473618507385254,1.7376242480467419,14.368915418164264,True,2,24,87.09677419354838,True,414.4650000000002,3.4689400000000026,0.6628169532647131,True,0.4935064935064935
P5-1v2_base_0230,P5-1v2_base,C=CC(=O)N1Cc2cccc(C(=O)Nc3cnn(C)c3C)c2C1,C24,0.9269499182701111,0.9269499182701111,0.8205691576004028,1.1676806211471558,0.0,23,1.2326133251190186,2.117663621902466,1.9556841350535112,63.76239625386475,True,1,17,95.65217391304348,True,310.3570000000001,2.0090199999999996,0.8818953750253351,True,0.5588235294117647
P5-1v2_base_0231,P5-1v2_base,C=CC(=O)N1Cc2cccc(C(=O)Nc3ccc(C)cn3)c2C1,C23,0.967563807964325,0.967563807964325,0.82533198595047,1.228568434715271,0.0,23,0.8808878064155579,1.5368975400924683,1.5526181068118443,12.945682693607012,True,4,18,100.0,True,307.35300000000007,2.6705200000000007,0.8868160395214717,True,0.640625
P5-1v2_base_0229,P5-1v2_base,C=CC(=O)N1CC2=CN(c3cn(C(C)C)cn3)C(=O)C(=CC=C2)C1,C26,0.8348909616470337,0.8348909616470337,0.7913339734077454,0.9322149157524109,0.0,24,2.5705416202545166,4.583796501159668,1.4820688408775091,26.91468437665776,True,1,13,12.5,True,324.3840000000001,2.2053000000000003,0.8010616239375157,True,0.26744186046511625
P5-1v2_base_0228,P5-1v2_base,C=CC(=O)N1Cc2cccc(C(=O)Nc3cn([C@H](c4ccccc4)C(C)(C)C)cn3)c2C1,C34,0.874131977558136,0.874131977558136,0.8124834895133972,1.1040326356887817,0.0,32,1.9586231708526611,3.217799186706543,1.1507295595403808,10.063307339381467,True,4,25,93.75,True,428.5360000000002,4.799100000000004,0.5938270457707681,True,0.5466666666666666
P5-1v2_base_0232,P5-1v2_base,C=CC(=O)N1Cc2cccc(C(=O)Nc3cn(C(=O)c4ccc(C#N)cc4)cn3)c2C1,C27,0.9769995212554932,0.9769995212554932,0.8315475583076477,1.162662386894226,0.0,31,0.6812747716903687,1.3604810237884521,1.1237562613841126,39.21210875102119,True,3,23,93.54838709677419,True,411.42100000000016,2.7237800000000005,0.6643348254151522,True,0.5064935064935064
P5-1v2_base_0233,P5-1v2_base,C=CC(=O)N1CCc2c(cccc2C(=O)Nc2ccn(C(C)CC)c2)C1,C30,0.8957537412643433,0.8957537412643433,0.8365311622619629,1.280524730682373,0.0,26,1.9560868740081787,2.7948977947235107,1.7691248607715624,8.14371305707995,True,2,18,76.92307692307692,True,351.45000000000016,3.7821000000000025,0.8336048236059771,True,0.47368421052631576
P5-1v2_base_0234,P5-1v2_base,C=CC(=O)N1Cc2cccc(C(=O)Nc3cn(C)c(C)n3)c2C1,C24,0.9741019606590271,0.9741019606590271,0.8420948386192322,1.1996781826019287,0.0,23,0.804588794708252,1.448219895362854,1.9725663722420077,15.959059029072932,True,3,17,100.0,True,310.3570000000001,2.0090199999999996,0.8818953750253351,True,0.6060606060606061
P5-1v2_base_0237,P5-1v2_base,C=CC(=O)N1Cc2cccc(C(N)=O)c2C1,C17,0.911942183971405,0.911942183971405,0.8209434747695923,1.1563284397125244,0.0,16,1.7585657835006714,2.63545560836792,1.9507101647605154,68.87259885095398,True,0,12,93.75,True,216.23999999999995,0.8137000000000002,0.7435221858511574,True,0.46774193548387094
P5-1v2_base_0235,P5-1v2_base,C=CC(=O)N1Cc2cccc(C(=O)Nc3cnn(C(C)C(C)=O)c3)c2C1,C28,0.9321358799934387,0.9321358799934387,0.833814799785614,0.986621081829071,0.0,26,1.3340165615081787,2.1207072734832764,1.963353227643972,39.289896887329036,True,3,19,96.15384615384616,True,352.3940000000002,2.3136,0.8371175483805501,True,0.5714285714285714
P5-1v2_base_0236,P5-1v2_base,C=CC(=O)N1Cc2cccc(C(=O)Nc3cn(C(C(C)C)C(O)C(C)C)cn3)c2C1,C37,0.9196729063987732,0.9196729063987732,0.8138651251792908,1.250484585762024,0.0,30,1.4581117630004883,2.375434637069702,1.6997826015405637,23.13612600208006,True,3,23,90.0,True,410.5180000000002,3.377600000000002,0.6852695234205788,True,0.5833333333333334
P5-1v2_base_0239,P5-1v2_base,C=CC(=O)N1Cc2ccc(C(=O)Nc3cn(C(F)(F)F)cn3)cc2C1,C22,0.9652706384658813,0.9652706384658813,0.8316974639892578,1.1946532726287842,0.0,25,0.8257600665092468,1.5533965826034546,1.7837477607273973,5.467209922495243,True,2,15,84.0,True,350.30000000000007,2.639900000000001,0.8656751360355229,True,0.36363636363636365
P5-1v2_base_0238,P5-1v2_base,C=CC(=O)N1Cc2cccc(C(=O)Nc3cccc(C(=O)Nc4cc(C(CF)C(F)F)nn4C(C)C)c3)c2C1,C39,0.9390318393707275,0.9390318393707275,0.8132678270339966,1.3178789615631104,0.0,39,1.0646799802780151,2.0668084621429443,1.5431828882864145,11.651038348129447,True,3,28,79.48717948717949,True,539.5580000000001,5.315000000000004,0.3602077406024801,True,0.46511627906976744
P5-1v2_base_0240,P5-1v2_base,C=CC(=O)N1Cc2cccc(C(=O)Nc3cnn(C4CC=CC4)c3)c2C1,C26,0.9214304685592651,0.9214304685592651,0.8173667192459106,1.0550129413604736,0.0,26,1.5412672758102417,2.340517997741699,1.9728668577732258,37.221580526891756,True,2,20,92.3076923076923,True,348.4060000000002,3.0547000000000013,0.6820249816135108,True,0.5277777777777778
P5-1v2_base_0241,P5-1v2_base,C=CC(=O)N1Cc2cccc(C(=O)c3cn(C(=O)Nc4ncn(CC(C)CC)n4)cn3)c2C1,C35,0.8898299336433411,0.8898299336433411,0.8067927360534668,1.228853702545166,0.0,33,1.4998146295547485,2.6413652896881104,1.3990552672428616,40.780511775769185,True,4,21,81.81818181818181,True,447.49900000000025,2.860100000000001,0.4399129506236797,True,0.4642857142857143
P5-1v2_base_0242,P5-1v2_base,C=CC(=O)N1CC2=CN3C=C(N=C[C@H]3C(C)C)NC(=O)C(=CC=C2)C1,C29,0.8644534349441528,0.8644534349441528,0.7916324734687805,1.300405502319336,0.0,25,2.527972936630249,3.560969829559326,1.6226991792997254,2.676445201252122,True,2,19,88.0,True,338.4110000000002,1.7207999999999999,0.7799102042918408,True,0.25842696629213485
P5-1v2_base_0244,P5-1v2_base,C=CC(=O)N1Cc2cccc(C(=O)Nc3cccn3C(C)=O)c2C1,C24,0.9547037482261658,0.9547037482261658,0.8297752737998962,1.1671396493911743,0.0,24,0.996625542640686,1.752703070640564,1.7517870132239253,58.4755247220717,True,3,18,91.66666666666667,True,323.35200000000015,2.4287,0.8819231006580662,True,0.5147058823529411
P5-1v2_base_0245,P5-1v2_base,C=CC(=O)N1Cc2cccc(CNc3cn(C)cn3)c2[C@H]1C#N,C23,0.976727306842804,0.976727306842804,0.8458240628242493,0.8479019403457642,0.0,23,0.6458567976951599,1.282029151916504,1.9775473037578624,62.79752169171658,True,4,17,95.65217391304348,True,307.357,2.1250799999999996,0.8781339553123353,True,0.313953488372093
P5-1v2_base_0243,P5-1v2_base,C=CC(=O)Nc1cncc(N2CCc3cccc(C(=O)[C@H](C)Nc4cn(C(C)C)cn4)c3C2)c1,C37,0.8869351744651794,0.8869351744651794,0.8074884414672852,1.275060772895813,0.0,34,1.3813745975494385,2.512148857116699,1.090560521704321,14.230200297998962,True,5,23,79.41176470588235,True,458.56600000000014,4.229500000000003,0.38772053547107493,True,0.3263157894736842
P5-1v2_base_0246,P5-1v2_base,C=CC(=O)N1Cc2c(C(=O)Nc3cn(C(C)C)cn3)cccc21,C24,0.9712098240852356,0.9712098240852356,0.8344395756721497,1.233534812927246,0.0,23,0.773410975933075,1.4462523460388184,1.9436666696221345,25.350119220341725,True,3,17,95.65217391304348,True,310.357,2.748900000000001,0.8829930540226023,True,0.44594594594594594
P5-1v2_base_0247,P5-1v2_base,C=CC(=O)N1Cc2cccc(C(=O)Nc3cnn(C(C)C(C)(C)C)c3)c2C1,C32,0.8529952764511108,0.8529952764511108,0.781029999256134,1.3515715599060059,0.0,27,2.855085611343384,3.9020707607269287,1.944093403311682,43.871702889740874,True,1,21,88.88888888888889,True,366.4650000000002,3.7707000000000024,0.8377449830682306,True,0.5555555555555556
P5-1v2_base_0248,P5-1v2_base,C=CC(=O)N1Cc2cccc(C(=O)Nc3cn(CC(C)=O)cn3)c2C1,C26,0.9723840951919556,0.9723840951919556,0.8371222615242004,1.190201759338379,0.0,25,0.7630568742752075,1.437462568283081,1.959994601166033,61.00247096236285,True,4,18,96.0,True,338.3670000000001,1.7525999999999997,0.8419804075501367,True,0.5942028985507246
P5-1v2_base_0249,P5-1v2_base,C=CC(=O)N1Cc2cccc(C(=O)Nc3cn(C(=O)CCCN4CCOCC4)cn3)c2C1,C36,0.9771864414215088,0.9771864414215088,0.8483752608299255,1.1659362316131592,0.0,32,0.6316970586776733,1.3013172149658203,1.770196453786979,20.21436455284035,True,4,22,96.875,True,437.5000000000004,1.9161999999999995,0.6650668605017389,True,0.5256410256410257
P5-1v2_base_0250,P5-1v2_base,C=CC(=O)N1Cc2cccc(C(=O)Nc3cc(C)c(C(=O)N(C)C)nn3)c2C1,C30,0.8147121071815491,0.8147121071815491,0.7789583206176758,1.3071876764297485,0.0,28,3.1114273071289062,4.158681869506836,1.7251831137882152,45.520487334205484,True,4,20,92.85714285714286,True,379.42000000000013,1.76732,0.8170822016070746,True,0.5135135135135135
P5-1v2_base_0251,P5-1v2_base,C=CC(=O)N1Cc2cccc(C(=O)c3cnn(C(C)C)c3)c2C1,C25,0.9331371188163757,0.9331371188163757,0.8209129571914673,1.2402255535125732,0.0,23,1.4555951356887817,2.1586599349975586,1.9763415960304018,69.7517587723475,True,1,18,95.65217391304348,True,309.3690000000001,2.723200000000001,0.6443677145274785,True,0.5
P5-1v2_base_0253,P5-1v2_base,C=CC(=O)N1CC2=CC(C(=O)Nc3cc(C(=O)Nc4ccc(C)nc4)c(C)o3)=C2C1,C29,0.8945116400718689,0.8945116400718689,0.8077570199966431,0.8497101664543152,0.0,30,1.7796847820281982,2.8001692295074463,1.206071871282968,3.322348473207157,True,2,19,80.0,True,404.4260000000002,2.747040000000001,0.7459269859815902,True,0.3181818181818182
P5-1v2_base_0252,P5-1v2_base,C=CC(=O)N1C=C2C=CC=C(Cc3c(cnn3C(N)c3ccccc3)NC2=O)C1,C27,0.705695390701294,0.705695390701294,0.7477689981460571,1.334884524345398,0.0,29,4.497201442718506,6.687642574310303,1.9763580192110939,65.75993409175584,True,2,17,65.51724137931035,True,387.4430000000001,2.2780000000000005,0.790443972398661,True,0.21875
P5-1v2_base_0254,P5-1v2_base,C=CC(=O)N1Cc2cccc(C)c2C1Nc1cnn([C@H](C)c2cccc(C(=O)Nc3ncn(C)n3)c2)c1,C36,0.9381696581840515,0.9381696581840515,0.8090305328369141,1.2284845113754272,0.0,37,0.7476860284805298,1.6989401578903198,1.4093987770677254,38.3346095234223,True,5,19,70.27027027027027,True,496.5750000000002,3.820520000000003,0.3765898198981808,True,0.3469387755102041
P5-1v2_base_0256,P5-1v2_base,C=CC(=O)N1Cc2cccc(C(=O)NCc3ccn[nH]3)c2C1,C22,0.9698624014854431,0.9698624014854431,0.8395892381668091,1.17254638671875,0.0,22,0.8701790571212769,1.5041126012802124,1.2937828022508264,27.548979982158528,True,5,16,100.0,True,296.33000000000004,1.3679,0.8364283282770397,True,0.4722222222222222
P5-1v2_base_0255,P5-1v2_base,C=CC(=O)N1CCc2cc(C(=O)Nc3cnn(C(C)C)c3)ccc2C1C,C30,0.8361518979072571,0.8361518979072571,0.7979310750961304,1.0759645700454712,0.0,26,3.052982807159424,4.396118640899658,1.4318890673163187,46.1393069732047,True,2,18,76.92307692307692,True,352.4380000000001,3.3480000000000016,0.8582627187105807,True,0.2988505747126437
P5-1v2_base_0257,P5-1v2_base,C=CC(=O)N1Cc2cccc(C(=O)Nc3cn(C(C)C)cn3)c2C1=O,C26,0.9773529171943665,0.9773529171943665,0.8431434035301208,1.074195146560669,0.0,25,0.7226250767707825,1.3635590076446533,1.7179341878547045,38.732162854162596,True,4,18,96.0,True,338.3670000000001,2.3847000000000005,0.8676313334910508,True,0.42857142857142855
P5-1v2_base_0258,P5-1v2_base,C=CC(=O)N1Cc2ccccc2CC1Nc1cn(C(C)C)cn1,C26,0.9416776895523071,0.9416776895523071,0.8299728631973267,1.235534906387329,0.0,23,1.138932466506958,1.903145432472229,1.4556635959589033,40.42720306194062,True,2,17,86.95652173913044,True,310.40100000000007,2.972900000000001,0.8833562775773656,True,0.34615384615384615
P5-1v2_base_0259,P5-1v2_base,C=CC(=O)N1Cc2cccc(C(=O)Nc3cncnc3)c2C1,C21,0.9360678791999817,0.9360678791999817,0.8227014541625977,1.1256003379821777,0.0,22,1.273716688156128,2.1027073860168457,1.9309514222009831,59.1854321041304,True,3,16,100.0,True,294.3140000000001,1.7570999999999999,0.8752024869238412,True,0.5538461538461539
P5-1v2_base_0260,P5-1v2_base,C=CC(=O)N1Cc2cccc(C(=O)Nc3cn(CNC(C)c4cnccn4)cn3)c2C1,C31,0.9679140448570251,0.9679140448570251,0.8442001342773438,1.1601642370224,0.0,31,0.7515648603439331,1.4811303615570068,1.95811274476216,62.2575435458169,True,5,22,90.3225806451613,True,417.4730000000001,2.2619,0.5715844016263473,True,0.5569620253164557
P5-1v2_base_0261,P5-1v2_base,C=CC(=O)N1Cc2cccc(C(=O)Nc3cn([C@H](C)C(=O)OCC(F)F)cn3)c2C1,C31,0.9593180418014526,0.9593180418014526,0.8466545343399048,1.1730479001998901,0.0,30,0.7681795954704285,1.5308990478515625,1.8977394622023327,53.224538877192884,True,4,20,93.33333333333333,True,418.40000000000015,2.5329000000000006,0.5510126228271655,True,0.5733333333333334
P5-1v2_base_0264,P5-1v2_base,C=CC(=O)N1Cc2cccc(C(=O)Nc3cnccn3)c2C1,C21,0.9778327941894531,0.9778327941894531,0.836481511592865,1.1611766815185547,0.0,22,0.7451000213623047,1.3381273746490479,1.9425921140836537,64.70816873861534,True,3,16,95.45454545454545,True,294.3140000000001,1.7570999999999999,0.8752024869238412,True,0.625
P5-1v2_base_0263,P5-1v2_base,C=CC(=O)N1CC2=C(C1)[C@@H](C(=O)Nc1cn(C(C)C)nn1)C(C)=CC=C2,C30,0.8676415681838989,0.8676415681838989,0.8139424324035645,1.2012810707092285,0.0,26,2.4806017875671387,3.553201675415039,1.4670706963537907,14.035422329321875,True,4,19,92.3076923076923,True,353.4260000000001,2.2546,0.8421607472486661,True,0.2840909090909091
P5-1v2_base_0262,P5-1v2_base,C=CC(=O)N1Cc2cccc(C(=O)Nc3cn(C(C(=O)O)C(C)(C)C)cn3)c2C1,C33,0.9548860192298889,0.9548860192298889,0.8386325836181641,1.0340087413787842,0.0,29,0.9998195171356201,1.7956295013427734,1.9644085197840115,56.298745060876485,True,5,21,96.55172413793103,True,396.4470000000002,2.835400000000001,0.7564496062261578,True,0.5616438356164384
P5-1v2_base_0265,P5-1v2_base,C=CC(=O)N1Cc2ccccc2C1CNc1cccc(C(=O)Nc2cn(C(C)C)nc2C(C)C)c1,C39,0.9719782471656799,0.9719782471656799,0.8351022601127625,1.0916147232055664,0.0,35,0.7400068044662476,1.4420192241668701,1.4680612897968537,19.409948506224666,True,2,28,77.14285714285714,True,471.60500000000025,5.521100000000005,0.42405139571952555,True,0.3626373626373626
P5-1v2_base_0266,P5-1v2_base,C=CC(=O)N1Cc2cccc(C(=O)Nc3cnn(C(C(C)C)C(C)C)c3)c2C1,C34,0.8223178386688232,0.8223178386688232,0.77232825756073,1.3482866287231445,0.0,28,3.480393409729004,4.548972129821777,1.866707593384674,33.63573685854183,True,1,21,92.85714285714286,True,380.4920000000002,4.016700000000003,0.7699458582281334,True,0.5714285714285714
P5-1v2_base_0267,P5-1v2_base,C=CC(=O)N1Cc2cccc(C(=O)Nc3cn(C(C)Nc4ccc(F)cn4)cn3)c2C1,C29,0.9532992243766785,0.9532992243766785,0.8223312497138977,1.2158762216567993,0.0,31,0.9538090229034424,1.7184975147247314,1.833754803756488,46.39838918812856,True,4,21,90.3225806451613,True,420.4480000000001,3.3283000000000014,0.5970859195868229,True,0.6164383561643836
P5-1v2_base_0270,P5-1v2_base,C=CC(=O)N1Cc2cccc(C(=O)Nc3cn(C(C)C)cn3)c2[C@@H]1C,C28,0.9722826480865479,0.9722826480865479,0.8454322814941406,1.0825477838516235,0.0,25,0.7342535853385925,1.4139779806137085,1.8075103591957655,26.053579722085146,True,3,19,100.0,True,338.41100000000006,3.305500000000002,0.8698585365062464,True,0.4230769230769231
P5-1v2_base_0268,P5-1v2_base,C=CC(=O)N1Cc2cccc(C(=O)Nc3cn(C(C)C)nc3CC)c2[C@H]1C,C32,0.8511539101600647,0.8511539101600647,0.796297013759613,1.2312220335006714,0.0,27,2.764224052429199,3.697345018386841,1.8041088185860628,15.286548164110044,True,2,21,85.18518518518519,True,366.46500000000015,3.8679000000000032,0.8170525438694612,True,0.3855421686746988
P5-1v2_base_0269,P5-1v2_base,C=CC(=O)N1Cc2cccc(C(=O)Nc3cn(C(=O)N4CCC(F)CC4(C)C)cn3)c2C1,C35,0.969841480255127,0.969841480255127,0.8222718238830566,1.227492332458496,0.0,32,0.7578856348991394,1.5226335525512695,1.5568444601179652,21.153358934014307,True,4,23,78.125,True,439.49100000000027,3.3442000000000016,0.7433781674602261,True,0.5061728395061729
P5-1v2_base_0271,P5-1v2_base,C=CC(=O)N1Cc2cccc(C(=O)Nc3cc(C)nn3C(=O)c3cccnc3)c2C1,C28,0.9357436895370483,0.9357436895370483,0.8211924433708191,0.992679238319397,0.0,30,0.9665191173553467,1.8668389320373535,1.6904427062163352,26.917570957728117,True,3,20,90.0,True,401.42600000000016,2.5555200000000005,0.6778998758948189,True,0.5064935064935064
P5-1v2_base_0272,P5-1v2_base,C=CC(=O)N1Cc2cccc(C(=O)Nc3cn4c(C)cn(C(C)C)c4n3)c2C1,C29,0.8514463305473328,0.8514463305473328,0.7898585200309753,1.3534024953842163,0.0,28,2.451622247695923,3.6080832481384277,1.6248297582823867,44.81095467243344,True,2,21,89.28571428571429,True,377.44800000000015,3.305620000000002,0.7092878726827206,True,0.5616438356164384
P5-1v2_base_0273,P5-1v2_base,C=CC(=O)N1Cc2cccc(C(=O)Nc3cn(C4CCNC4)cn3)c2C1,C27,0.9783859252929688,0.9783859252929688,0.8428188562393188,1.1652612686157227,0.0,26,0.6771438717842102,1.343599557876587,1.9542604293952213,50.99996732465951,True,5,19,96.15384615384616,True,351.41000000000014,1.6979999999999997,0.8219894117176854,True,0.5131578947368421
P5-1v2_base_0274,P5-1v2_base,C=CC(=O)N1Cc2ccc(C(=O)Nc3cn([C@@H](C)C(F)(F)F)cn3)cc2C1,C26,0.9637706279754639,0.9637706279754639,0.825835645198822,1.2861645221710205,0.0,27,0.8166104555130005,1.5425937175750732,1.8051135600288397,30.756468186066513,True,2,18,92.5925925925926,True,378.35400000000004,3.286900000000002,0.8305919223484899,True,0.3924050632911392
P5-1v2_base_0275,P5-1v2_base,C=CC(=O)N1Cc2cccc(C(=O)Nc3ncn(C(C)(C)C)n3)c2C1,C28,0.9700233340263367,0.9700233340263367,0.843608021736145,1.1574528217315674,0.0,25,0.8611958622932434,1.52352774143219,1.8584047721903847,35.911747282374336,True,4,18,88.0,True,339.3990000000001,2.3136,0.8703905830574349,True,0.5428571428571428
P5-1v2_base_0276,P5-1v2_base,C=CC(=O)N1Cc2cccc(C(=O)Nc3ncn([C@H](C)C(C)(C)C)c3C)c21,C32,0.9549376964569092,0.9549376964569092,0.8251656889915466,1.2102398872375488,0.0,27,1.1274687051773071,1.874079942703247,1.7339351552754219,3.644875491201688,True,2,21,96.29629629629629,True,366.4650000000002,4.083520000000004,0.8291247039828746,True,0.38271604938271603
P5-1v2_base_0278,P5-1v2_base,C=CC(=O)N1Cc2cccc(C(=O)Nc3cn(C(C)(C)C)c(C)n3)c2C1,C30,0.961260974407196,0.961260974407196,0.8408353924751282,1.1057528257369995,0.0,26,1.0069479942321777,1.6630237102508545,1.96639860679365,52.74196100941444,True,4,20,92.3076923076923,True,352.43800000000016,3.2270200000000013,0.8625987071910037,True,0.5571428571428572
P5-1v2_base_0277,P5-1v2_base,C=CC(=O)N1Cc2cccc(C(=O)Nc3cn([C@H](CO)CC(C)C)cn3)c2C1,C33,0.9730240106582642,0.9730240106582642,0.8454119563102722,1.1750257015228271,0.0,28,0.7934303283691406,1.4372068643569946,1.9578901758270302,24.631650949305453,True,3,20,96.42857142857143,True,382.46400000000017,2.743100000000001,0.7210378751975831,True,0.589041095890411
P5-1v2_base_0280,P5-1v2_base,C=CC(=O)N(Cc1cccc(C(=O)Nc2cn(C(C)C)cn2)c1)C1CCOCC1,C35,0.9592949151992798,0.9592949151992798,0.8444073796272278,1.2477980852127075,0.0,29,0.7408782839775085,1.4998241662979126,1.9373266584135973,32.20842118523126,True,4,22,93.10344827586206,True,396.4910000000002,3.409900000000002,0.7278934982186996,True,0.3111111111111111
P5-1v2_base_0279,P5-1v2_base,C=CC(=O)N1Cc2cccc(C(C)C(=O)Nc3ccc(C(=O)Nc4ncc(C(C)C)n4C)cc3)c2C1,C39,0.877922534942627,0.877922534942627,0.8078629374504089,1.1062722206115723,0.0,36,1.843168020248413,3.0679917335510254,1.5740646398417053,59.905251809768544,True,2,22,69.44444444444444,True,485.58800000000025,4.566200000000003,0.4794695748980311,True,0.4457831325301205
P5-1v2_base_0281,P5-1v2_base,C=CC(=O)N1Cc2cccc(C#N)c2[C@@H]1C(=O)Nc1cnc(C(C)C)cn1,C28,0.8128646612167358,0.8128646612167358,0.7878687977790833,1.0183600187301636,0.0,27,3.2588038444519043,5.068528175354004,1.9793411128201213,60.16779729121532,True,2,20,85.18518518518519,True,361.4050000000001,2.679680000000001,0.8442439685302635,True,0.4024390243902439
P5-1v2_base_0282,P5-1v2_base,C=CC(=O)N1Cc2cccc(C(=O)NC3=CN(C4NC(C#N)C4(C)C)C3)c2C1,C30,0.7909714579582214,0.7909714579582214,0.7907962203025818,1.1052093505859375,0.0,28,3.5376358032226562,4.855515956878662,1.8938069218904023,0.581997301502895,True,3,21,92.85714285714286,True,377.4480000000002,1.4492799999999997,0.7756525075767937,True,0.45569620253164556
P5-1v2_base_0283,P5-1v2_base,C=CC(=O)N1Cc2cccc(C(=O)Nc3cc(C(C)(C)C)n(C)n3)c2C1,C30,0.9534370303153992,0.9534370303153992,0.8409292101860046,1.2023248672485352,0.0,26,1.1004596948623657,1.8301188945770264,1.85395806004343,50.428494111302115,True,3,20,88.46153846153847,True,352.4380000000001,2.9981000000000018,0.8637011701168265,True,0.5797101449275363
P5-1v2_base_0285,P5-1v2_base,C=CC(=O)N1Cc2cccc(C(=O)Nc3cn(C4(c5ccccc5)CCC4)cn3)c2C1,C30,0.902117133140564,0.902117133140564,0.8093112111091614,1.2985206842422485,0.0,31,1.7549923658370972,2.8321332931518555,1.9545824378112064,48.21453514835298,True,3,25,93.54838709677419,True,412.4930000000002,4.091100000000003,0.6420509743905668,True,0.5333333333333333
P5-1v2_base_0284,P5-1v2_base,C=CC(=O)N1Cc2cccc(C(=O)C(=O)Nc3cnc4cc(N5CSCC5=O)cnc4c3)c2C1,C31,0.9259164929389954,0.9259164929389954,0.8036988377571106,1.208784818649292,0.0,34,1.2138969898223877,2.0178985595703125,1.9341881006768706,9.241732547635948,True,3,18,76.47058823529412,True,473.5140000000003,2.5167,0.34419490836294353,True,0.3953488372093023
P5-1v2_base_0286,P5-1v2_base,C=CC(=O)N1Cc2cccc(C(=O)Nc3cn([C@@H]4C(=O)Cc5cc(C)ccc54)cn3)c2C1,C30,0.9422413110733032,0.9422413110733032,0.8207375407218933,1.1991451978683472,0.0,32,1.164563536643982,2.0572900772094727,1.502675748423458,4.8479712203049985,True,3,25,93.75,True,426.4760000000002,3.1866200000000013,0.6496932447641464,True,0.49382716049382713
P5-1v2_base_0287,P5-1v2_base,C=CC(=O)N1Cc2cccc(C(=O)Nc3cn(C4CCOCC4)cn3)c2C1,C29,0.9731218218803406,0.9731218218803406,0.8379131555557251,1.098512053489685,0.0,27,0.7418540716171265,1.4553616046905518,1.941839952442015,56.943968015144605,True,3,20,96.29629629629629,True,366.4210000000002,2.5151000000000003,0.8438412509424458,True,0.547945205479452
P5-1v2_base_0288,P5-1v2_base,C=CC(=O)N1Cc2cccc(C(=O)Nc3cn(C(C)(C)n4ccnc4)c4ccccc34)c2C1,C31,0.8828614354133606,0.8828614354133606,0.7868317365646362,1.257222056388855,0.0,33,2.0764245986938477,3.2255537509918213,1.7628440432437584,21.214954673001586,True,1,26,84.84848484848484,True,439.5190000000002,4.359200000000003,0.4698459895212649,True,0.44047619047619047
P5-1v2_base_0289,P5-1v2_base,C=CC(=O)N1Cc2cccc(C(=O)Nc3cn(C(=O)Cc4ccccc4)cn3)c2C1,C28,0.971217691898346,0.971217691898346,0.8274356722831726,1.2059285640716553,0.0,30,0.6723533272743225,1.4444999694824219,1.4445339564025483,46.76611486288394,True,3,23,96.66666666666667,True,400.43800000000016,3.0465000000000018,0.6674286688968619,True,0.547945205479452
P5-1v2_base_0291,P5-1v2_base,C=CC(=O)N1Cc2cccc(C(=O)c3cn(C(C)C)cn3)c2C1,C25,0.9404785633087158,0.9404785633087158,0.8353883624076843,1.155456304550171,0.0,23,1.3123891353607178,2.0644428730010986,1.6898596734640396,36.39254901696097,True,1,17,91.30434782608695,True,309.369,2.723200000000001,0.6443677145274785,True,0.5072463768115942
P5-1v2_base_0290,P5-1v2_base,C=CC(=O)N1CC2=C(C=C(C(C)C)C(=O)NC3=CN(C=C2)C(C(C)C)C=N3)C1,C35,0.9131686687469482,0.9131686687469482,0.8144600987434387,1.1667160987854004,0.0,28,1.6241788864135742,2.4771838188171387,1.6196776390998295,6.718364166048659,True,3,22,78.57142857142857,True,380.49200000000013,2.7470000000000008,0.765936208778593,True,0.2840909090909091
P5-1v2_base_0293,P5-1v2_base,C=CC(=O)N1Cc2ccc(C(=O)Nc3cnn([C@H](C)C[C@H](O)CC)c3)cc2C1,C33,0.9244273900985718,0.9244273900985718,0.8255621194839478,1.2734417915344238,0.0,28,1.2965924739837646,2.1935088634490967,1.6681929157324702,5.754647538046655,True,2,21,82.14285714285714,True,382.46400000000017,2.885600000000001,0.7210354298478125,True,0.35714285714285715
P5-1v2_base_0292,P5-1v2_base,C=CC(=O)N1Cc2cc(C(=O)Nc3cn(C(C)C)cn3)cc(C(=O)N(C)C)c2C1,C33,0.9097838997840881,0.9097838997840881,0.8146864771842957,1.216149926185608,0.0,29,1.3948912620544434,2.368955135345459,1.4058247867355296,30.597085712297314,True,3,20,93.10344827586206,True,395.4630000000002,2.446300000000001,0.7880106843932576,True,0.425
P5-1v2_base_0295,P5-1v2_base,C=CC(=O)N1CC2=CN3C=C(CCC(C)C3C)NC(=O)C(=CC=C2)C1,C30,0.9019585251808167,0.9019585251808167,0.8018484115600586,1.1369322538375854,0.0,25,2.1519455909729004,2.965078353881836,1.1881263066694565,43.55778549640374,True,1,19,68.0,True,339.43900000000014,2.4727000000000006,0.7468803916615322,True,0.2087912087912088
P5-1v2_base_0294,P5-1v2_base,C=CC(=O)N1Cc2cccc(CC(=O)Nc3cn(C(=O)Nc4cncnc4)c4ccccc34)c2C1,C31,0.9176157712936401,0.9176157712936401,0.8028136491775513,1.0624547004699707,0.0,35,1.4158905744552612,2.3123626708984375,1.3957303492437214,20.44679473134711,True,4,23,82.85714285714286,True,466.50100000000015,3.720900000000001,0.4358921344306791,True,0.36363636363636365
P5-1v2_base_0296,P5-1v2_base,C=CC(=O)N1Cc2cccc(C(=O)Nc3cn([C@H](C)c4cnccn4)cn3)c2C1,C28,0.9674538969993591,0.9674538969993591,0.8321719169616699,1.188407063484192,0.0,29,0.8090853691101074,1.5173734426498413,1.9647306937338764,55.55843251658317,True,5,21,93.10344827586206,True,388.4310000000001,2.562900000000001,0.6782949471250264,True,0.5733333333333334
P5-1v2_base_0297,P5-1v2_base,C=CC(=O)N1Cc2cccc(C(=O)Nc3cnn(C(=O)c4ccc(C(F)(F)F)cc4)c3)c2C1,C28,0.7790609002113342,0.7790609002113342,0.7507342100143433,1.3866851329803467,0.0,33,2.798978328704834,4.325289249420166,1.572464154217833,34.819075754364036,True,1,13,42.42424242424242,True,454.40800000000013,3.8709000000000024,0.6069617884593466,True,0.46835443037974683
P5-1v2_base_0299,P5-1v2_base,C=CC(=O)N1Cc2cccc(C(=O)Nc3cccnc3)c2C1,C21,0.9570764303207397,0.9570764303207397,0.8386872410774231,0.9975482225418091,0.0,22,1.006754755973816,1.641275405883789,1.967459984980635,63.08508432906649,True,1,17,95.45454545454545,True,293.3260000000001,2.3621,0.8836717841297176,True,0.5373134328358209
P5-1v2_base_0298,P5-1v2_base,C=CC(=O)N1Cc2cccc(C(=O)Nc3ccn(C4CCc5c(cccc5OC)N4)c3)c2C1,C32,0.9238149523735046,0.9238149523735046,0.7934798002243042,1.0421019792556763,0.0,33,1.6112951040267944,2.4372446537017822,1.7463347318312124,18.4779427816584,True,2,26,90.9090909090909,True,442.5190000000003,4.334100000000003,0.5768577640970212,True,0.41379310344827586
P6-POSENOISE_s03_0001,P6-POSENOISE_s03,C=CC(=O)N1Cc2cccc(C(=O)Nc3cn(C)cn3)c2C1,C22,0.9666081666946411,0.9666081666946411,0.8257708549499512,0.9535468816757202,0.0,22,0.9215933680534363,1.6792280673980713,1.9847408628080387,60.631113262201524,True,4,16,95.45454545454545,True,296.33000000000004,1.7006,0.8766533781081279,True,0.640625
P6-POSENOISE_s03_0000,P6-POSENOISE_s03,C=CC(=O)N1Cc2cccc(C(=O)Nc3cn(C(C)C)cn3)c2C1,C26,0.9782836437225342,0.9782836437225342,0.8416563868522644,1.210001826286316,0.0,24,0.6982079744338989,1.3621888160705566,1.8445627755378782,15.78895545067138,True,4,18,100.0,True,324.38400000000007,2.7445000000000013,0.8794439335696442,True,0.6363636363636364
P6-POSENOISE_s03_0002,P6-POSENOISE_s03,C=CC(=O)N1Cc2cccc(C(=O)Nc3cn(C4CC4)cn3)c2C1,C24,0.9776456952095032,0.9776456952095032,0.8415693640708923,1.2075531482696533,0.0,24,0.7004808783531189,1.370280385017395,1.8961931787663417,45.35652918350675,True,4,18,95.83333333333333,True,322.3680000000001,2.498500000000001,0.8795481092108797,True,0.5652173913043478
P6-POSENOISE_s03_0003,P6-POSENOISE_s03,C=CC(=O)N1Cc2cccc(C(=O)Nc3cnn(C)c3)c2C1,C22,0.9484450221061707,0.9484450221061707,0.8283697366714478,1.0381933450698853,0.0,22,1.0974559783935547,1.7643176317214966,1.961126567333175,42.529792052461204,True,1,16,95.45454545454545,True,296.33000000000004,1.7006,0.8766533781081279,True,0.625
P6-POSENOISE_s03_0004,P6-POSENOISE_s03,C=CC(=O)N1Cc2cccc(NC(=O)c3cn(CC)cn3)c2C1,C24,0.9646174311637878,0.9646174311637878,0.8252186179161072,1.2479606866836548,0.0,23,0.8987622261047363,1.612490177154541,1.9454040688247785,57.75040061251755,True,3,17,100.0,True,310.357,2.1834999999999996,0.8802440326545391,True,0.4594594594594595
P6-POSENOISE_s03_0006,P6-POSENOISE_s03,C=CC(=O)N1Cc2cc(F)ccc2C1=O,C14,0.8808546662330627,0.8808546662330627,0.8079638481140137,1.3321409225463867,0.0,15,2.5248451232910156,3.5267114639282227,1.9828907495371486,62.6826709234052,True,0,11,93.33333333333333,True,205.188,1.4941,0.6512524577116067,True,0.22972972972972974
P6-POSENOISE_s03_0005,P6-POSENOISE_s03,C=CC(=O)N1Cc2cccc(C(=O)Nc3cn(C4CCN(C)C4)cn3)c2C1,C29,0.9722704887390137,0.9722704887390137,0.8422170877456665,1.1904523372650146,0.0,27,0.7818499803543091,1.4565285444259644,1.9609415363289135,59.85460790914274,True,4,20,96.29629629629629,True,365.4370000000002,2.0401999999999996,0.842070850600378,True,0.5540540540540541
P6-POSENOISE_s03_0007,P6-POSENOISE_s03,C=CC(=O)N1Cc2cccc(C(=N)Nc3cn(C(C)(C)C)cn3)c2C1,C29,0.9606635570526123,0.9606635570526123,0.8414594531059265,1.2386491298675537,0.0,25,1.0332660675048828,1.7266649007797241,1.9705430278986555,44.209992774179995,True,4,19,92.0,True,337.42700000000013,3.1037700000000017,0.513335977478618,True,0.4864864864864865
P6-POSENOISE_s03_0008,P6-POSENOISE_s03,C=CC(=O)N1Cc2cccc(C(=O)Nc3cc(-c4cccc(F)c4)ncn3)c2C1,C25,0.9741942882537842,0.9741942882537842,0.8197513818740845,1.1254470348358154,0.0,29,0.7242044806480408,1.3692004680633545,1.9663156195026263,62.49539209094908,True,4,22,93.10344827586206,True,388.4020000000001,3.563200000000001,0.6936986104944199,True,0.527027027027027
P6-POSENOISE_s03_0009,P6-POSENOISE_s03,C=CC(=O)N1Cc2cccc([C@@H](O)C(=O)Nc3cn([C@@H]4CN=C(C)C4)cn3)c2C1,C32,0.9569240212440491,0.9569240212440491,0.8295839428901672,1.2094768285751343,0.0,29,0.90903639793396,1.6417255401611328,1.9546590087787707,33.076288353891556,True,6,19,93.10344827586206,True,393.44700000000023,1.9891,0.7589725937847354,True,0.3953488372093023
P6-POSENOISE_s03_0010,P6-POSENOISE_s03,C=CC(=O)N1Cc2cccc(C(=O)Nc3cn([C@@H]4CNC[C@H](C)C4)cn3)c2C1,C31,0.9738808274269104,0.9738808274269104,0.8320149779319763,1.222160816192627,0.0,28,0.8223983645439148,1.5165265798568726,1.9731896486906664,53.84946959454439,True,5,21,96.42857142857143,True,379.46400000000017,2.3341000000000003,0.7994577493496812,True,0.5128205128205128
P6-POSENOISE_s03_0011,P6-POSENOISE_s03,C=CC(=O)N1Cc2ccc(C(=O)Nc3cn([C@H](C)Nc4cn(C)cn4)cn3)cc2C1,C30,0.9494665861129761,0.9494665861129761,0.8347960710525513,1.2130250930786133,0.0,30,1.0004901885986328,1.8078463077545166,1.713000589287697,3.971334776835022,True,4,21,90.0,True,405.4620000000001,2.5277000000000003,0.6144867540946274,True,0.3950617283950617
P6-POSENOISE_s03_0012,P6-POSENOISE_s03,C=CC(=O)N1Cc2cccc(C(=O)N(C)c3cn(C(C)=O)cn3)c2C1,C26,0.9167661666870117,0.9167661666870117,0.822475254535675,1.0688339471817017,0.0,25,1.3569014072418213,2.3601021766662598,1.9720849982188904,5.968285229748844,True,4,18,80.0,True,338.3670000000001,1.8479999999999999,0.8005448103967785,True,0.44594594594594594
P6-POSENOISE_s03_0013,P6-POSENOISE_s03,C=CC(=O)N1Cc2cccc(C(=O)Nc3ncn(C)c3CC(C)(C)C)c2C1,C32,0.9701069593429565,0.9701069593429565,0.842474639415741,1.1967965364456177,0.0,27,0.8020501136779785,1.5175566673278809,1.8836397670733112,0.24675659034653563,True,3,21,92.5925925925926,True,366.4650000000002,3.289200000000002,0.8445499402448495,True,0.5492957746478874
P6-POSENOISE_s03_0014,P6-POSENOISE_s03,C=CC(=O)N1Cc2cccc(C(=O)Nc3cnn(CC(C)C)c3)c2C1,C28,0.9236139059066772,0.9236139059066772,0.8243095278739929,1.1006375551223755,0.0,25,1.554267406463623,2.3035314083099365,1.9365235747338587,55.00372337640701,True,2,19,96.0,True,338.4110000000001,2.819600000000001,0.8525992396075134,True,0.5857142857142857
P6-POSENOISE_s03_0015,P6-POSENOISE_s03,C=CC(=O)N1Cc2cccc(C(=O)Nc3cn(C(C)=O)cn3)c2C1,C24,0.9765662550926208,0.9765662550926208,0.8449783325195312,1.0680501461029053,0.0,24,0.7130410671234131,1.3716626167297363,1.8230940376458902,47.340929038953135,True,3,17,100.0,True,324.3400000000001,1.8236999999999999,0.8729755979615298,True,0.5970149253731343
P6-POSENOISE_s03_0017,P6-POSENOISE_s03,C=CC(=O)N1Cc2cccc(C(=O)Nc3nccn3C)c2C1,C22,0.9736219048500061,0.9736219048500061,0.8320619463920593,1.1271055936813354,0.0,22,0.7981668710708618,1.4215914011001587,1.9217839316895118,55.30817108965502,True,4,16,100.0,True,296.3300000000001,1.7006,0.8766533781081279,True,0.5671641791044776
P6-POSENOISE_s03_0016,P6-POSENOISE_s03,C=CC(=O)N1Cc2cccc(C(=O)Nc3coc(C(C)(C)C)n3)c2C1,C28,0.8633443713188171,0.8633443713188171,0.7905364632606506,1.2240678071975708,0.0,25,2.7386932373046875,3.5413076877593994,1.9723319041175615,54.8771312528622,True,2,18,96.0,True,339.3950000000001,3.252600000000002,0.871098926190459,True,0.5352112676056338
P6-POSENOISE_s03_0018,P6-POSENOISE_s03,C=CC(=O)N1Cc2cccc(C(=O)NCc3cn(C(C)C)nn3)c2C1,C28,0.928382158279419,0.928382158279419,0.8308259844779968,0.8486047983169556,0.0,25,1.4788095951080322,2.222642660140991,1.5591981167895237,35.39574405706662,True,1,18,84.0,True,339.3990000000001,1.8171999999999997,0.8427730733739524,True,0.5205479452054794
P6-POSENOISE_s03_0019,P6-POSENOISE_s03,C=CC(=O)N1Cc2cccc(C(=O)Nc3cn([C@H]4C[CH]NC[C@H](C)C4)cn3)c2C1,C33,0.9726824760437012,0.9726824760437012,0.8399576544761658,1.224242925643921,0.0,29,0.755264937877655,1.4744826555252075,1.9731485947591472,55.20018525145747,True,5,22,96.55172413793103,True,392.4830000000002,2.8859900000000014,0.7844812127573408,True,0.5125
P6-POSENOISE_s03_0020,P6-POSENOISE_s03,C=CC(=O)N1Cc2cccc(C(=O)Nc3cn(Cc4cc(C)ccn4)cn3)c2C1,C28,0.9632552266120911,0.9632552266120911,0.8253160715103149,1.2111660242080688,0.0,29,0.8252608180046082,1.5581376552581787,1.935502424591611,55.83468319194719,True,4,22,93.10344827586206,True,387.4430000000001,2.9153200000000012,0.6828769630745636,True,0.5324675324675324
P6-POSENOISE_s03_0021,P6-POSENOISE_s03,C=CC(=O)N1Cc2cccc(C(=O)Nc3cn(C)nc3C)c2C1,C24,0.933891236782074,0.933891236782074,0.8321496248245239,1.0566561222076416,0.0,23,1.285681962966919,2.088151216506958,1.9628932509690884,4.466620028288872,True,0,16,95.65217391304348,True,310.3570000000001,2.0090199999999996,0.8818953750253351,True,0.6307692307692307
P6-POSENOISE_s03_0022,P6-POSENOISE_s03,C=CC(=O)N1Cc2ccc(C(=O)c3cccc(C(=O)Nc4ccnn4C)c3)cc2C1,C28,0.8900496363639832,0.8900496363639832,0.8183862566947937,0.9727824330329895,0.0,30,1.8423548936843872,2.8273439407348633,1.9349273217875662,66.63816194146747,True,2,23,93.33333333333333,True,400.4380000000001,2.9316000000000013,0.5272081125487508,True,0.35
P6-POSENOISE_s03_0023,P6-POSENOISE_s03,C=CC(=O)N1Cc2cccc(C(=O)Nc3cnn([C@H]4C[C@H](O)CN4)c3)c2C1,C28,0.9442821741104126,0.9442821741104126,0.8316081166267395,1.2199512720108032,0.0,27,0.9787251949310303,1.8604073524475098,1.641527787184852,26.901246370270314,True,1,17,88.88888888888889,True,367.40900000000016,1.0163999999999997,0.7008513836151975,True,0.46835443037974683
P6-POSENOISE_s03_0024,P6-POSENOISE_s03,C=CC(=O)N1Cc2ccc(Cc3cn(Nc4cn(C)c(C)n4)cn3)cc2C1,C27,0.8880519270896912,0.8880519270896912,0.8065962195396423,1.2487119436264038,0.0,27,2.0425121784210205,2.9564809799194336,1.7604834515836842,45.08078185846665,True,3,20,96.29629629629629,True,362.4370000000001,2.41922,0.7080245382047281,True,0.3411764705882353
P6-POSENOISE_s03_0025,P6-POSENOISE_s03,C=CC(=O)N1Cc2cccc(C(=O)Nc3cn(C4CC(C)CN4)cn3)c2C1,C29,0.970350980758667,0.970350980758667,0.8415452241897583,1.1931756734848022,0.0,27,0.845621645450592,1.5582058429718018,1.9182999189386392,47.53028534813066,True,5,19,92.5925925925926,True,365.4370000000001,2.2916,0.8150812750657124,True,0.5194805194805194
P6-POSENOISE_s03_0026,P6-POSENOISE_s03,C=CC(=O)N1Cc2cccc(C(=O)Nc3cc(C(C)(C)C)n[nH]3)c2C1,C28,0.9679026007652283,0.9679026007652283,0.8348394632339478,1.2193803787231445,0.0,25,0.8953039646148682,1.5781458616256714,1.9695469739003446,42.33996108938737,True,5,19,88.0,True,338.41100000000006,2.987700000000001,0.8446484936221991,True,0.4931506849315068
P6-POSENOISE_s03_0027,P6-POSENOISE_s03,C=CC(=O)N1c2cccc(C(=O)Nc3ncn(CC)c3C)c2C[C@H]1C,C28,0.9485446214675903,0.9485446214675903,0.815771758556366,1.3032342195510864,0.0,25,1.0268023014068604,1.8052551746368408,1.3422653505920514,51.98656527938644,True,2,18,96.0,True,338.4110000000001,2.927320000000001,0.871746886558502,True,0.3333333333333333
P6-POSENOISE_s03_0028,P6-POSENOISE_s03,C=CC(=O)N1Cc2cccc(C(=O)Nc3cn([C@H](O)C(F)F)cn3)c2C1,C25,0.9780399203300476,0.9780399203300476,0.8449579477310181,0.9893171787261963,0.0,26,0.6635411977767944,1.3249059915542603,1.9689458541564813,41.18289312006479,True,3,17,96.15384615384616,True,362.33600000000007,1.9195999999999998,0.7958357725208454,True,0.5857142857142857
P6-POSENOISE_s03_0029,P6-POSENOISE_s03,C=CC(=O)N1Cc2cccc(C(=O)Nc3cn([C@H](C)C(F)F)cn3)c2C1,C26,0.9772012233734131,0.9772012233734131,0.8435654044151306,1.1757996082305908,0.0,26,0.6998509168624878,1.3369897603988647,1.9494258915383287,49.895794448109854,True,4,18,100.0,True,360.36400000000003,2.989700000000002,0.8338292663630315,True,0.6231884057971014
P6-POSENOISE_s03_0031,P6-POSENOISE_s03,C=CC(=O)N1Cc2cc(Br)cc(C(=O)Nc3cn(C)cn3)c2C1,C22,0.9732418060302734,0.9732418060302734,0.8344459533691406,1.1301419734954834,0.0,23,0.7578166723251343,1.402317762374878,1.9618109895196318,60.70974787199603,True,3,16,100.0,True,375.22600000000006,2.4631000000000007,0.8385998988528325,True,0.4657534246575342
P6-POSENOISE_s03_0030,P6-POSENOISE_s03,C=CC(=O)N1Cc2cccc(C(=O)Nc3cn(-c4cncc(C(C)(C)C)c4)cn3)c2C1,C32,0.9599940776824951,0.9599940776824951,0.8238916397094727,1.2717595100402832,0.0,31,0.9002081751823425,1.7124816179275513,1.4896882244281882,10.241242576086037,True,3,24,96.7741935483871,True,415.4970000000002,3.8453000000000026,0.6566940246450799,True,0.5256410256410257
P6-POSENOISE_s03_0032,P6-POSENOISE_s03,C=CC(=O)N1Cc2cccc(C(=O)Nc3cn(Cc4cccc(C(F)(F)F)c4)cn3)c2C1,C28,0.9444870948791504,0.9444870948791504,0.8089063763618469,1.2466533184051514,0.0,32,0.8144451379776001,1.68757164478302,1.6474706388278983,18.18152355863353,True,4,22,90.625,True,440.42500000000007,4.230700000000003,0.6041301781499128,True,0.5063291139240507
P6-POSENOISE_s03_0033,P6-POSENOISE_s03,C=CC(=O)N1Cc2cccc(C(=O)N(c3cn(C(C)C)cn3)C(C)(C)C)c2C1,C34,0.8310979604721069,0.8310979604721069,0.7990267872810364,1.1353830099105835,0.0,28,3.196694850921631,4.174711227416992,1.9191139862446933,48.6542757749275,True,2,21,78.57142857142857,True,380.4920000000002,3.9375000000000036,0.7551475970452666,True,0.45454545454545453
P6-POSENOISE_s03_0034,P6-POSENOISE_s03,C=CC(=O)N1Cc2cccc(C(=O)Nc3cn([C@H](C)CO)cn3)c2C1,C27,0.9742573499679565,0.9742573499679565,0.8384270668029785,1.1446986198425293,0.0,25,0.7716434001922607,1.4270633459091187,1.9330884812134186,46.43914692146765,True,4,18,96.0,True,340.3830000000001,1.7168999999999999,0.8114430626476531,True,0.6323529411764706
P6-POSENOISE_s03_0035,P6-POSENOISE_s03,C=CC(=O)N1Cc2ccc(C(=O)Nc3cn(C(C)C)cn3)cc2C1,C26,0.9678475260734558,0.9678475260734558,0.8295630812644958,1.2217081785202026,0.0,24,0.7698254585266113,1.4463458061218262,1.9386305701963962,5.0317620062330235,True,2,17,83.33333333333333,True,324.38400000000007,2.7445000000000013,0.8794439335696442,True,0.4189189189189189
P6-POSENOISE_s03_0036,P6-POSENOISE_s03,C=CC(=O)N1Cc2cccc(C(=O)Nc3cn(C(C)C(C)(C)C)cn3)c2C1,C32,0.9677790403366089,0.9677790403366089,0.838699460029602,1.2311521768569946,0.0,27,0.8549882769584656,1.5653775930404663,1.9775821711372683,56.9675463563473,True,3,21,92.5925925925926,True,366.46500000000015,3.7707000000000024,0.8377449830682308,True,0.6
P6-POSENOISE_s03_0037,P6-POSENOISE_s03,C=CC(=O)N1Cc2cccc(C(=O)Nc3cn(C4CCCC4)cn3)c2C1,C28,0.9769916534423828,0.9769916534423828,0.8366247415542603,1.1091126203536987,0.0,26,0.6840397715568542,1.3796870708465576,1.5460228164875198,23.51605715194853,True,4,19,100.0,True,350.4220000000002,3.2787000000000015,0.8606797030040113,True,0.5492957746478874
P6-POSENOISE_s03_0038,P6-POSENOISE_s03,C=CC(=O)N1Cc2cccc(CN3CCc4ccccc43)c2C1,C23,0.8650734424591064,0.8650734424591064,0.788005530834198,1.244083046913147,0.0,23,2.463646411895752,3.798762559890747,1.9532587204208256,40.732862731633844,True,1,19,100.0,True,304.39300000000003,3.2775000000000016,0.8125550616349637,True,0.3835616438356164
P6-POSENOISE_s03_0039,P6-POSENOISE_s03,C=CC(=O)N1Cc2cccc(C(=O)Nc3cn([C@H]4CN(C(=O)OC)CCO4)cn3)c2C1,C33,0.971846342086792,0.971846342086792,0.8487862944602966,1.1778734922409058,0.0,31,0.8036260604858398,1.530544638633728,1.6956794851327306,42.07614670213161,True,6,21,100.0,True,425.4450000000003,1.7607999999999997,0.7486066370597338,True,0.4878048780487805
P6-POSENOISE_s03_0040,P6-POSENOISE_s03,C=CC(=O)N1Cc2cccc(C(=O)Nc3cnn(C(C)C)c3)c2C1,C26,0.9597707986831665,0.9597707986831665,0.8319727182388306,0.7585442662239075,0.0,24,0.9859131574630737,1.6243221759796143,1.7488810124476755,19.691903167389967,True,2,18,95.83333333333333,True,324.3840000000001,2.7445000000000013,0.8794439335696442,True,0.5882352941176471
P6-POSENOISE_s03_0042,P6-POSENOISE_s03,C=CC(=O)N1Cc2cccc(C(=O)NC(C)(C)C)c2C1,C25,0.8754585981369019,0.8754585981369019,0.7913694381713867,1.276346206665039,0.0,20,2.6044812202453613,3.461418628692627,1.9653511667129608,62.67188639845543,True,1,16,95.0,True,272.348,2.2431,0.8394076112385553,True,0.515625
P6-POSENOISE_s03_0041,P6-POSENOISE_s03,C=CC(=O)N1Cc2cccc(C(=O)Nc3cn([C@H]4CC(F)(F)C[C@@H]4C)cn3)c2C1,C30,0.9661043286323547,0.9661043286323547,0.8338231444358826,1.1753714084625244,0.0,29,0.8365228176116943,1.5357246398925781,1.9550934929562815,49.776060026311,True,4,21,93.10344827586206,True,400.42900000000014,3.7699000000000025,0.7948031675388654,True,0.5526315789473685
P6-POSENOISE_s03_0043,P6-POSENOISE_s03,C=CC(=O)N1Cc2cccc(C(=O)Nc3cn(C)cc3C)c2C1,C24,0.907603919506073,0.907603919506073,0.8132930994033813,1.250402808189392,0.0,23,1.905755639076233,2.6618614196777344,1.7674824683996144,49.925568246718626,True,2,17,95.65217391304348,True,309.3690000000001,2.614020000000001,0.8861769221135322,True,0.5522388059701493
P6-POSENOISE_s03_0044,P6-POSENOISE_s03,C=CC(=O)N1Cc2cccc(C(=O)Nc3cc(C)cc(C(C)(C)C)c3)c2C1,C31,0.9748384356498718,0.9748384356498718,0.8237558603286743,1.2033097743988037,0.0,27,0.7501827478408813,1.439001441001892,1.3897184185654279,25.154211760580267,True,2,23,74.07407407407408,True,362.4730000000002,4.573020000000003,0.813091470301819,True,0.4794520547945205
P6-POSENOISE_s03_0045,P6-POSENOISE_s03,C=CC(=O)N1Cc2cccc(C(=O)Nc3cc(C(=N)Nc4cc(C(C)(C)C)no4)ccn3)c2C1,C36,0.9562379121780396,0.9562379121780396,0.8199489712715149,1.271222472190857,0.0,34,0.8324234485626221,1.6773982048034668,1.4547652985619355,22.5073063886895,True,6,25,97.05882352941177,True,458.5220000000002,4.085070000000003,0.3005673795292476,True,0.47619047619047616
P6-POSENOISE_s03_0046,P6-POSENOISE_s03,C=CC(=O)N1Cc2cccc(C(=O)Nc3cn4cccc(C(F)(F)F)c4n3)c2C1,C24,0.8477272391319275,0.8477272391319275,0.7878463864326477,1.3161239624023438,0.0,29,2.5939197540283203,3.7288365364074707,1.828570518437832,53.65324980790365,True,1,20,96.55172413793103,True,400.3600000000001,3.633600000000002,0.6830767903334772,True,0.5
P6-POSENOISE_s03_0047,P6-POSENOISE_s03,C=CC(=O)N1Cc2c(C(=O)Nc3cncn3Cc3ccc(C)cc3)cccc2C1=O,C28,0.9047240614891052,0.9047240614891052,0.807033360004425,1.2268890142440796,0.0,30,1.74367094039917,2.6902995109558105,1.972187885522068,71.28214288021402,True,3,23,86.66666666666667,True,400.43800000000016,3.1605200000000018,0.6670209169962735,True,0.3333333333333333
P6-POSENOISE_s03_0048,P6-POSENOISE_s03,C=CC(=O)N1Cc2cccc(Nc3cn(C)cn3)c2C1,C20,0.9666252136230469,0.9666252136230469,0.8310841917991638,1.13461172580719,0.0,20,0.7834945321083069,1.4203400611877441,1.7271770122080714,14.342816373759547,True,2,15,80.0,True,268.32000000000005,2.1918999999999995,0.8681208020326924,True,0.4714285714285714
P6-POSENOISE_s03_0050,P6-POSENOISE_s03,C=CC(=O)N1Cc2ccc(COc3cc(=O)n(C)c(CO)n3)cc2C1,C26,0.9357641339302063,0.9357641339302063,0.8201696276664734,1.0679117441177368,0.0,25,1.0049992799758911,1.8026487827301025,1.9321897290380152,25.033979030343488,True,4,18,96.0,True,341.3670000000001,0.8797999999999995,0.8163091594034652,True,0.30120481927710846
P6-POSENOISE_s03_0049,P6-POSENOISE_s03,C=CC(=O)N1Cc2cccc(C(=O)Nc3cc(C(=O)Nc4cccnc4)n(C(C)C)c3)c2C1,C33,0.9367130398750305,0.9367130398750305,0.8225076794624329,1.1496752500534058,0.0,33,0.8968643546104431,1.914378046989441,1.560108124586242,2.8666859420567476,True,3,18,69.6969696969697,True,443.5070000000001,3.996800000000003,0.5630962337463935,True,0.5194805194805194
P6-POSENOISE_s03_0051,P6-POSENOISE_s03,C=CC(=O)N1Cc2cccc(C(=O)Nc3cn(Cc4ccc(F)cc4)cn3)c2C1,C26,0.9672272801399231,0.9672272801399231,0.8203019499778748,1.2099212408065796,0.0,29,0.8221052289009094,1.5366131067276,1.3436754285912955,23.150330534813662,True,3,21,93.10344827586206,True,390.41800000000006,3.3510000000000018,0.6796581561681159,True,0.5616438356164384
P6-POSENOISE_s03_0052,P6-POSENOISE_s03,C=CC(=O)N1Cc2cccc(C(=O)Nc3cn([C@H]4C[C@H](CN5CCOCC5)[C@H](O)C4)nn3)c2C1,C39,0.8980504274368286,0.8980504274368286,0.8274168968200684,1.2120329141616821,0.0,34,1.221531629562378,2.20902681350708,1.5155259368945166,9.168950107096293,True,2,17,67.6470588235294,True,466.54200000000037,1.2027999999999996,0.615400954116252,True,0.4482758620689655
P6-POSENOISE_s03_0053,P6-POSENOISE_s03,C=CC(=O)N1C=C2C=CC=C(C1)N(C(C)=O)C2NCc1cncn1CCCCF,C33,0.9679786562919617,0.9679786562919617,0.834836483001709,1.1075705289840698,0.0,29,0.7855739593505859,1.4306201934814453,1.9577188482772498,50.558312087295946,True,2,19,75.86206896551724,True,399.4700000000002,2.2628000000000004,0.5377981467753321,True,0.19607843137254902
P6-POSENOISE_s03_0054,P6-POSENOISE_s03,C=CC(=O)N1Cc2cccc(C(=O)Nc3cc(C)no3)c2C1=O,C22,0.9710971117019653,0.9710971117019653,0.8324757814407349,1.175710678100586,0.0,23,0.8401788473129272,1.48671555519104,1.1373024162904086,1.4487843478075462,True,4,16,100.0,True,311.2970000000001,1.9037199999999999,0.873990720317844,True,0.35
P6-POSENOISE_s03_0055,P6-POSENOISE_s03,C=CC(=O)N1Cc2cccc(C(=O)Nc3cn([C@H]4CCCNC4)cn3)c2C1,C29,0.9718473553657532,0.9718473553657532,0.8325634002685547,1.2044329643249512,0.0,27,0.7884503602981567,1.493204951286316,1.5784280775822521,32.89835493008226,True,5,20,96.29629629629629,True,365.4370000000002,2.0881,0.8134356368487862,True,0.5
P6-POSENOISE_s03_0056,P6-POSENOISE_s03,C=CC(=O)N1Cc2cccc(C(=O)Nc3nccn3C(C)(C)C)c2C1,C28,0.965645968914032,0.965645968914032,0.8476635813713074,0.9314975142478943,0.0,25,0.9309014678001404,1.5868570804595947,1.2145790275235298,7.89881836646029,True,2,19,96.0,True,338.4110000000002,2.9186000000000014,0.8751557260148265,True,0.5428571428571428
P6-POSENOISE_s03_0057,P6-POSENOISE_s03,C=CC(=O)N1Cc2cccc(C(=O)Nc3cn(CC(C)C)cn3)c2C1,C28,0.9767984747886658,0.9767984747886658,0.8375598788261414,1.2052927017211914,0.0,25,0.6715468168258667,1.3432618379592896,1.9729100582895314,62.92397444675356,True,4,19,100.0,True,338.4110000000001,2.819600000000001,0.8525992396075134,True,0.6323529411764706
P6-POSENOISE_s03_0059,P6-POSENOISE_s03,C=CC(=O)N1Cc2cccc(C(=O)Nc3cc(F)ccn3)c2C1,C21,0.9786449074745178,0.9786449074745178,0.8373479843139648,1.2034492492675781,0.0,23,0.7252664566040039,1.3674845695495605,1.9679821589892532,53.52665131014922,True,3,17,95.65217391304348,True,311.31600000000003,2.5012000000000008,0.8859722447915646,True,0.582089552238806
P6-POSENOISE_s03_0058,P6-POSENOISE_s03,C=CC(=O)N1Cc2cccc(C(=O)Nc3cn(C4CC=CNC4)cn3)c2C1,C27,0.9742258787155151,0.9742258787155151,0.8271190524101257,1.1590654850006104,0.0,27,0.7682249546051025,1.4554070234298706,1.9655701010139526,50.28839417029306,True,4,20,92.5925925925926,True,363.4210000000001,2.2116999999999996,0.816603642727433,True,0.5194805194805194
P6-POSENOISE_s03_0060,P6-POSENOISE_s03,C=CC(=O)N1Cc2cccc(C(=O)Nc3cn(-c4cnc(Cl)nc4)cn3)c2C1,C24,0.977322518825531,0.977322518825531,0.8373748660087585,1.0427190065383911,0.0,28,0.6923893690109253,1.3448610305786133,1.3955693833342702,35.24587116801615,True,4,19,100.0,True,394.82200000000006,2.5962000000000005,0.5419840102871071,True,0.5555555555555556
P6-POSENOISE_s03_0062,P6-POSENOISE_s03,C=CC(=O)N1Cc2cccc(C(=O)Nc3cn(C4CCNCC4)cn3)c2C1,C29,0.9672431349754333,0.9672431349754333,0.8365753293037415,1.1697518825531006,0.0,27,0.8400682210922241,1.561846375465393,1.9729957487536551,58.05269617752106,True,5,20,92.5925925925926,True,365.4370000000002,2.0881,0.8134356368487862,True,0.527027027027027
P6-POSENOISE_s03_0061,P6-POSENOISE_s03,C=CC(=O)N1Cc2cccc(C(=O)Nc3cn(C4(C)CC(C(=O)NCc5ccccc5)C4)cn3)c2C1,C37,0.9145623445510864,0.9145623445510864,0.8028298616409302,1.2733906507492065,0.0,36,1.2891945838928223,2.145660161972046,1.9685032095224022,62.83723146618371,True,4,27,91.66666666666667,True,483.5720000000003,3.6052000000000026,0.5020696123016557,True,0.5060240963855421
P6-POSENOISE_s03_0063,P6-POSENOISE_s03,C=CC(=O)N1Cc2cccc(C(=O)Nc3cn([C@@H]4CC(C)C[C@H](N(C)C)C4)cn3)c2C1,C37,0.9470350742340088,0.9470350742340088,0.8347431421279907,1.2094537019729614,0.0,31,1.100417971611023,1.994948387145996,1.9722503391811093,51.449615365229704,True,4,23,93.54838709677419,True,421.54500000000024,3.454900000000002,0.7509519266192348,True,0.5
P6-POSENOISE_s03_0064,P6-POSENOISE_s03,C=CC(=O)N1Cc2cccc(C(=O)N(C(=O)NC)c3cn(C(C)C)cn3)c2C1,C31,0.9345049262046814,0.9345049262046814,0.819870114326477,0.9753378033638,0.0,28,1.3617048263549805,2.1567251682281494,1.2273223793690076,49.68535118514089,True,3,19,92.85714285714286,True,381.43600000000015,2.4784000000000006,0.8244605636912247,True,0.46153846153846156
P6-POSENOISE_s03_0065,P6-POSENOISE_s03,C=CC(=O)N1Cc2cccc(C(=O)Nc3cn([C@H]4C[C@](C)(F)C4)cn3)c2C1,C28,0.9730806350708008,0.9730806350708008,0.8333492279052734,1.1984012126922607,0.0,27,0.7572201490402222,1.4676071405410767,1.8188445883307345,24.91791894664658,True,4,20,92.5925925925926,True,368.41200000000015,3.226700000000002,0.842833173469199,True,0.5540540540540541
P6-POSENOISE_s03_0066,P6-POSENOISE_s03,C=CC(=O)N1Cc2cccc(C(=O)Nc3cn(C4CC(C(=O)CO)C4)cn3)c2C1,C31,0.9748761057853699,0.9748761057853699,0.8426584601402283,1.157585859298706,0.0,29,0.7107018232345581,1.3743170499801636,1.97757837417383,50.44397932826263,True,6,21,93.10344827586206,True,394.4310000000002,1.6760999999999997,0.725593198041897,True,0.5333333333333333
P6-POSENOISE_s03_0067,P6-POSENOISE_s03,C=CC(=O)N1Cc2cccc(C(=O)Nc3cn(SCC(=O)N(C)C)cn3)c2C1,C30,0.9752094745635986,0.9752094745635986,0.8455362319946289,1.207017421722412,0.0,28,0.6495761275291443,1.3820942640304565,1.9605393953195658,49.548906038490514,True,5,19,89.28571428571429,True,399.4760000000002,1.7480999999999998,0.7480217552496602,True,0.5466666666666666
P6-POSENOISE_s03_0068,P6-POSENOISE_s03,C=CC(=O)N1Cc2cccc(C(=O)Nc3cn(C(=O)OC)cn3)c2C1,C25,0.9742914438247681,0.9742914438247681,0.8377125859260559,1.18596613407135,0.0,25,0.7769355773925781,1.4514691829681396,1.7808441129138721,51.09977202133041,True,4,17,96.0,True,340.3390000000001,1.7780999999999998,0.8597546750048194,True,0.5797101449275363
P6-POSENOISE_s03_0070,P6-POSENOISE_s03,C=CC(=O)N1Cc2cccc(C(=O)Nc3cn(C(=O)C(C)C)cn3)c2C1,C28,0.9781427383422852,0.9781427383422852,0.8541189432144165,1.0273884534835815,0.0,26,0.6269790530204773,1.3362717628479004,1.9683316492908398,56.29255468250787,True,4,19,88.46153846153847,True,352.3940000000001,2.4598000000000004,0.8568564292795802,True,0.6176470588235294
P6-POSENOISE_s03_0069,P6-POSENOISE_s03,C=CC(=O)N1Cc2ccccc2C1C(=O)Nc1cn(Cc2cccc(C)c2)cn1,C28,0.9399274587631226,0.9399274587631226,0.8213286399841309,1.2595593929290771,0.0,29,1.1501030921936035,2.0658278465270996,1.9097932170263854,32.56491398698566,True,2,23,89.65517241379311,True,386.45500000000015,3.447820000000002,0.6832115911122607,True,0.3
P6-POSENOISE_s03_0073,P6-POSENOISE_s03,C=CC(=O)N1Cc2cccc(Br)c2C1,C14,0.9099715948104858,0.9099715948104858,0.8274090886116028,1.2155438661575317,0.0,14,1.9285951852798462,2.7488760948181152,1.9568124425197209,65.67562329081287,True,0,11,85.71428571428571,True,252.11099999999996,2.4773000000000005,0.7029268758632548,True,0.4126984126984127
P6-POSENOISE_s03_0072,P6-POSENOISE_s03,C=CC(=O)N1Cc2cccc(C(=O)Nc3cn([C@H]4CCC[C@@H](C)C4)cn3)c2C1,C32,0.972368061542511,0.972368061542511,0.8348714113235474,1.1756383180618286,0.0,28,0.816764235496521,1.5184593200683594,1.8992045274798606,29.97752490901587,True,4,22,96.42857142857143,True,378.4760000000002,3.914800000000003,0.8203222684405812,True,0.5194805194805194
P6-POSENOISE_s03_0071,P6-POSENOISE_s03,C=CC(=O)N1Cc2cccc(C(=O)Nc3cn(C4CCN(C(=O)NC(C)C)CC4)cn3)c2C1,C38,0.9640119671821594,0.9640119671821594,0.8287181854248047,1.2307885885238647,0.0,33,0.8068925142288208,1.5781396627426147,1.9697695762195138,55.19098166446403,True,5,24,93.93939393939394,True,450.5430000000003,2.9185000000000008,0.6843993869759254,True,0.5454545454545454
P6-POSENOISE_s03_0075,P6-POSENOISE_s03,C=CC(=O)N1Cc2cccc(C(=O)Nc3cc(C(C)C)nn3C)c2C1,C28,0.9007577896118164,0.9007577896118164,0.8146663904190063,1.1647320985794067,0.0,25,1.946274995803833,2.891468048095703,1.9696432161434712,42.57769073440443,True,2,19,92.0,True,338.4110000000001,2.8240000000000007,0.8718427504727716,True,0.6212121212121212
P6-POSENOISE_s03_0074,P6-POSENOISE_s03,C=CC(=O)N1Cc2cccc(C(=O)Nc3cn([C@H]4CC(CF)N[C@@H]4C)cn3)c2C1,C31,0.9669218063354492,0.9669218063354492,0.8361868262290955,1.197678565979004,0.0,29,0.8189661502838135,1.4944617748260498,1.5554249673320788,23.603082814083194,True,5,20,100.0,True,397.4540000000001,2.4246,0.7598429559113715,True,0.5125
P6-POSENOISE_s03_0076,P6-POSENOISE_s03,C=CC(=O)N1Cc2cccc(C(=O)Nc3cccnc3)c2C1,C21,0.957466721534729,0.957466721534729,0.8357383012771606,0.9062879681587219,0.0,22,0.9995918273925781,1.6490386724472046,1.4289766630354739,29.720494492302123,True,3,16,95.45454545454545,True,293.3260000000001,2.3621,0.8836717841297176,True,0.5373134328358209
P6-POSENOISE_s03_0077,P6-POSENOISE_s03,C=CC(=O)N1Cc2cccc(C(=O)Nc3ccn(C)n3)c2C1,C22,0.9654109477996826,0.9654109477996826,0.8328045010566711,1.0959813594818115,0.0,22,0.9553570747375488,1.5999798774719238,1.9593462908327348,56.544840730654045,True,4,16,95.45454545454545,True,296.33000000000004,1.7006,0.8766533781081279,True,0.6507936507936508
P6-POSENOISE_s03_0078,P6-POSENOISE_s03,C=CC(=O)Nc1cnc([C@@H]2C[C@H]2c2cccc(CN(C)C(=O)C(=C)C)c2)cn1,C31,0.8158451914787292,0.8158451914787292,0.774347722530365,1.2026275396347046,0.0,28,3.424757480621338,4.61655330657959,1.8887768926212525,21.386822461294628,True,0,22,89.28571428571429,True,376.46000000000015,3.4067000000000025,0.7516575618929272,True,0.2777777777777778
P6-POSENOISE_s03_0079,P6-POSENOISE_s03,C=CC(=O)N1Cc2cccc(C(=O)Nc3cnc4cnccc4c3)c2C1,C23,0.9299379587173462,0.9299379587173462,0.8160659670829773,1.1500798463821411,0.0,26,1.2015233039855957,2.0258238315582275,1.9440962725647097,41.79828992696841,True,2,19,92.3076923076923,True,344.3740000000001,2.910300000000001,0.7414566817355064,True,0.5
P6-POSENOISE_s03_0080,P6-POSENOISE_s03,C=CC(=O)N1Cc2cccc(C(=O)Nc3cnc(C(C)(C)F)cn3)c2C1,C27,0.9313635230064392,0.9313635230064392,0.8161832690238953,1.216484546661377,0.0,26,1.523522138595581,2.2238104343414307,1.962811135998571,70.22189820439527,True,3,19,100.0,True,354.3850000000001,2.9617000000000013,0.8567892003924745,True,0.6417910447761194
P6-POSENOISE_s03_0081,P6-POSENOISE_s03,C=CC(=O)N1Cc2cccc(C(=O)Nc3cn(C4CCN(C(=O)NC(F)(F)F)CC4)cn3)c2C1,C34,0.9486714601516724,0.9486714601516724,0.8114175796508789,1.1476526260375977,0.0,34,0.933600664138794,1.7280266284942627,1.5362939999231906,0.006814119369067839,True,5,22,94.11764705882354,True,476.45900000000023,3.0299000000000014,0.5235281807234842,True,0.4875
P6-POSENOISE_s03_0082,P6-POSENOISE_s03,C=CC(=O)N1Cc2cccc(C(=O)Nc3cncnc3CC(F)(F)F)c2C1,C25,0.9392378330230713,0.9392378330230713,0.8258741497993469,1.1318663358688354,0.0,27,1.189560890197754,1.950111985206604,1.9790928747787448,68.016081793788,True,2,18,88.88888888888889,True,376.33800000000014,2.861900000000001,0.8330112667881301,True,0.5066666666666667
P6-POSENOISE_s03_0083,P6-POSENOISE_s03,C=CC(=O)N1Cc2cccc(C(=O)Nc3cn([C@H]4CCCC[C@H]4C(=O)Nc4cnc(C(C)C)c(C)n4)cn3)c2C1,C45,0.9729039072990417,0.9729039072990417,0.8230741620063782,1.2167284488677979,0.0,40,0.7862765789031982,1.4775209426879883,1.1377023141841613,21.2869430325392,True,6,29,90.0,True,541.6560000000002,4.755420000000004,0.41624647704926027,True,0.5595238095238095
P6-POSENOISE_s03_0084,P6-POSENOISE_s03,C=CC(=O)N1Cc2cccc(C(=O)Nc3cn([C@H]4C[C@H](Oc5cc(C)ncn5)C4)cn3)c2C1,C33,0.9387730956077576,0.9387730956077576,0.8162451982498169,1.2778115272521973,0.0,33,0.948031485080719,1.7844910621643066,1.9408929156189942,57.65391889978818,True,5,23,93.93939393939394,True,444.49500000000023,3.0445200000000012,0.5865547859592171,True,0.47058823529411764
P6-POSENOISE_s03_0085,P6-POSENOISE_s03,C=CC(=O)N1Cc2cccc(C(=O)Nc3cn(-c4ccccc4)cn3)c2C1,C24,0.9748310446739197,0.9748310446739197,0.8268761038780212,1.1451194286346436,0.0,27,0.7511652708053589,1.4306917190551758,1.8872378211820569,60.416255571154494,True,4,21,100.0,True,358.40100000000007,3.152800000000002,0.728721062427814,True,0.5652173913043478
P6-POSENOISE_s03_0086,P6-POSENOISE_s03,C=CC(=O)N1Cc2cccc(CNc3cc(N)ncn3)c2C1,C22,0.9219691157341003,0.9219691157341003,0.8232302665710449,1.2238553762435913,0.0,22,0.9771313071250916,1.9321413040161133,1.8505027326648296,24.98608917673323,True,2,15,100.0,True,295.34600000000006,1.6990999999999998,0.8387046478754767,True,0.41333333333333333
P6-POSENOISE_s03_0087,P6-POSENOISE_s03,C=CC(=O)N1Cc2cccc(C(=O)Nc3cn(CC)cn3)c2C1,C24,0.9770655632019043,0.9770655632019043,0.8431136012077332,1.2569599151611328,0.0,23,0.7292095422744751,1.407906413078308,1.5495255369305785,25.182237445631273,True,4,17,100.0,True,310.357,2.1834999999999996,0.8802440326545391,True,0.6119402985074627
P6-POSENOISE_s03_0088,P6-POSENOISE_s03,C=CC(=O)N1Cc2cccc(C(C)Nc3cn(C)c(=O)o3)c2C1,C24,0.9201329350471497,0.9201329350471497,0.8111031651496887,1.1749557256698608,0.0,23,1.3910889625549316,2.468383312225342,1.9445150088389647,32.642800242412875,True,1,16,100.0,True,313.3570000000001,2.1795999999999998,0.8786183774395618,True,0.43243243243243246
P6-POSENOISE_s03_0089,P6-POSENOISE_s03,C=CC(=O)N1Cc2cccc(C(=O)Nc3cn(C(F)F)c(C)n3)c2C1,C24,0.9692268967628479,0.9692268967628479,0.839611828327179,1.242728352546692,0.0,25,0.8131473660469055,1.4896557331085205,1.9552033437215663,37.19771533722172,True,3,17,100.0,True,346.3370000000001,2.8671200000000017,0.8658795383235399,True,0.5714285714285714
P6-POSENOISE_s03_0090,P6-POSENOISE_s03,C=CC(=O)N1Cc2cccc(C(=O)Nc3ccn(C(C)C)c3)c2C1,C26,0.9567492008209229,0.9567492008209229,0.8330623507499695,1.191712498664856,0.0,24,0.9783692955970764,1.7027665376663208,1.3702111328550783,18.790277211399655,True,1,19,87.5,True,323.39600000000013,3.3495000000000017,0.8773731227222705,True,0.5588235294117647
P6-POSENOISE_s03_0091,P6-POSENOISE_s03,C=CC(=O)N1Cc2cccc(C(=O)Nc3ncc(Cl)o3)c2C1,C20,0.974870502948761,0.974870502948761,0.8426470160484314,1.0715612173080444,0.0,22,0.7978124022483826,1.4235813617706299,1.9481268069609845,55.09015059700204,True,4,15,95.45454545454545,True,317.7320000000001,2.6085000000000003,0.8829016469049754,True,0.5362318840579711
P6-POSENOISE_s03_0093,P6-POSENOISE_s03,C=CC(=O)N1Cc2cccc(C(=O)c3cn(C)cn3)c2C1,C21,0.9503652453422546,0.9503652453422546,0.8267382979393005,1.1772185564041138,0.0,21,1.0518534183502197,1.741786241531372,1.6661885730312747,34.540508611142855,True,3,16,100.0,True,281.31500000000005,1.6792999999999998,0.6351000104563335,True,0.5074626865671642
P6-POSENOISE_s03_0092,P6-POSENOISE_s03,C=CC(=O)N1Cc2cccc(C(=O)Nc3cc(C(C)CC)nc(C(C)(C)C)c3)c2C1,C37,0.973479151725769,0.973479151725769,0.8091998100280762,1.2942947149276733,0.0,30,0.7642533779144287,1.5515062808990479,1.5443120860111155,40.11341387827571,True,2,25,66.66666666666667,True,405.54200000000026,5.173100000000005,0.6979168432524293,True,0.5
P6-POSENOISE_s03_0094,P6-POSENOISE_s03,C=CC(=O)N1Cc2cccc(C(=O)Nc3cn(CC4CCCOC4)cn3)c2C1,C31,0.9720171689987183,0.9720171689987183,0.8382601737976074,1.1894911527633667,0.0,28,0.7485036849975586,1.4946144819259644,1.4378304288753925,45.69444345962401,True,4,21,96.42857142857143,True,380.44800000000026,2.5902000000000003,0.8092112680997652,True,0.5
P6-POSENOISE_s03_0095,P6-POSENOISE_s03,C=CC(=O)N1Cc2cccc(C(=O)Nc3ccn(C(C)C)n3)c2C1,C26,0.9309727549552917,0.9309727549552917,0.8160144686698914,1.2281725406646729,0.0,24,1.4580211639404297,2.195915699005127,1.796897967220176,33.15695878093325,True,1,18,95.83333333333333,True,324.3840000000001,2.7445000000000013,0.8794439335696442,True,0.6212121212121212
P6-POSENOISE_s03_0096,P6-POSENOISE_s03,C=CC(=O)N1Cc2cccc(C(=O)Nc3cn(C4CN(C(=O)C=C)C4)nn3)c2C1,C29,0.961636483669281,0.961636483669281,0.8490222096443176,1.1270253658294678,0.0,29,0.7913063764572144,1.5435576438903809,1.1400471659102527,21.080085893570526,True,5,20,93.10344827586206,True,392.4190000000002,1.1278999999999997,0.7690669065123901,True,0.5352112676056338
P6-POSENOISE_s03_0097,P6-POSENOISE_s03,C=CC(=O)N1Cc2cccc(C(=O)Nc3cncn3C(C)C(=O)OC)c2C1,C29,0.9143970012664795,0.9143970012664795,0.8303927779197693,1.2073795795440674,0.0,27,1.358324646949768,2.3024697303771973,1.7589166640008846,27.26244764914432,True,1,18,92.5925925925926,True,368.3930000000002,1.8976,0.6425883793177123,True,0.527027027027027
P6-POSENOISE_s03_0098,P6-POSENOISE_s03,C=CC(=O)N1Cc2cccc(C(=O)Nc3cn(C(C)C(C)C)nn3)c2C1,C30,0.96184903383255,0.96184903383255,0.8403300642967224,1.1493948698043823,0.0,26,0.9693967700004578,1.6040096282958984,1.4030019670691845,12.75538334049628,True,5,19,96.15384615384616,True,353.4260000000001,2.7756000000000007,0.8383681852328047,True,0.5942028985507246
P6-POSENOISE_s03_0099,P6-POSENOISE_s03,C=CC(=O)N1Cc2cccc(C(=O)Nc3cc(C(=O)N(C)CCc4ccc(C(F)(F)F)cc4)ccn3)c2C1,C36,0.9265220165252686,0.9265220165252686,0.808372437953949,1.2593584060668945,0.0,38,0.8605818152427673,1.7453171014785767,1.9830888491441827,54.081464788404645,True,4,27,89.47368421052632,True,522.5270000000002,4.695600000000003,0.4565352068321685,True,0.45977011494252873
P6-POSENOISE_s03_0100,P6-POSENOISE_s03,C=CC(=O)N1Cc2cccc(NC(=O)Nc3ccn(C(C)=O)c3)c2C1,C25,0.8621281981468201,0.8621281981468201,0.7842188477516174,1.2812412977218628,0.0,25,2.0020196437835693,3.348586320877075,1.7644807103224471,30.119374745642403,True,0,18,92.0,True,338.36700000000013,2.820400000000001,0.8442521862767551,True,0.39473684210526316
P6-POSENOISE_s03_0101,P6-POSENOISE_s03,C=CC(=O)N1Cc2cccc(C(=O)Nc3cn([C@H]4C[C@H](c5cccc(F)c5)[C@@H](O)C4)cn3)c2C1,C33,0.9552621245384216,0.9552621245384216,0.8224830627441406,1.2347431182861328,0.0,34,0.8286564350128174,1.6108057498931885,1.915235522174753,21.14553069748021,True,5,25,88.23529411764706,True,460.5090000000002,3.782300000000002,0.5675573740903482,True,0.4939759036144578
P6-POSENOISE_s03_0103,P6-POSENOISE_s03,C=CC(=O)N1Cc2cccc(C(=O)Nc3ncn(C)c3C)c2C1,C24,0.9742196798324585,0.9742196798324585,0.835548996925354,1.216159701347351,0.0,23,0.813178300857544,1.437440037727356,1.6216124072971334,9.47825949120626,True,4,17,100.0,True,310.3570000000001,2.0090199999999996,0.8818953750253351,True,0.5588235294117647
P6-POSENOISE_s03_0102,P6-POSENOISE_s03,C=CC(=O)N1CC2=C(CC(C(=O)Nc3cn(C4CCN(C(C)=O)C4)cn3)=CC=C2)C1,C33,0.9478155374526978,0.9478155374526978,0.8223245739936829,1.1994976997375488,0.0,30,0.9059160947799683,1.793885588645935,1.980020093079865,37.34320584073811,True,3,22,96.66666666666667,True,407.4740000000002,1.8259999999999994,0.7716623445490518,True,0.2903225806451613
P6-POSENOISE_s03_0104,P6-POSENOISE_s03,C=CC(=O)N1CC2=C(C1)C(C(=O)Nc1cn(C(C)C)cn1)=CC=CC=C2,C28,0.9718092679977417,0.9718092679977417,0.8384291529655457,1.0445131063461304,0.0,26,0.780271053314209,1.4420325756072998,1.7524093993128447,8.715110774733247,True,3,20,92.3076923076923,True,350.422,2.779700000000001,0.8492874485170934,True,0.3373493975903614
P6-POSENOISE_s03_0105,P6-POSENOISE_s03,C=CC(=O)N1Cc2cccc(C(=N)Nc3cn(C(C)C)cn3)c2C1,C27,0.975533664226532,0.975533664226532,0.8332935571670532,1.2360007762908936,0.0,24,0.7661504745483398,1.4058043956756592,1.7769781576035204,39.46520961388748,True,4,18,95.83333333333333,True,323.4000000000001,2.9296700000000016,0.5159869414700329,True,0.5277777777777778
P6-POSENOISE_s03_0106,P6-POSENOISE_s03,C=CC(=O)N1Cc2c(CO)cccc2C(=O)Nc2ncn(C(C)C)c2C1,C29,0.9711909294128418,0.9711909294128418,0.8528165817260742,0.8835310935974121,0.0,26,0.8276755809783936,1.4449572563171387,1.7241494597046998,39.70499424446322,True,2,19,88.46153846153847,True,354.41000000000014,2.2367999999999997,0.8277135487285957,True,0.3614457831325301
P6-POSENOISE_s03_0107,P6-POSENOISE_s03,C=CC(=O)N1Cc2cccc(C(=O)Nc3cn([C@H]4C[C@H](O)[C@@H](F)CN4)cn3)c2C1,C30,0.9721763134002686,0.9721763134002686,0.8394948840141296,1.1826051473617554,0.0,29,0.8001014590263367,1.490431547164917,1.8789314125055205,51.70393071091914,True,5,20,93.10344827586206,True,399.4260000000001,1.3544999999999996,0.6744294247522815,True,0.48148148148148145
P6-POSENOISE_s03_0108,P6-POSENOISE_s03,C=CC(=O)N1Cc2cccc(NC(=O)Nc3cn(Cl)nn3)c2C1,C21,0.9372870922088623,0.9372870922088623,0.8264164924621582,1.0725613832473755,0.0,23,1.4587230682373047,2.0841925144195557,1.3456106911361854,14.539297007888635,True,3,13,100.0,True,332.7510000000001,1.9521999999999995,0.8402339264057621,True,0.4189189189189189
P6-POSENOISE_s03_0109,P6-POSENOISE_s03,C=CC(=O)N1Cc2ccc(C(=O)Nc3cn(C(=O)C4CC4)cn3)cc2C1,C26,0.9641385078430176,0.9641385078430176,0.824579656124115,1.275997519493103,0.0,26,0.7726191878318787,1.584755539894104,1.9387241580224868,5.099067088148999,True,2,19,80.76923076923077,True,350.37800000000016,2.2138,0.8570716344024962,True,0.3717948717948718
P6-POSENOISE_s03_0110,P6-POSENOISE_s03,C=CC(=O)N1Cc2cc(C)cc(C(=O)Nc3cn(C(=O)C(C)(C)C)cn3)c2C1,C32,0.9697940945625305,0.9697940945625305,0.8391915559768677,1.1929214000701904,0.0,28,0.7623856067657471,1.5268874168395996,1.1333066810003356,28.69899945041965,True,4,21,92.85714285714286,True,380.4480000000002,3.1583200000000016,0.8292214764026545,True,0.4230769230769231
P6-POSENOISE_s03_0111,P6-POSENOISE_s03,C=CC(=O)N1Cc2cccc(C(=O)Nc3cn(C)c(C)n3)c2C1,C24,0.9711796641349792,0.9711796641349792,0.8306116461753845,1.1914269924163818,0.0,23,0.8398514986038208,1.4629225730895996,1.861197097273688,44.349183619793365,True,4,17,100.0,True,310.3570000000001,2.0090199999999996,0.8818953750253351,True,0.6060606060606061
P6-POSENOISE_s03_0112,P6-POSENOISE_s03,C=CC(=O)N1Cc2cccc(Nc3ccn(C(C)=O)c3)c2C1,C22,0.9344592094421387,0.9344592094421387,0.8222734332084656,1.2279918193817139,0.0,22,1.281970739364624,2.0949344635009766,1.9607470588018252,51.02499530387922,True,1,17,100.0,True,295.3420000000001,2.9200000000000017,0.8858172631175582,True,0.3918918918918919
P6-POSENOISE_s03_0113,P6-POSENOISE_s03,C=CC(=O)N1Cc2cccc(C(=O)Nc3cnn(C4CC=CC4)c3)c2C1,C26,0.9162135720252991,0.9162135720252991,0.8089579939842224,1.1945178508758545,0.0,26,1.4534521102905273,2.487651824951172,1.8310419178708053,42.74616302183654,True,3,19,84.61538461538461,True,348.4060000000002,3.0547000000000013,0.6820249816135108,True,0.5277777777777778
P6-POSENOISE_s03_0114,P6-POSENOISE_s03,C=CC(=O)N1Cc2cccc(C(=O)Nc3cn([C@H](C)C(F)(F)F)c(C)n3)c2C1,C28,0.9703212976455688,0.9703212976455688,0.8299999237060547,1.214206337928772,0.0,28,0.821893036365509,1.4997406005859375,1.956312693538536,4.11425518825564,True,3,19,100.0,True,392.3810000000001,3.595320000000002,0.8089122613159957,True,0.5616438356164384
P6-POSENOISE_s03_0115,P6-POSENOISE_s03,C=CC(=O)N1Cc2cc(F)cc(C(=O)Nc3ncn(C)c3C(C)C)c2C1,C28,0.9606236815452576,0.9606236815452576,0.8285185694694519,1.1975040435791016,0.0,26,0.9492477178573608,1.685560941696167,1.9452698980861234,60.198474015465564,True,4,19,92.3076923076923,True,356.4010000000002,2.9631000000000016,0.8566911177326526,True,0.4605263157894737
P6-POSENOISE_s03_0116,P6-POSENOISE_s03,C=CC(=O)N1Cc2cccc(C(=O)Nc3cn(Cc4cccc(C)c4)cn3)c2C1,C28,0.9666326642036438,0.9666326642036438,0.8296789526939392,1.2327569723129272,0.0,29,0.7690563201904297,1.5643062591552734,1.980435916660772,60.77889299241744,True,4,22,93.10344827586206,True,386.4550000000001,3.5203200000000026,0.6824698146588641,True,0.5466666666666666
P6-POSENOISE_s03_0118,P6-POSENOISE_s03,C=CC(=O)N1Cc2cccc(C(=O)Nc3nc(C)co3)c2C1,C22,0.981643795967102,0.981643795967102,0.8342017531394958,0.9726437330245972,0.0,22,0.6555408239364624,1.2380967140197754,1.9602290631964419,49.773564131003724,True,4,16,100.0,True,297.3140000000001,2.2635199999999998,0.8817436249225079,True,0.5362318840579711
P6-POSENOISE_s03_0119,P6-POSENOISE_s03,C=CC(=O)N1Cc2cccc(C(=O)Nc3cn([C@H](C)C(C)=O)cn3)c2C1,C28,0.9747397303581238,0.9747397303581238,0.8391492962837219,1.209605097770691,0.0,26,0.6724399924278259,1.3777967691421509,1.9695346265044436,56.61720231768851,True,4,19,96.15384615384616,True,352.3940000000001,2.3136,0.8371175483805501,True,0.6086956521739131
P6-POSENOISE_s03_0117,P6-POSENOISE_s03,C=CC(=O)N1Cc2cccc(C(=O)Nc3cn(C4CCC(CC)CC4)cn3)c2C1,C34,0.9660483598709106,0.9660483598709106,0.8186795115470886,1.2607471942901611,0.0,29,0.8950815200805664,1.6772923469543457,1.6553163177169483,30.713094951842862,True,4,23,89.65517241379311,True,392.50300000000027,4.3049000000000035,0.7714278233715605,True,0.5466666666666666
P6-POSENOISE_s03_0120,P6-POSENOISE_s03,C=CC(=O)N1Cc2cccc(C(=O)Nc3cncn3C)c2C1,C22,0.9303169846534729,0.9303169846534729,0.8244860768318176,1.1482480764389038,0.0,22,1.3159033060073853,2.115247964859009,1.9559055823837714,41.474713990723444,True,2,16,90.9090909090909,True,296.3300000000001,1.7006,0.8766533781081279,True,0.5671641791044776
P6-POSENOISE_s03_0121,P6-POSENOISE_s03,C=CC(=O)N1Cc2cccc(C(=O)Nc3cncc(N)n3)c2C1,C22,0.9536770582199097,0.9536770582199097,0.831246554851532,1.1608750820159912,0.0,23,1.2238138914108276,1.8273074626922607,1.8268908632154248,37.95523730643774,True,4,16,95.65217391304348,True,309.32900000000006,1.3392999999999997,0.8331504333026278,True,0.5588235294117647
P6-POSENOISE_s03_0122,P6-POSENOISE_s03,C=CC(=O)N1Cc2cccc(C(=O)Nc3cn(C(=O)C(C)C(F)(F)F)cn3)c2C1,C28,0.9779343008995056,0.9779343008995056,0.8415161967277527,1.1066269874572754,0.0,29,0.6179777383804321,1.3059501647949219,1.9684226127790752,62.09907924450968,True,4,19,93.10344827586206,True,406.3640000000001,3.002200000000001,0.7915561317972224,True,0.5753424657534246
P6-POSENOISE_s03_0123,P6-POSENOISE_s03,C=CC(=O)N1Cc2cccc(C(=O)Nc3cn([C@H]4CC(=O)NC(C)C4)cn3)c2C1,C31,0.9786953926086426,0.9786953926086426,0.8391342163085938,1.2091912031173706,0.0,29,0.701824426651001,1.3990097045898438,1.9763086484403187,52.01059732156082,True,5,21,96.55172413793103,True,393.4470000000002,2.0031999999999996,0.7768455464808727,True,0.5
P6-POSENOISE_s03_0124,P6-POSENOISE_s03,C=CC(=O)N1Cc2cccc(C(=O)Nc3cn(C4CCN(C(=O)CC)CC4)cn3)c2C1,C35,0.9585040807723999,0.9585040807723999,0.8272973299026489,1.1987046003341675,0.0,31,0.8967310190200806,1.746137261390686,1.9600804029682048,63.3206555085296,True,5,23,96.7741935483871,True,421.5010000000003,2.7371000000000008,0.7522980327855282,True,0.5394736842105263
P6-POSENOISE_s03_0125,P6-POSENOISE_s03,C=CC(=O)N1Cc2cccc(C(=O)N(c3cccc4c3C(=O)NCC4)C(C)C)c2C1,C32,0.7998281121253967,0.7998281121253967,0.769859254360199,1.3779784440994263,0.0,30,3.222296714782715,4.7106170654296875,1.4755208659995274,40.13975444481031,True,0,24,90.0,True,403.48200000000026,3.055900000000001,0.7980359749271875,True,0.3950617283950617
P6-POSENOISE_s03_0126,P6-POSENOISE_s03,C=CC(=O)N1Cc2cccc(C(=O)Nc3cn(C4CCCCCC4C)cn3)c2C1,C34,0.9519330263137817,0.9519330263137817,0.8256275057792664,1.2349268198013306,0.0,29,1.055721640586853,1.8578929901123047,1.948979215179064,15.740796286114389,True,3,23,100.0,True,392.50300000000027,4.3049000000000035,0.6228894137758613,True,0.5333333333333333
P6-POSENOISE_s03_0127,P6-POSENOISE_s03,C=CC(=O)N1Cc2cccc(Cc3ccc(C(=O)NC(C)C)cc3)c2C1C,C31,0.8224702477455139,0.8224702477455139,0.7865481972694397,1.2711691856384277,0.0,27,3.2080044746398926,4.332516670227051,1.7626096915936897,25.17192172336533,True,0,22,81.48148148148148,True,362.47300000000007,4.004800000000003,0.8173753583782489,True,0.2976190476190476
P6-POSENOISE_s03_0128,P6-POSENOISE_s03,C=CC(=O)N1Cc2cccc(-n3cncc3C(=O)N(C)c3cc(C)cc(C)c3)c2C1,C30,0.8555281162261963,0.8555281162261963,0.7914384603500366,1.3133314847946167,0.0,30,2.6456751823425293,3.7636170387268066,1.5210457096681873,8.21794483620856,True,1,24,80.0,True,400.4820000000002,3.7939400000000028,0.6262472527993195,True,0.34523809523809523
P6-POSENOISE_s03_0129,P6-POSENOISE_s03,C=CC(=O)N1Cc2cccc(NC(=O)c3cn(C(C)C)cn3)c2C1,C26,0.9431664347648621,0.9431664347648621,0.827704906463623,1.2553565502166748,0.0,24,1.063258171081543,1.984264850616455,1.2489397732877277,53.20419150078905,True,1,16,91.66666666666667,True,324.38400000000007,2.7445000000000013,0.8794439335696442,True,0.4794520547945205
P6-POSENOISE_s03_0130,P6-POSENOISE_s03,C=CC(=O)N1Cc2ccc(C(=O)Nc3cn([C@H]4CC[C@H](C(C)(F)F)[C@H]4C)cn3)cc2C1,C34,0.9543396830558777,0.9543396830558777,0.8298709988594055,1.222150444984436,0.0,31,0.9517534375190735,1.7397325038909912,1.743013076514344,11.516854098497475,True,2,22,87.09677419354838,True,428.4830000000001,4.406000000000003,0.7178475579779665,True,0.32954545454545453
P6-POSENOISE_s03_0131,P6-POSENOISE_s03,C=CC(=O)N(c1ccccc1)c1cccc(CN2CC(=O)N(CCC(C)=O)C2)c1,C32,0.7451230883598328,0.7451230883598328,0.7793698310852051,1.355853796005249,0.0,29,4.129709720611572,5.739864349365234,1.904458219021884,49.08007512234508,True,1,22,89.65517241379311,True,391.47100000000023,3.118100000000002,0.6489641166500418,True,0.1956521739130435
P6-POSENOISE_s03_0132,P6-POSENOISE_s03,C=CC(=O)N1C(=O)c2c(Nc3cn(C)cn3)cccc2C1C,C22,0.9288875460624695,0.9288875460624695,0.8262630701065063,1.2171207666397095,0.0,22,1.321584939956665,2.082441806793213,1.5587904065652929,36.31271813404743,True,2,16,86.36363636363636,True,296.33000000000004,2.3931000000000004,0.8831477478233701,True,0.2619047619047619
P6-POSENOISE_s03_0133,P6-POSENOISE_s03,C=CC(=O)N1Cc2cccc(Nc3cn(C(=O)c4ccccc4)nn3)c2C1,C24,0.8845762610435486,0.8845762610435486,0.8197070956230164,1.1466999053955078,0.0,27,2.1222097873687744,3.0357742309570312,1.7471452629647033,20.906736636060714,True,4,20,100.0,True,359.38900000000007,2.7384000000000013,0.7247175473944407,True,0.38461538461538464
P6-POSENOISE_s03_0134,P6-POSENOISE_s03,C=CC(=O)N1Cc2cccc(C(=O)Nc3cn(C(=O)c4cn(C(=O)CC)cn4)cn3)c2C1,C31,0.9792419075965881,0.9792419075965881,0.8358957171440125,1.0794322490692139,0.0,32,0.5862616896629333,1.2501174211502075,1.9636845090288808,37.10705568313941,True,4,22,93.75,True,432.4400000000002,2.0987999999999998,0.6168912563878699,True,0.5394736842105263
P6-POSENOISE_s03_0135,P6-POSENOISE_s03,C=CC(=O)N1Cc2cccc(C)c2C1c1cn(C(=O)c2ccc(OC)cn2)cn1,C28,0.9675586819648743,0.9675586819648743,0.8300709128379822,1.2457191944122314,0.0,29,0.8187317848205566,1.6122708320617676,1.5808148995059477,38.53119771335449,True,2,20,75.86206896551724,True,388.4270000000001,2.9012200000000012,0.6424982301410308,True,0.25806451612903225
P6-POSENOISE_s03_0136,P6-POSENOISE_s03,C=CC(=O)N1Cc2cccc(C(=O)Nc3cnc(C(C)C)cn3)c2C1,C27,0.9531499743461609,0.9531499743461609,0.8211103677749634,1.2599842548370361,0.0,25,1.1711575984954834,1.8633731603622437,1.9452316092434858,48.77409907256029,True,4,19,100.0,True,336.3950000000001,2.8805000000000014,0.8712695299433523,True,0.7419354838709677
P6-POSENOISE_s03_0137,P6-POSENOISE_s03,C=CC(=O)N1Cc2cccc(C(=O)Nc3cn([C@H](C)CC)cn3)c2C1,C28,0.9779453277587891,0.9779453277587891,0.8342310786247253,1.2005029916763306,0.0,25,0.6778010129928589,1.3183434009552002,1.9485950757404689,53.84316722799167,True,4,19,96.0,True,338.4110000000001,3.1346000000000016,0.8518112983325309,True,0.6231884057971014
P6-POSENOISE_s03_0138,P6-POSENOISE_s03,C=CC(=O)Nc1ncn(Cc2ccccc2F)c1C,C19,0.8794328570365906,0.8794328570365906,0.8002170920372009,1.1154260635375977,0.0,19,2.579501152038574,3.689675807952881,1.650387529551772,30.071885002711866,True,2,13,68.42105263157895,True,259.284,2.503420000000001,0.8574619801774397,True,0.2345679012345679
P6-POSENOISE_s03_0140,P6-POSENOISE_s03,C=CC(=O)N1Cc2cccc(N3Cc4nn(C(C)C)cc4NC3=O)c2C1,C27,0.8495376706123352,0.8495376706123352,0.7902412414550781,1.262110710144043,0.0,26,2.5465731620788574,3.442671298980713,1.9636200879243404,49.44610682641894,True,1,19,84.61538461538461,True,351.4100000000001,3.0443000000000007,0.8642363829341904,True,0.42857142857142855
P6-POSENOISE_s03_0139,P6-POSENOISE_s03,C=CC(=O)N1Cc2ccccc2C(=O)N1Cc1cccc(C(=O)N(C)c2ncn(C)c2C(C)C)c1,C37,0.9056015610694885,0.9056015610694885,0.7934361696243286,1.2528741359710693,0.0,35,1.3658555746078491,2.440929412841797,1.9438720923455877,67.97451226834693,True,3,26,71.42857142857143,True,471.5610000000002,3.905700000000003,0.5109540115514227,True,0.28125
P6-POSENOISE_s03_0141,P6-POSENOISE_s03,C=CC(=O)N1Cc2cccc(C(=O)Nc3cc(C)n(C(C)C)c3)c2C1,C28,0.9495621919631958,0.9495621919631958,0.8228201866149902,1.2195417881011963,0.0,25,1.0548501014709473,1.7900354862213135,1.5618625448162837,5.5842643190834025,True,1,19,92.0,True,337.4230000000001,3.6579200000000025,0.8658202040476173,True,0.5428571428571428
P6-POSENOISE_s03_0143,P6-POSENOISE_s03,C=CC(=O)N1Cc2cccc(Cc3cn(C(C)=O)cn3)c2C1,C23,0.9433320760726929,0.9433320760726929,0.8277716040611267,1.2437269687652588,0.0,22,1.1515098810195923,1.9576598405838013,1.9736984983021104,14.516863774608993,True,2,17,90.9090909090909,True,295.34200000000004,2.1622000000000003,0.8154103500234796,True,0.4189189189189189
P6-POSENOISE_s03_0142,P6-POSENOISE_s03,C=CC(=O)N1Cc2cccc(C(=O)Nc3cn(C4CC(C)C4)nn3)c2C1,C28,0.9707767963409424,0.9707767963409424,0.8383945822715759,1.1564698219299316,0.0,26,0.8116766214370728,1.4998444318771362,1.642529144612052,33.226348275809954,True,5,19,100.0,True,351.41000000000014,2.5296000000000003,0.8585849726686626,True,0.5342465753424658
P6-POSENOISE_s03_0144,P6-POSENOISE_s03,C=CC(=O)N1Cc2cccc(C(=O)Nc3cn([C@H]4C[C@H]4O)cn3)c2C1,C25,0.9759580492973328,0.9759580492973328,0.8418726325035095,1.2025260925292969,0.0,25,0.7282884120941162,1.4020601511001587,1.9381023035175406,44.88320277519878,True,4,18,96.0,True,338.3670000000001,1.4692999999999998,0.8266074286207669,True,0.5492957746478874
P6-POSENOISE_s03_0145,P6-POSENOISE_s03,C=CC(=O)N1Cc2cccc(C(=O)Nc3cn(C(=O)C(F)F)cn3)c2C1,C24,0.976926863193512,0.976926863193512,0.8482244610786438,1.2099627256393433,0.0,26,0.6600692272186279,1.3468728065490723,1.9526702316059399,50.18761977344653,True,4,17,100.0,True,360.32000000000005,2.0689,0.8462767773522052,True,0.5714285714285714
P6-POSENOISE_s03_0146,P6-POSENOISE_s03,C=CC(=O)N1Cc2cccc(C)c2C1=O,C16,0.9175006151199341,0.9175006151199341,0.8207389116287231,1.2998658418655396,0.0,15,1.7032302618026733,2.761704206466675,1.337968827514303,40.95826360920279,True,0,12,86.66666666666667,True,201.22499999999997,1.66342,0.6478998420908143,True,0.28169014084507044
P6-POSENOISE_s03_0148,P6-POSENOISE_s03,C=CC(=O)Nc1cccc(C(=O)N2Cc3cccc(C)c3C2C)n1,C25,0.935232400894165,0.935232400894165,0.8246974945068359,1.2201496362686157,0.0,24,1.3720654249191284,2.1291744709014893,1.2760631939680727,30.82302549163441,True,2,19,95.83333333333333,True,321.38000000000005,3.2315200000000015,0.8829111753513023,True,0.27710843373493976
P6-POSENOISE_s03_0147,P6-POSENOISE_s03,C=CC(=O)N1Cc2cccc(C(=O)Nc3cn(C4CCC(CCC)CC4)cn3)c2C1,C36,0.9670964479446411,0.9670964479446411,0.8172993063926697,1.251331090927124,0.0,30,0.8534684181213379,1.5934308767318726,1.9798152212264646,55.27535621251735,True,4,24,93.33333333333333,True,406.5300000000003,4.695000000000005,0.7075500463377447,True,0.5324675324675324
P6-POSENOISE_s03_0149,P6-POSENOISE_s03,C=CC(=O)N1Cc2cccc(C(=O)Nc3cn(C4CCCCC4)cn3)c2C1,C30,0.9706254005432129,0.9706254005432129,0.8321194648742676,1.251436710357666,0.0,27,0.8359008431434631,1.5457748174667358,1.6991075781421263,21.126184506662412,True,4,21,92.5925925925926,True,364.44900000000024,3.6688000000000027,0.841940136773859,True,0.5416666666666666
P6-POSENOISE_s03_0150,P6-POSENOISE_s03,C=CC(=O)N1Cc2cccc(C(=O)Nc3ccn(C(C)CF)n3)c2C1,C26,0.9301406145095825,0.9301406145095825,0.8253103494644165,1.1828551292419434,0.0,25,1.512410044670105,2.2876811027526855,1.9171816327880877,57.335515906538575,True,3,17,100.0,True,342.37400000000014,2.6941000000000006,0.849729144014547,True,0.6
P6-POSENOISE_s03_0151,P6-POSENOISE_s03,C=CC(=O)N1Cc2c(C)ccc(C(=O)Nc3cn(C(C)C)cn3)c2C1,C28,0.9749213457107544,0.9749213457107544,0.8356429934501648,1.2451010942459106,0.0,25,0.803735077381134,1.4554580450057983,1.9632714689772282,55.70329857806183,True,4,19,92.0,True,338.4110000000001,3.052920000000001,0.8714043386848063,True,0.4657534246575342
P6-POSENOISE_s03_0153,P6-POSENOISE_s03,C=CC(=O)N1Cc2ccc(C)cc2C1Nc1cn(C(C)C)cn1,C26,0.9592136740684509,0.9592136740684509,0.8347447514533997,1.0807507038116455,0.0,23,0.9616627097129822,1.6404931545257568,1.9811823622776368,19.15687064514333,True,2,18,95.65217391304348,True,310.40100000000007,3.4113200000000017,0.880479266593536,True,0.2976190476190476
P6-POSENOISE_s03_0152,P6-POSENOISE_s03,C=CC(=O)N1Cc2cccc(C)c2C(=O)Nc2ncn(CC)c2C1,C26,0.9717458486557007,0.9717458486557007,0.8302378058433533,1.2125024795532227,0.0,24,0.8220207095146179,1.4657657146453857,1.582929805424109,62.3821885914235,True,2,18,95.83333333333333,True,324.3840000000001,2.4919200000000004,0.8631452453654354,True,0.35802469135802467
P6-POSENOISE_s03_0154,P6-POSENOISE_s03,C=CC(=O)N1Cc2cccc(C(=O)Nc3cn(C(C)CC)cn3)c2C1,C28,0.9799584746360779,0.9799584746360779,0.8401390314102173,1.134273648262024,0.0,25,0.6393584609031677,1.2655231952667236,1.7401487873167625,33.77913075701369,True,4,19,88.0,True,338.4110000000001,3.1346000000000016,0.8518112983325309,True,0.6231884057971014
P6-POSENOISE_s03_0155,P6-POSENOISE_s03,C=CC(=O)N1Cc2cccc(C(=O)Nc3cc(C(C)C)no3)c2C1,C26,0.9743062257766724,0.9743062257766724,0.8338910937309265,1.2684910297393799,0.0,24,0.7884074449539185,1.4572664499282837,1.6199862713307187,26.27138306768427,True,5,18,100.0,True,325.3680000000001,3.078500000000002,0.8766152240973928,True,0.5652173913043478
P6-POSENOISE_s03_0156,P6-POSENOISE_s03,C=CC(=O)N1Cc2cccc(C(=O)N3Cc4cccc(C)c4C3)c2C1Nc1cn(SC)cn1,C32,0.769985020160675,0.769985020160675,0.7647153735160828,1.3643593788146973,0.0,33,4.060555934906006,5.524821758270264,1.3499266828239223,12.317523426431194,True,0,21,75.75757575757575,True,459.57500000000016,4.112520000000003,0.5816703233404792,True,0.3793103448275862
P6-POSENOISE_s03_0159,P6-POSENOISE_s03,C=CC(=O)N1Cc2cccc(C(=O)Nc3c[nH]c(CC)n3)c2C1,C24,0.929785966873169,0.929785966873169,0.8245851397514343,1.0840630531311035,0.0,23,1.5725657939910889,2.308816432952881,1.9684576108720246,49.16740224001461,True,4,17,95.65217391304348,True,310.3570000000001,2.2526,0.8502576753886328,True,0.5797101449275363
P6-POSENOISE_s03_0158,P6-POSENOISE_s03,C=CC(=O)N1CCc2c(cccc2C(=O)Nc2cn(CC)cn2)C1,C26,0.9669886827468872,0.9669886827468872,0.8259794116020203,1.202007532119751,0.0,24,0.802101194858551,1.5898422002792358,1.4473025741703094,9.065467254898891,True,4,18,95.83333333333333,True,324.3840000000001,2.226,0.8770705993558913,True,0.5205479452054794
P6-POSENOISE_s03_0157,P6-POSENOISE_s03,C=CC(=O)N1Cc2cccc(C(=O)Nc3nccn3Cc3cccc(F)c3)c2C1,C26,0.9563303589820862,0.9563303589820862,0.8324393630027771,1.1002306938171387,0.0,29,0.9116371273994446,1.62113356590271,1.9627193449140914,48.33934329500161,True,2,21,86.20689655172414,True,390.4180000000002,3.3510000000000018,0.6796581561681159,True,0.48717948717948717
P6-POSENOISE_s03_0161,P6-POSENOISE_s03,C=CC(=O)N1Cc2cccc(C(=O)Nc3cn(C4CCCNC4)cn3)c2C1,C29,0.9702772498130798,0.9702772498130798,0.8394915461540222,1.2253508567810059,0.0,27,0.8237566947937012,1.5317987203598022,1.9376179113540442,18.16544072861346,True,4,20,92.5925925925926,True,365.4370000000002,2.0881,0.8134356368487862,True,0.5
P6-POSENOISE_s03_0160,P6-POSENOISE_s03,C=CC(=O)N1Cc2cccc(C(=O)Nc3ncc(C(C)(C)C)n3C)c2C1,C30,0.927397608757019,0.927397608757019,0.828659176826477,1.2670215368270874,0.0,26,1.5638047456741333,2.3567450046539307,1.9499882546569371,56.429332891723305,True,3,19,96.15384615384616,True,352.43800000000016,2.9981000000000018,0.8637011701168265,True,0.5735294117647058
P6-POSENOISE_s03_0162,P6-POSENOISE_s03,C=CC(=O)N1Cc2cccc(C(=O)Nc3cnc(C(F)(F)F)cn3)c2C1,C23,0.9565616846084595,0.9565616846084595,0.8322966694831848,1.0783292055130005,0.0,26,1.0534647703170776,1.7985000610351562,1.9667408720774562,44.03407623550834,True,3,16,100.0,True,362.31100000000004,2.7759,0.8523171869379923,True,0.6363636363636364
P6-POSENOISE_s03_0163,P6-POSENOISE_s03,C=CC(=O)N1Cc2cccc(C[n+]3ccn(C(=O)C(C)(C)C)c3C)c2C1,C31,0.8239763379096985,0.8239763379096985,0.787121593952179,1.2083066701889038,0.0,26,2.9416534900665283,4.237880706787109,1.9823330152877954,13.62959138768936,True,1,21,73.07692307692308,True,352.45800000000014,2.846820000000001,0.6298447865395851,True,0.345679012345679
P6-POSENOISE_s03_0168,P6-POSENOISE_s03,C=CC(=O)N1Cc2cccc(C)c2C1,C16,0.8693411946296692,0.8693411946296692,0.8087332844734192,1.2674483060836792,0.0,14,2.6879329681396484,3.685317277908325,1.959122060184104,68.15741969280316,True,0,12,92.85714285714286,True,187.24199999999996,2.0232200000000002,0.615857155925755,True,0.4426229508196721
P6-POSENOISE_s03_0164,P6-POSENOISE_s03,C=CC(=O)N1Cc2cccc(C(=O)Nc3cc(C)nn3-c3ccc(C)cc3)c2C1,C28,0.9274969100952148,0.9274969100952148,0.8046016693115234,1.1761960983276367,0.0,29,1.524119257926941,2.362476348876953,1.9540010042474376,52.09373186033659,True,3,21,86.20689655172414,True,386.45500000000015,3.7696400000000025,0.694303961267076,True,0.5
P6-POSENOISE_s03_0166,P6-POSENOISE_s03,C=CC(=O)N1Cc2cccc(C(=O)Nc3cn(C(=O)c4ccccc4)cn3)c2C1,C26,0.9748657941818237,0.9748657941818237,0.8293218016624451,1.2240079641342163,0.0,29,0.7274169921875,1.4284754991531372,1.855207971468428,55.02889594007473,True,4,21,89.65517241379311,True,386.4110000000001,2.852100000000001,0.6990623728519642,True,0.5492957746478874
P6-POSENOISE_s03_0169,P6-POSENOISE_s03,C=CC(=O)N1Cc2cccc(C(=O)Nc3ncn(C(C)C)n3)c2C1,C26,0.9749667048454285,0.9749667048454285,0.8494123816490173,1.2069631814956665,0.0,24,0.7872622013092041,1.434761881828308,1.9619956600869433,55.174099802565024,True,3,17,95.83333333333333,True,325.3720000000001,2.1395,0.8734648517703988,True,0.5882352941176471
P6-POSENOISE_s03_0165,P6-POSENOISE_s03,C=CC(=O)N1CC2=C(C1)NC(=O)C(C(=O)Nc1cnn([C@H]3C[C@H](N(C)C)C3)c1)=CC=C2,C34,0.9346557855606079,0.9346557855606079,0.8363480567932129,1.1223136186599731,0.0,31,1.335684061050415,2.0657262802124023,1.623261867660298,7.953668055241309,True,2,20,83.87096774193549,True,422.48900000000015,0.9814000000000005,0.5444594809941281,True,0.25773195876288657
P6-POSENOISE_s03_0167,P6-POSENOISE_s03,C=CC(=O)N1Cc2cccc(C(=O)Nc3cn([C@@H]4CC(C)N[C@H](C)C4)cn3)c2C1,C33,0.9631147980690002,0.9631147980690002,0.8260249495506287,1.2192775011062622,0.0,29,0.91234290599823,1.697188138961792,1.9736231813089362,64.48563908470476,True,5,22,89.65517241379311,True,393.49100000000016,2.865100000000001,0.783176208801532,True,0.5333333333333333
P6-POSENOISE_s03_0170,P6-POSENOISE_s03,C=CC(=O)Nc1cccc(C(=O)Nc2cn(C(C)C)cn2)c1,C24,0.9668067693710327,0.9668067693710327,0.8390123248100281,1.2787855863571167,0.0,22,0.8297399878501892,1.5614910125732422,1.9808247784445756,41.6638076918299,True,2,16,95.45454545454545,True,298.346,2.8408000000000007,0.8333393938870753,True,0.32051282051282054
P6-POSENOISE_s03_0171,P6-POSENOISE_s03,C=CC(=O)N1Cc2cccc(C(=O)Nc3cn(C)cn3)c2CN(C)C1=O,C27,0.9576111435890198,0.9576111435890198,0.8325099945068359,1.1620315313339233,0.0,26,0.8835594058036804,1.5920730829238892,1.9399977371378545,59.30026024627489,True,3,17,92.3076923076923,True,353.3820000000001,1.7524,0.8518423647246576,True,0.4864864864864865
P6-POSENOISE_s03_0173,P6-POSENOISE_s03,C=CC(=O)N1Cc2ccccc2C1Cc1cn(C(C)C)cn1,C25,0.9524575471878052,0.9524575471878052,0.8327595591545105,1.1689445972442627,0.0,22,1.1043635606765747,1.8104835748672485,1.5418558021423403,5.324638759254881,True,1,17,81.81818181818181,True,295.386,3.2760000000000016,0.8119097332539098,True,0.30864197530864196
P6-POSENOISE_s03_0172,P6-POSENOISE_s03,C=CC(=O)N1Cc2ccc(C(=O)Nc3cnn(C(C)C)c3)cc2C1C,C28,0.8782631158828735,0.8782631158828735,0.7937104105949402,1.2803195714950562,0.0,25,2.169741153717041,3.0927271842956543,1.6066489487750581,47.8924387131722,True,0,19,84.0,True,338.41100000000006,3.305500000000002,0.8698585365062464,True,0.3058823529411765
P6-POSENOISE_s03_0174,P6-POSENOISE_s03,C=CC(=O)N1Cc2cccc(c(=Nc3cn(C)c(C)n3)c2C)C1,C25,0.9166848659515381,0.9166848659515381,0.8248355984687805,1.0429444313049316,0.0,23,1.5839118957519531,2.3976690769195557,1.9760618533335434,54.23792215532907,True,3,17,91.30434782608695,True,308.38500000000005,2.2975400000000006,0.7993807077084694,True,0.35526315789473684
P6-POSENOISE_s03_0177,P6-POSENOISE_s03,C=CC(=O)N1Cc2cccc(C(=O)Nc3cc(=O)n(C)c(C)n3)c2C1,C25,0.9091202020645142,0.9091202020645142,0.8296910524368286,0.9323875904083252,0.0,25,1.6563911437988281,2.509361505508423,1.9531788000078214,35.10230240301138,True,3,18,88.0,True,338.36700000000013,1.3692199999999999,0.8568408558812685,True,0.5571428571428572
P6-POSENOISE_s03_0176,P6-POSENOISE_s03,C=CC(=O)N1Cc2cccc(C(=O)Nc3cnn(C(C)=O)c3)c2C1,C24,0.9301862120628357,0.9301862120628357,0.8338085412979126,1.1258715391159058,0.0,24,1.5514826774597168,2.2128405570983887,1.2343579397808393,41.673074375107234,True,3,17,100.0,True,324.3400000000001,1.8236999999999999,0.8729755979615298,True,0.5735294117647058
P6-POSENOISE_s03_0175,P6-POSENOISE_s03,C=CC(=O)N1Cc2cccc(NC(=O)c3cnn(C(C)C)c3)c2C1,C26,0.9040707349777222,0.9040707349777222,0.8182632327079773,1.1935051679611206,0.0,24,1.752886414527893,2.700834274291992,1.9530764799669271,7.6202124819859165,True,1,18,91.66666666666667,True,324.3840000000001,2.7445000000000013,0.8794439335696442,True,0.4794520547945205
P6-POSENOISE_s03_0178,P6-POSENOISE_s03,C=CC(=O)N1Cc2cccc(C(=O)N(C)Cc3cccc(Nc4cn(C)nc4C(C)C)c3)c2C1,C37,0.8791056871414185,0.8791056871414185,0.8076594471931458,1.2267522811889648,0.0,34,2.3477463722229004,3.220632314682007,1.6987669691279026,3.368773953246503,True,3,26,88.23529411764706,True,457.5780000000002,4.587500000000004,0.5271360628788659,True,0.55
P6-POSENOISE_s03_0179,P6-POSENOISE_s03,C=CC(=O)N1Cc2cccc(C(=O)Nc3cn([C@H]4C[C@H](C(=O)O)C4)cn3)c2C1,C29,0.9788200855255127,0.9788200855255127,0.8459440469741821,1.1609699726104736,0.0,28,0.6487959027290344,1.2926127910614014,1.5423879642943272,11.406347547957694,True,5,20,96.42857142857143,True,380.40400000000017,2.1993,0.7740341778754043,True,0.5342465753424658
P6-POSENOISE_s03_0180,P6-POSENOISE_s03,C=CC(=O)N1Cc2cccc(C(=O)Nc3cccc(C(=O)N(C)C)c3)c2C1,C28,0.9198086857795715,0.9198086857795715,0.8190312385559082,1.2305296659469604,0.0,27,1.6575329303741455,2.392988920211792,1.8286694350538022,52.86511294360085,True,2,21,92.5925925925926,True,363.41700000000014,2.6689000000000007,0.8493355244914318,True,0.4861111111111111
P6-POSENOISE_s03_0185,P6-POSENOISE_s03,C=CC(=O)N1Cc2cccc(C(=O)Nc3cc(C(F)(F)F)nn3C)c2C1,C24,0.8907763361930847,0.8907763361930847,0.8066245317459106,1.2775293588638306,0.0,26,2.1576621532440186,3.123488664627075,1.955633174626572,58.644833690651694,True,2,17,92.3076923076923,True,364.32700000000006,2.719400000000001,0.85193044588934,True,0.5352112676056338
P6-POSENOISE_s03_0182,P6-POSENOISE_s03,C=CC(=O)N1Cc2cccc(C(=O)Nc3cn(C(=O)N(C)C)cn3)c2C1,C27,0.9742087721824646,0.9742087721824646,0.8376865386962891,1.229131817817688,0.0,26,0.7747228741645813,1.4231085777282715,1.6870351624373439,4.860673131990993,True,3,18,100.0,True,353.3820000000001,1.6932999999999998,0.8508941977862894,True,0.5942028985507246
P6-POSENOISE_s03_0183,P6-POSENOISE_s03,C=CC(=O)N1Cc2cccc(C(=O)Nc3ccn(C(=O)N4CC(F)(F)C4)c3)c2C1,C27,0.9068512320518494,0.9068512320518494,0.8096594214439392,1.0730458498001099,0.0,29,1.6805647611618042,2.505052089691162,1.937439368290011,63.538709075174665,True,2,20,82.75862068965517,True,400.38500000000016,2.6876000000000007,0.805429810371792,True,0.5
P6-POSENOISE_s03_0184,P6-POSENOISE_s03,C=CC(=O)N1Cc2cccc(C(=O)Nc3cn(C4C[C@H](O)[C@@H](O)C4)cn3)c2C1,C30,0.9767203330993652,0.9767203330993652,0.8550806045532227,0.9211097955703735,0.0,28,0.7006494402885437,1.3620777130126953,1.913196447963461,49.471585246261355,True,6,20,96.42857142857143,True,382.42000000000013,1.2202999999999997,0.6894239146387374,True,0.5633802816901409
P6-POSENOISE_s03_0181,P6-POSENOISE_s03,C=CC(=O)N1Cc2cccc(C(=O)Nc3cc(C(C)(C)C)cccc4n(c3)[C@H]4CC(C)=O)c2C1,C38,0.9625494480133057,0.9625494480133057,0.8239614367485046,1.2895292043685913,0.0,34,0.8648010492324829,1.5686712265014648,1.5570536951884493,15.174649216243395,True,4,28,58.8235294117647,True,457.57400000000024,5.072400000000005,0.637254744449861,True,0.4457831325301205
P6-POSENOISE_s03_0186,P6-POSENOISE_s03,C=CC(=O)N1Cc2cccc(C(=O)Nc3nccnc3C(F)(F)F)c2C1,C23,0.9513658285140991,0.9513658285140991,0.84212726354599,1.1133335828781128,0.0,26,1.0113025903701782,1.8130416870117188,1.9575126083374272,67.29365360371588,True,2,17,96.15384615384616,True,362.3110000000001,2.775900000000001,0.8523171869379923,True,0.5142857142857142
P6-POSENOISE_s03_0187,P6-POSENOISE_s03,C=CC(=O)N1Cc2cccc(C(=O)Nc3cn([C@H]4CC[C@H](C)CC4)cn3)c2C1,C32,0.9727895855903625,0.9727895855903625,0.8295518159866333,1.2424421310424805,0.0,28,0.8076857328414917,1.5403096675872803,1.495148623883259,40.985330997839526,True,4,22,96.42857142857143,True,378.4760000000002,3.914800000000003,0.8203222684405812,True,0.547945205479452
P6-POSENOISE_s03_0188,P6-POSENOISE_s03,C=CC(=O)N1Cc2cccc(C(=O)Nc3cn(C(C)C)cn3)c2C1C,C28,0.9804435968399048,0.9804435968399048,0.8504683375358582,0.8228657245635986,0.0,25,0.6276046633720398,1.23320472240448,1.917783681909929,17.63090273544097,True,3,19,96.0,True,338.41100000000006,3.305500000000002,0.8698585365062464,True,0.4230769230769231
P6-POSENOISE_s03_0189,P6-POSENOISE_s03,C=CC(=O)N1Cc2cccc(C(=O)Nc3cn(C4CCNC4)cn3)c2C1,C27,0.9823904037475586,0.9823904037475586,0.830141544342041,0.9912309646606445,0.0,26,0.5860898494720459,1.2202801704406738,1.77161414791709,40.024924756257406,True,4,19,100.0,True,351.41000000000014,1.6979999999999997,0.8219894117176854,True,0.5131578947368421
P6-POSENOISE_s03_0192,P6-POSENOISE_s03,C=CC(=O)N1Cc2cccc(C(=O)Nc3nn(C)cc3C)c2C1,C24,0.9438130855560303,0.9438130855560303,0.8299018740653992,1.168391466140747,0.0,23,1.266875982284546,2.013895273208618,1.353591143624987,15.158744324297473,True,4,17,95.65217391304348,True,310.3570000000001,2.0090199999999996,0.8818953750253351,True,0.6307692307692307
P6-POSENOISE_s03_0190,P6-POSENOISE_s03,C=CC(=O)N(C(=O)Cc1ccccc1)c1cn(CC)cc1C,C25,0.7518374919891357,0.7518374919891357,0.7603712677955627,1.352259635925293,0.0,22,3.9394590854644775,5.875148773193359,1.9564894488598745,66.74695198341377,True,0,17,81.81818181818181,True,296.37000000000006,3.1047200000000013,0.7956371129006765,True,0.17857142857142858
P6-POSENOISE_s03_0193,P6-POSENOISE_s03,C=CC(=O)NCc1cccc(C(=O)Nc2cn(C(C)=O)cn2)c1,C24,0.9631470441818237,0.9631470441818237,0.835664689540863,1.2331883907318115,0.0,23,0.7604289650917053,1.4848387241363525,1.955237782240306,17.498317886095947,True,4,16,95.65217391304348,True,312.329,1.5977,0.8200794095127775,True,0.2926829268292683
P6-POSENOISE_s03_0191,P6-POSENOISE_s03,C=CC(=O)N1Cc2cccc(C(=O)Nc3cn([C@H](CO)CC(C)C)cn3)c2C1,C33,0.9682462811470032,0.9682462811470032,0.8471001982688904,1.1976736783981323,0.0,28,0.8454140424728394,1.5596485137939453,1.9665817209310188,24.554479798679637,True,4,21,96.42857142857143,True,382.46400000000017,2.743100000000001,0.7210378751975831,True,0.589041095890411
P6-POSENOISE_s03_0194,P6-POSENOISE_s03,C=CC(=O)N1Cc2cccc(C(=O)Nc3ncn(C)c3C(F)(F)F)c2C1,C24,0.9633223414421082,0.9633223414421082,0.8438693284988403,1.209518551826477,0.0,26,0.8971503973007202,1.6446453332901,1.7933312251226774,49.146753287283275,True,4,17,96.15384615384616,True,364.32700000000006,2.719400000000001,0.85193044588934,True,0.5277777777777778
P6-POSENOISE_s03_0195,P6-POSENOISE_s03,C=CC(=O)N1Cc2cccc(NC3=CN(C)C(=O)C(F)(Cl)C3)c2C1,C24,0.8159961104393005,0.8159961104393005,0.7804953455924988,1.3096182346343994,0.0,24,3.0844309329986572,4.149250030517578,1.758790966146917,16.10266514518905,True,2,17,95.83333333333333,True,349.79300000000006,2.734800000000001,0.6740628816162264,True,0.375
P6-POSENOISE_s03_0200,P6-POSENOISE_s03,C=CC(=O)N1Cc2ccc(O)cc2C1,C15,0.9069349765777588,0.9069349765777588,0.8168216943740845,1.2027860879898071,0.0,14,2.0408082008361816,2.8344407081604004,1.9524731169980298,61.21249915551431,True,2,11,92.85714285714286,True,189.21399999999997,1.4203999999999999,0.6785873480459185,True,0.30303030303030304
P6-POSENOISE_s03_0196,P6-POSENOISE_s03,C=CC(=O)N1CC(=O)c2c(cccc2C(=O)Nc2c[nH]cn2)C1,C22,0.9585535526275635,0.9585535526275635,0.8434559106826782,0.8056996464729309,0.0,23,0.9438581466674805,1.5897698402404785,1.5956360834789374,35.12110924266406,True,2,16,78.26086956521739,True,310.31300000000005,1.3728999999999998,0.8370967186122336,True,0.4657534246575342
P6-POSENOISE_s03_0197,P6-POSENOISE_s03,C=CC(=O)N1Cc2cccc(C(=O)Nc3cn(C(C)C(C)C)cn3)c2C1,C30,0.9737820625305176,0.9737820625305176,0.8550920486450195,1.208673119544983,0.0,26,0.7718819379806519,1.427657127380371,1.953527257757107,18.865647687178836,True,3,20,100.0,True,352.4380000000001,3.380600000000002,0.8390036205276307,True,0.6417910447761194
P6-POSENOISE_s03_0198,P6-POSENOISE_s03,C=CC(=O)N1Cc2ccc(C(=O)Nc3cn([C@H]4CC[C@H](C(=O)O)N4C)cn3)cc2C1,C32,0.9324252605438232,0.9324252605438232,0.8062408566474915,1.188766360282898,0.0,30,1.1116914749145508,2.0630717277526855,1.9793145323570978,46.10460004885929,True,3,19,90.0,True,409.44600000000014,1.8409999999999995,0.7299385151664605,True,0.36904761904761907
P6-POSENOISE_s03_0199,P6-POSENOISE_s03,C=CC(=O)N1Cc2c(CC(=O)c3ccccc3)ccc(C(=O)Nc3ncc(Br)cn3)c2C1,C29,0.9389750957489014,0.9389750957489014,0.8269864916801453,1.2637699842453003,0.0,32,1.011178970336914,1.7774572372436523,1.5949496959152045,19.706384001792514,True,4,18,75.0,True,491.3450000000002,3.945000000000002,0.4167258723221992,True,0.3924050632911392
P6-POSENOISE_s03_0201,P6-POSENOISE_s03,C=CC(=O)N(Cc1cccc(F)c1)c1cccc(C(=O)NC2=NC(C)N(c3ccccc3)C=C2)c1,C33,0.8130354285240173,0.8130354285240173,0.773917555809021,1.2506107091903687,0.0,35,3.2244668006896973,4.419854164123535,1.9665321363506878,7.770042222204992,True,0,25,82.85714285714286,True,468.5320000000001,5.053100000000004,0.5149696088210489,True,0.21
P6-POSENOISE_s03_0202,P6-POSENOISE_s03,C=CC(=O)N1CC(=O)C(c2cccc(C(=O)Nc3cn(C)nc3C)c2)C1,C28,0.9309574365615845,0.9309574365615845,0.8238582015037537,0.96402907371521,0.0,26,1.1161693334579468,1.945037603378296,1.4666731028078495,5.283972240804346,True,2,19,88.46153846153847,True,352.3940000000001,1.66172,0.848416264399687,True,0.3780487804878049
P6-POSENOISE_s03_0204,P6-POSENOISE_s03,C=CC(=O)N1Cc2cccc(C(=O)Nc3cn(C4CN(C(C)=O)C4)cn3)c2C1,C29,0.972703218460083,0.972703218460083,0.8336895108222961,1.173763632774353,0.0,28,0.7127695083618164,1.4185817241668701,1.9672889160974774,57.10227848120732,True,5,20,89.28571428571429,True,379.4200000000002,1.5667999999999997,0.8171038329816623,True,0.547945205479452
P6-POSENOISE_s03_0205,P6-POSENOISE_s03,C=CC(=O)N1Cc2cccc(C(=O)Nc3cc(C(C)C)nn3CC)c2C1,C30,0.9151776432991028,0.9151776432991028,0.8175751566886902,1.1625434160232544,0.0,26,1.9004161357879639,2.6763720512390137,1.460763498825186,29.587221014223047,True,1,20,84.61538461538461,True,352.43800000000016,3.3069000000000024,0.8396818047073472,True,0.5942028985507246
P6-POSENOISE_s03_0206,P6-POSENOISE_s03,C=CC(=O)N1Cc2ccccc2C(=O)Nc2cn(C)nc2[C@H]1c1cn(C)cn1,C27,0.8482646346092224,0.8482646346092224,0.7836976051330566,1.2639451026916504,0.0,28,2.7938730716705322,3.8551199436187744,1.5405545580082516,11.749090353316248,True,1,20,89.28571428571429,True,376.4200000000001,2.0235,0.6937011384154531,True,0.3068181818181818
P6-POSENOISE_s03_0207,P6-POSENOISE_s03,C=CC(=O)N1Cc2cccc(C(=O)Nc3cn(C(=O)C(C)(C)C)cn3)c2C1,C30,0.9774712324142456,0.9774712324142456,0.8400346040725708,1.1664587259292603,0.0,27,0.6540175080299377,1.3650263547897339,1.9753733064410892,57.78391365682231,True,4,20,96.29629629629629,True,366.42100000000016,2.8499000000000008,0.8467842665243794,True,0.5714285714285714
P6-POSENOISE_s03_0209,P6-POSENOISE_s03,C=CC(=O)N1Cc2cccc(C(=O)Nc3cn(C(F)CF)cn3)c2C1,C24,0.9766252040863037,0.9766252040863037,0.8482756018638611,1.1896916627883911,0.0,25,0.6794142127037048,1.3707349300384521,1.730301028607449,41.08658226729324,True,4,17,100.0,True,346.3370000000001,2.6012000000000004,0.8464784535294516,True,0.5774647887323944
P6-POSENOISE_s03_0208,P6-POSENOISE_s03,C=CC(=O)N1Cc2cccc(C(=O)Nc3cn([C@H]4C[C@H]5C=C[C@H](CO)C[C@H]54)cn3)c2C1,C33,0.9654238820075989,0.9654238820075989,0.8390498161315918,1.1856908798217773,0.0,31,0.776259183883667,1.5174829959869385,1.8760336594261855,1.6884159764656346,True,4,24,96.7741935483871,True,418.4970000000002,2.909200000000001,0.5773933985754023,True,0.4878048780487805
P6-POSENOISE_s03_0211,P6-POSENOISE_s03,C=CC(=O)N1CCc2cccc(C(=O)Nc3ccn(C)c3)c2C1,C24,0.9526911973953247,0.9526911973953247,0.8339707255363464,1.1607741117477417,0.0,23,1.0883944034576416,1.7660027742385864,1.941785055329247,51.12547359869569,True,1,18,95.65217391304348,True,309.3690000000001,2.3481000000000005,0.8849355215774066,True,0.4722222222222222
P6-POSENOISE_s03_0210,P6-POSENOISE_s03,C=CC(=O)N1Cc2cccc(C(=O)Nc3cn(C(C)n4cnc(N(C)C)n4)cn3)c2C1,C32,0.978215217590332,0.978215217590332,0.8416600227355957,1.1846427917480469,0.0,31,0.6636923551559448,1.3072059154510498,1.9580344295491832,56.17968259955711,True,5,21,87.09677419354838,True,420.47700000000015,1.8878999999999995,0.6113674386256298,True,0.5657894736842105
P6-POSENOISE_s03_0212,P6-POSENOISE_s03,C=CC(=O)N(CCc1c(F)cccc1F)Cc1cccc(C(=O)NC(C)C)n1,C31,0.941211998462677,0.941211998462677,0.8275617957115173,1.1967999935150146,0.0,28,1.2603700160980225,1.9520313739776611,1.748340923904717,15.379204953954613,True,2,21,96.42857142857143,True,387.4300000000001,3.255300000000002,0.7075416029657688,True,0.2413793103448276
P6-POSENOISE_s03_0213,P6-POSENOISE_s03,C=CC(=O)N1Cc2cccc(C(=O)Nc3cn([C@H](C)Cc4nnc(N)s4)cn3)c2C1,C30,0.9770581722259521,0.9770581722259521,0.8483201265335083,1.1989985704421997,0.0,30,0.7139613628387451,1.365199327468872,1.9647730816814453,54.37243614808406,True,7,20,96.66666666666667,True,423.5020000000002,2.4010000000000007,0.5877873373208228,True,0.5375
P6-POSENOISE_s03_0214,P6-POSENOISE_s03,C=CC(=O)N1Cc2cccc(C(=O)Nc3cn(C(C)CO)cn3)c2C1,C27,0.9731950759887695,0.9731950759887695,0.8395012021064758,1.1772321462631226,0.0,25,0.7741361856460571,1.4355767965316772,1.9531548431704029,47.58777874089262,True,3,18,96.0,True,340.3830000000001,1.7168999999999999,0.8114430626476531,True,0.6323529411764706
P6-POSENOISE_s03_0215,P6-POSENOISE_s03,C=CC(=O)N1Cc2cc(C(=O)Nc3cncn3C)cc(C)c2C1,C24,0.9427666068077087,0.9427666068077087,0.8330290913581848,1.1822552680969238,0.0,23,0.9749794602394104,1.899139404296875,1.6301851331367248,35.671584704987254,True,1,17,91.30434782608695,True,310.35700000000014,2.00902,0.8818953750253351,True,0.36363636363636365
P6-POSENOISE_s03_0216,P6-POSENOISE_s03,C=CC(=O)N1Cc2cccc(C(=O)Nc3cn(C(C)(C)C)cn3)c2C1,C28,0.971370279788971,0.971370279788971,0.8321440815925598,1.247007966041565,0.0,25,0.8361311554908752,1.5087785720825195,1.8743129116025419,44.23651164779358,True,4,19,92.0,True,338.4110000000001,2.9186000000000014,0.8751557260148265,True,0.5882352941176471
P6-POSENOISE_s03_0218,P6-POSENOISE_s03,C=CC(=O)N1Cc2cccc(NC(=O)c3cn(C)cn3)c2C1,C22,0.9641385078430176,0.9641385078430176,0.8354544043540955,1.17827308177948,0.0,22,0.9198529720306396,1.5876725912094116,1.7599659052663492,53.97189702998227,True,4,16,100.0,True,296.33000000000004,1.7006,0.8766533781081279,True,0.4788732394366197
P6-POSENOISE_s03_0217,P6-POSENOISE_s03,C=CC(=O)Nn1cnc(NC(=O)[C@H]2CC=CN2Cc2cccc(C(=O)N(C)CC(C)C)c2)c1,C38,0.8571402430534363,0.8571402430534363,0.8158702850341797,1.2873740196228027,0.0,33,2.324279308319092,3.3395590782165527,1.9609319877293039,12.26450357389352,True,1,17,57.57575757575758,True,450.54300000000023,2.5938999999999997,0.572342646376216,True,0.26
P6-POSENOISE_s03_0219,P6-POSENOISE_s03,C=CC(=O)N1Cc2cccc(C(=O)Nc3cc(C(=O)Nc4cc(C(C)C)n(C(C)C)n4)ccn3)c2C1,C39,0.9356431365013123,0.9356431365013123,0.8035175204277039,1.2517805099487305,0.0,36,1.0329253673553467,1.9374462366104126,1.6890379866953842,40.38209870686251,True,5,26,88.88888888888889,True,486.5760000000002,4.515200000000004,0.47757783207625065,True,0.5657894736842105
P6-POSENOISE_s03_0220,P6-POSENOISE_s03,C=CC(=O)N1Cc2cccc(C(N)=O)c2C1,C17,0.9054219126701355,0.9054219126701355,0.8190410733222961,1.2583075761795044,0.0,16,1.863227128982544,2.724045753479004,1.978976339070278,71.86609706216177,True,0,12,87.5,True,216.23999999999995,0.8137000000000002,0.7435221858511574,True,0.46774193548387094
P6-POSENOISE_s03_0223,P6-POSENOISE_s03,C=CC(=O)N1Cc2cccc(C(=O)Nc3cnccn3)c2C1=O,C21,0.959783673286438,0.959783673286438,0.8402026295661926,1.0895925760269165,0.0,23,0.9454165697097778,1.6087210178375244,1.953418747734342,11.626937379650599,True,3,16,95.65217391304348,True,308.2970000000001,1.3972999999999998,0.865192808363865,True,0.41333333333333333
P6-POSENOISE_s03_0222,P6-POSENOISE_s03,C=CC(=O)N1Cc2cccc(C(=O)Nc3cn([C@H]4C[C@H](F)CN4)cn3)c2C1,C27,0.9745914936065674,0.9745914936065674,0.8378865122795105,1.1797443628311157,0.0,27,0.7458347082138062,1.426150918006897,1.1464286692594554,36.54243347657183,True,3,19,96.29629629629629,True,369.4000000000001,1.9935999999999998,0.8082130657853333,True,0.5
P6-POSENOISE_s03_0221,P6-POSENOISE_s03,C=CC(=O)N1Cc2cccc(C(=O)Nc3cn(C4CCC(C)C4)cn3)c2C1,C30,0.9772628545761108,0.9772628545761108,0.8556848764419556,1.0230010747909546,0.0,27,0.6419551372528076,1.3124706745147705,1.9455942511736588,49.43451110201909,True,4,20,92.5925925925926,True,364.4490000000002,3.524700000000002,0.8442170867528889,True,0.5333333333333333
P6-POSENOISE_s03_0224,P6-POSENOISE_s03,C=CC(=O)N1Cc2ccc(-c3cnc(N)c(C)c3)cc2C1,C21,0.9699679017066956,0.9699679017066956,0.8320685625076294,1.2635221481323242,0.0,21,0.7466414570808411,1.4211570024490356,1.4148033393019703,11.909505747555016,True,3,17,85.71428571428571,True,279.343,2.667420000000001,0.8597449946116781,True,0.32
P6-POSENOISE_s03_0225,P6-POSENOISE_s03,C=CC(=O)N1Cc2cccc(C(=O)Nc3cn(C4CN(Cc5cnn(C)n5)C4)cn3)c2C1,C32,0.9675283432006836,0.9675283432006836,0.8441673517227173,1.1479114294052124,0.0,32,0.7124533653259277,1.4513418674468994,1.6379375436505503,17.898750761884486,True,4,21,81.25,True,432.4880000000002,1.3489999999999995,0.5903438920576404,True,0.5432098765432098
P6-POSENOISE_s03_0226,P6-POSENOISE_s03,C=CC(=O)N1Cc2cccc(C(=O)Nc3cn(C(C)O)cn3)c2C1,C25,0.9766733646392822,0.9766733646392822,0.8396797180175781,1.1933965682983398,0.0,24,0.7189661264419556,1.4073513746261597,1.9219792064171768,13.018808321836033,True,4,17,100.0,True,326.35600000000005,1.6743999999999999,0.8368574432536223,True,0.6268656716417911
P6-POSENOISE_s03_0227,P6-POSENOISE_s03,C=CC(=O)N1Cc2cccc(C(=O)Nc3cn([C@@H](C)C(C)C)cn3)c2C1,C30,0.973362147808075,0.973362147808075,0.8507984280586243,1.1977529525756836,0.0,26,0.7766523361206055,1.4576184749603271,1.6436215471330384,39.92302005313496,True,4,20,96.15384615384616,True,352.4380000000001,3.380600000000002,0.8390036205276307,True,0.6417910447761194
P6-POSENOISE_s03_0228,P6-POSENOISE_s03,C=CC(=O)N1Cc2cccc(C(=O)Nc3cn(C4CCOCC4)cn3)c2C1,C29,0.9719858765602112,0.9719858765602112,0.8422399759292603,1.1292526721954346,0.0,27,0.8040342330932617,1.4892135858535767,1.7333108910117636,40.41871181765424,True,4,20,100.0,True,366.4210000000002,2.5151000000000003,0.8438412509424458,True,0.547945205479452
P6-POSENOISE_s03_0229,P6-POSENOISE_s03,C=CC(=O)N1Cc2cc(C)cc(C(=O)Nc3cn(C(=O)OC)cn3)c2C1,C27,0.9669976830482483,0.9669976830482483,0.838626503944397,1.2474573850631714,0.0,26,0.8380237221717834,1.5651878118515015,1.4932878268438394,30.698676200939815,True,4,18,100.0,True,354.36600000000016,2.08652,0.8520308332817456,True,0.42857142857142855
P6-POSENOISE_s03_0230,P6-POSENOISE_s03,C=CC(=O)N1Cc2cccc(C(=O)Nc3cnc(C(C)(C)C)cn3)c2C1,C29,0.8851324915885925,0.8851324915885925,0.7956622838973999,1.3053590059280396,0.0,26,2.0936026573181152,3.02301287651062,1.9579861833526844,61.016510279044866,True,1,20,96.15384615384616,True,350.42200000000014,3.0546000000000015,0.8634810667008153,True,0.6615384615384615
P6-POSENOISE_s03_0232,P6-POSENOISE_s03,C=CC(=O)N1Cc2cccc(C(=O)C(C)(C)c3cn(C(C)C)cn3)c2C1,C31,0.8710073828697205,0.8710073828697205,0.8086919188499451,1.1026759147644043,0.0,26,2.2399325370788574,3.558281421661377,1.9470871175425086,20.291713650397966,True,2,21,80.76923076923077,True,351.4500000000001,3.652700000000003,0.6101830857863303,True,0.47297297297297297
P6-POSENOISE_s03_0231,P6-POSENOISE_s03,C=CC(=O)N1Cc2cccc(CN(C(=O)C(=C)O)c3cccn3-c3ccn(C(C)C)c3)c2C1,C34,0.8595213294029236,0.8595213294029236,0.8077507019042969,0.9520773887634277,0.0,33,2.616987943649292,3.7054243087768555,1.9280112765749053,9.109176628899021,True,1,25,84.84848484848484,True,444.53500000000014,4.4928000000000035,0.4310979414153278,True,0.34831460674157305
P6-POSENOISE_s03_0233,P6-POSENOISE_s03,C=CC(=O)N1Cc2cccc(C(=O)Nc3cn([C@@H]4CN[C@@H](CC)C4)cn3)c2C1,C31,0.9769827127456665,0.9769827127456665,0.8413969278335571,1.1738979816436768,0.0,28,0.6667730808258057,1.3330632448196411,1.300510369739514,24.339518357698182,True,3,21,100.0,True,379.46400000000017,2.4766000000000004,0.7825303614242184,True,0.5189873417721519
P6-POSENOISE_s03_0234,P6-POSENOISE_s03,C=CC(=O)N1Cc2cccc(C(=O)Nc3cn([C@H]4C[C@H]([C@@H](C)O)C4)cn3)c2C1,C31,0.9759215712547302,0.9759215712547302,0.8432866930961609,1.1414861679077148,0.0,28,0.719624400138855,1.3919037580490112,1.4082010051835658,31.59142990881537,True,5,21,100.0,True,380.44800000000015,2.4955000000000007,0.7804537411882463,True,0.5753424657534246
P6-POSENOISE_s03_0235,P6-POSENOISE_s03,C=CC(=O)N1Cc2cccc(C(=O)Nc3ncn(CC(C)C)c3C)c2C1,C30,0.970068633556366,0.970068633556366,0.8508537411689758,1.222152829170227,0.0,26,0.8430773615837097,1.4970262050628662,1.952838840099202,52.73829307193242,True,4,20,96.15384615384616,True,352.43800000000016,3.128020000000002,0.8408645023141715,True,0.5555555555555556
P6-POSENOISE_s03_0236,P6-POSENOISE_s03,C=CC(=O)N1Cc2cccc(C(=O)Nc3cn(C(=O)c4ccncc4F)cn3)c2C1,C26,0.9771720170974731,0.9771720170974731,0.8395720720291138,1.1372984647750854,0.0,30,0.6814436912536621,1.373142957687378,1.9535057554560715,57.23192563426039,True,4,21,90.0,True,405.3890000000001,2.3862000000000005,0.6725160302177627,True,0.5394736842105263
P6-POSENOISE_s03_0238,P6-POSENOISE_s03,C=CC(=O)N(C)c1cccc(C(=O)N2Cc3cc(CO)ccc32)c1,C24,0.8763099908828735,0.8763099908828735,0.7938764691352844,1.3559197187423706,0.0,24,2.3682985305786133,3.3260138034820557,1.2520835358713098,58.79114550214081,True,1,19,91.66666666666667,True,322.364,2.4881,0.8798796222425725,True,0.20454545454545456
P6-POSENOISE_s03_0237,P6-POSENOISE_s03,C=CC(=O)N1Cc2ccc(C(=O)NC3=CN([C@H]4C[C@H](C(C)O)C=N4)[C@@H](C)C3)cc2C1,C36,0.9281558394432068,0.9281558394432068,0.8214741945266724,1.123858094215393,0.0,30,1.0762088298797607,2.039628028869629,1.7386489962324203,25.326334239208336,True,3,22,80.0,True,408.5020000000002,2.1777999999999995,0.7316230384171127,True,0.2967032967032967
P6-POSENOISE_s03_0239,P6-POSENOISE_s03,C=CC(=O)N1Cc2cccc(C(=O)Nc3cc(NC(=O)CC(=O)OC)n[nH]3)c2C1,C30,0.9672870635986328,0.9672870635986328,0.8546037673950195,0.7091215252876282,0.0,29,0.7139723896980286,1.3945448398590088,1.5143260492377473,32.076171089816484,True,8,19,96.55172413793103,True,397.3910000000002,1.1917999999999995,0.3809007080031785,True,0.4935064935064935
P6-POSENOISE_s03_0240,P6-POSENOISE_s03,C=CC(=O)N1Cc2ccc(NC(=O)c3cn(C(=O)N4CCCC4)cn3)cc2C1,C29,0.9198800921440125,0.9198800921440125,0.8149113059043884,1.2255780696868896,0.0,28,1.4173219203948975,2.258389949798584,1.5081424547104263,12.479258994666637,True,2,19,89.28571428571429,True,379.42000000000024,2.2275,0.8286940259397548,True,0.3170731707317073
P6-POSENOISE_s03_0241,P6-POSENOISE_s03,C=CC(=O)N1Cc2cccc(C(=N)Nn3cnc(C(C)C(F)F)c3C)c2C1,C29,0.922906756401062,0.922906756401062,0.8036673665046692,1.0739326477050781,0.0,27,1.571566104888916,2.3204708099365234,1.962825986581593,62.46624709744836,True,1,19,100.0,True,373.40700000000015,3.157390000000002,0.4803325289006416,True,0.46153846153846156
P6-POSENOISE_s03_0242,P6-POSENOISE_s03,C=CC(=O)N1Cc2ccc(C(=O)Nc3cn(CC(C)C)cn3)cc2C1,C28,0.9680935740470886,0.9680935740470886,0.8342909812927246,1.147267460823059,0.0,25,0.726482093334198,1.4284061193466187,1.9718349876447574,10.066888929665183,True,2,19,84.0,True,338.41100000000006,2.819600000000001,0.8525992396075134,True,0.42105263157894735
P6-POSENOISE_s03_0243,P6-POSENOISE_s03,C=CC(=O)N1Cc2cccc(C(=O)Nc3cnc(C)cn3)c2C1,C23,0.9714223146438599,0.9714223146438599,0.830338180065155,1.2031594514846802,0.0,23,0.8316590189933777,1.4542344808578491,1.9338800945767047,29.143825814372775,True,2,17,95.65217391304348,True,308.34100000000007,2.06552,0.8807803789001415,True,0.7049180327868853
P6-POSENOISE_s03_0244,P6-POSENOISE_s03,C=CC(=O)N1Cc2cccc(C(=O)NNc3cn(C(C)=O)cn3)c2C1,C25,0.928593099117279,0.928593099117279,0.8222207427024841,1.1970939636230469,0.0,25,1.2722218036651611,2.1051392555236816,1.9692541855484276,51.62937405617535,True,4,16,100.0,True,339.35500000000013,1.3283,0.6469833990898587,True,0.5138888888888888
P6-POSENOISE_s03_0245,P6-POSENOISE_s03,C=CC(=O)N1Cc2cccc(C(=O)Nc3cn(C4CC(F)(F)C4)cn3)c2C1,C26,0.970555305480957,0.970555305480957,0.8430643081665039,1.23085355758667,0.0,27,0.7727323770523071,1.499035120010376,1.6530372425931623,45.919582629941004,True,4,19,96.29629629629629,True,372.3750000000001,3.1338000000000017,0.8388021295732633,True,0.5694444444444444
P6-POSENOISE_s03_0246,P6-POSENOISE_s03,C=CC(=O)N1Cc2cccc(C(=O)N(C)c3cn(C(C)C)cn3)c2C1,C28,0.9281694293022156,0.9281694293022156,0.8248445391654968,1.1983720064163208,0.0,25,1.3855186700820923,2.191681385040283,1.9479526578692827,33.730267573393746,True,2,19,92.0,True,338.4110000000001,2.7688000000000006,0.8056027621419635,True,0.47297297297297297
P6-POSENOISE_s03_0247,P6-POSENOISE_s03,C=CC(=O)N1Cc2cccc(C(=O)Nc3cn(C4(C)CC4)cn3)c2C1,C26,0.9761290550231934,0.9761290550231934,0.8350825309753418,1.1855995655059814,0.0,25,0.7482725977897644,1.3926807641983032,1.4831406237778004,2.1087774686049556,True,4,19,96.0,True,336.39500000000015,2.672600000000001,0.8730336776240805,True,0.5942028985507246
P6-POSENOISE_s03_0248,P6-POSENOISE_s03,C=CC(=O)N1Cc2cccc(CN(C)C(=O)c3cccc(C(=O)Cn4cc(C(C)C)nn4)c3)c2C1,C38,0.9182476997375488,0.9182476997375488,0.8125485777854919,1.3402048349380493,0.0,35,1.6556274890899658,2.4851367473602295,1.5821397388979284,14.609710908221402,True,4,27,88.57142857142857,True,471.56100000000026,3.584800000000002,0.37012019388738565,True,0.38636363636363635
P6-POSENOISE_s03_0250,P6-POSENOISE_s03,C=CC(=O)N1Cc2cccc(C(=O)Nn3cnc(C(C)C)c3)c2C1,C26,0.935319185256958,0.935319185256958,0.8121475577354431,1.1972479820251465,0.0,24,1.4360682964324951,2.1656761169433594,1.6792698507982562,5.065434545269554,True,4,17,100.0,True,324.3840000000001,2.4186000000000005,0.8783833540626902,True,0.5652173913043478
P6-POSENOISE_s03_0249,P6-POSENOISE_s03,C=CC(=O)N1Cc2cccc(C(=O)N3CCN(C(C)=O)CC3=O)c2C1,C28,0.9070866107940674,0.9070866107940674,0.8106167912483215,1.2439299821853638,0.0,25,1.9385095834732056,2.72585391998291,1.6249414673150555,40.79338553569892,True,1,18,84.0,True,341.36700000000013,0.5456999999999994,0.581181028510781,True,0.4166666666666667
P6-POSENOISE_s03_0251,P6-POSENOISE_s03,C=CC(=O)N1Cc2cccc(C(=O)Nc3ncnc(C)n3)c2C1,C23,0.9741688966751099,0.9741688966751099,0.8419318199157715,1.1338433027267456,0.0,23,0.7750314474105835,1.3977866172790527,1.9593205759140078,46.64249070366307,True,4,16,91.30434782608695,True,309.32900000000006,1.4605199999999998,0.867221927337556,True,0.5362318840579711
P6-POSENOISE_s03_0252,P6-POSENOISE_s03,C=CC(=O)N1Cc2cccc(C(=O)Nc3cn(CC(=O)N4CCN(C)CC4)cn3)c2C1,C34,0.9691385626792908,0.9691385626792908,0.8624094128608704,0.8985943794250488,0.0,31,0.7521719932556152,1.4587938785552979,1.738106888226383,24.44095029824095,True,3,22,93.54838709677419,True,422.48900000000026,0.9376,0.7245210528157817,True,0.5833333333333334
P6-POSENOISE_s03_0253,P6-POSENOISE_s03,C=CC(=O)N1Cc2cccc(C(=O)Nc3ccn(C)c3)c2C1,C22,0.948116660118103,0.948116660118103,0.8224685788154602,1.1211824417114258,0.0,22,1.1657967567443848,1.8407796621322632,1.9780518854165583,58.77593742463546,True,2,17,95.45454545454545,True,295.34200000000004,2.3056,0.88344805663211,True,0.5606060606060606
P6-POSENOISE_s03_0254,P6-POSENOISE_s03,C=CC(=O)N1Cc2cccc(C(=O)Nc3cn(Cc4ccccc4F)cn3)c2C1,C26,0.975257396697998,0.975257396697998,0.8362205624580383,1.1749857664108276,0.0,29,0.6939879059791565,1.3814339637756348,1.9582825335226783,53.957490647488925,True,4,22,82.75862068965517,True,390.41800000000006,3.3510000000000018,0.6796581561681159,True,0.5540540540540541
P6-POSENOISE_s03_0255,P6-POSENOISE_s03,C=CC(=O)N1Cc2cccc(C(=O)Nc3cn(C4CN(C(=O)C(F)F)C4)cn3)c2C1,C29,0.9693684577941895,0.9693684577941895,0.8400786519050598,1.199859380722046,0.0,30,0.7258826494216919,1.4548128843307495,1.9491796433371662,59.34501986280054,True,5,20,93.33333333333333,True,415.40000000000015,1.8119999999999998,0.7549644221946429,True,0.5263157894736842
P6-POSENOISE_s03_0256,P6-POSENOISE_s03,C=CC(=O)N1Cc2cccc(C(=O)Nc3ncn(C(=O)N(C)CC)n3)c2C1,C29,0.9769790768623352,0.9769790768623352,0.8587345480918884,1.0783387422561646,0.0,27,0.6546305418014526,1.2952826023101807,1.7805535618453028,28.83877822608426,True,4,18,88.88888888888889,True,368.39700000000016,1.4784,0.8240715468948433,True,0.547945205479452
P6-POSENOISE_s03_0258,P6-POSENOISE_s03,C=CC(=O)N1Cc2cccc(C(=O)Nc3cn(C(=O)N4CC[C@@H](F)C4)cn3)c2C1,C29,0.9717931747436523,0.9717931747436523,0.8396110534667969,1.1983580589294434,0.0,29,0.7248450517654419,1.4644765853881836,1.9506787222912971,59.7536364134819,True,4,20,89.65517241379311,True,397.4100000000002,2.1754999999999995,0.8045092322172186,True,0.5064935064935064
P6-POSENOISE_s03_0257,P6-POSENOISE_s03,C=CC(=O)N1Cc2cccc(C(=O)Nc3cn(C(C(=O)O)c4ccccc4)cn3)c2C1,C29,0.9493339657783508,0.9493339657783508,0.8241994976997375,1.067713975906372,0.0,31,1.1975771188735962,1.9351648092269897,1.916632248346041,41.361594955626174,True,5,22,96.7741935483871,True,416.4370000000001,2.837600000000001,0.601519440589867,True,0.547945205479452
P6-POSENOISE_s03_0259,P6-POSENOISE_s03,C=CC(=O)N1Cc2cccc(C(=O)Nc3cc(C)nc(NC(=O)C4CC4)c3)c2C1,C30,0.904903769493103,0.904903769493103,0.8093631863594055,1.2767739295959473,0.0,29,1.5881291627883911,2.456637144088745,1.9751673230134204,63.976553921354196,True,3,20,79.3103448275862,True,390.4430000000002,3.019020000000001,0.7679903381191414,True,0.4868421052631579
P6-POSENOISE_s03_0260,P6-POSENOISE_s03,C=CC(=O)N1Cc2cccc(C(=O)Nc3ccn(C4CC(F)(F)C4)c3)c2C1,C26,0.9444364905357361,0.9444364905357361,0.8131586313247681,1.1597223281860352,0.0,27,1.0186231136322021,1.866568922996521,1.9212119316202476,46.43985402967388,True,2,20,85.18518518518519,True,371.38700000000017,3.738800000000002,0.8327730253806259,True,0.5
P6-POSENOISE_s03_0261,P6-POSENOISE_s03,C=CC(=O)N1Cc2cccc(C(=O)Nc3cn(C4COC4)cn3)c2C1,C25,0.9780310988426208,0.9780310988426208,0.8348770141601562,1.1878997087478638,0.0,25,0.6728437542915344,1.3126869201660156,1.8292219121254814,55.22642317143368,True,4,18,96.0,True,338.36700000000013,1.7348999999999999,0.86166017356764,True,0.5416666666666666
P6-POSENOISE_s03_0262,P6-POSENOISE_s03,C=CC(=O)N1Cc2cccc(C(=O)Nc3cn(C(C)C)c(C)n3)c2C1,C28,0.9764902591705322,0.9764902591705322,0.831076443195343,1.2205679416656494,0.0,25,0.7597199082374573,1.3729493618011475,1.9699545839181165,46.04809415192622,True,4,19,96.0,True,338.4110000000001,3.052920000000001,0.8714043386848063,True,0.6029411764705882
P6-POSENOISE_s03_0263,P6-POSENOISE_s03,C=CC(=O)N1CCc2cccc(C(=O)Nc3cn([C@H](C)CO)cn3)c2C1,C29,0.9717752933502197,0.9717752933502197,0.8373216986656189,1.1913167238235474,0.0,26,0.7746086120605469,1.441343069076538,1.965657112977745,49.161888459571145,True,3,19,96.15384615384616,True,354.41000000000014,1.7593999999999999,0.8011669597807688,True,0.5405405405405406
P6-POSENOISE_s03_0264,P6-POSENOISE_s03,C=CC(=O)N1C(=O)c2cccc(C(=O)Nc3cn(C(C)C(C)(C)C)cn3)c2C1C,C34,0.9559624195098877,0.9559624195098877,0.8140097856521606,1.1473063230514526,0.0,29,0.9801040887832642,1.7135199308395386,1.5472104141647953,51.02051621799856,True,3,22,89.65517241379311,True,394.4750000000002,3.9719000000000033,0.7953966276381929,True,0.3372093023255814
P6-POSENOISE_s03_0265,P6-POSENOISE_s03,C=CC(=O)N1Cc2cccc(C(=O)Nc3cn(CC(F)(F)F)cn3)c2C1,C24,0.9790223836898804,0.9790223836898804,0.8488574028015137,1.1614913940429688,0.0,26,0.6461774706840515,1.2775790691375732,1.9371545658516762,50.14011799257369,True,4,17,96.15384615384616,True,364.32700000000006,2.725900000000001,0.8486342603090412,True,0.5633802816901409
P6-POSENOISE_s03_0266,P6-POSENOISE_s03,C=CC(=O)N1Cc2cccc(C(=O)Nc3ncn(C(C)C)c3C)c2C1,C28,0.9623084664344788,0.9623084664344788,0.8427319526672363,1.1888139247894287,0.0,25,1.024834394454956,1.6876389980316162,1.9456406616587771,64.09763528840497,True,3,19,96.0,True,338.4110000000002,3.052920000000001,0.8714043386848063,True,0.5571428571428572
P6-POSENOISE_s03_0267,P6-POSENOISE_s03,C=CC(=O)N1Cc2cccc(C)c2CN1Cc1cccc(-c2cn(C)nc2C)c(=O)c1,C31,0.8656023740768433,0.8656023740768433,0.7836905717849731,1.3330515623092651,0.0,31,1.8955280780792236,3.0367841720581055,1.9645870058106372,41.873169742975705,True,3,23,77.41935483870968,True,414.5090000000001,3.509540000000002,0.6133089579844286,True,0.38095238095238093
P6-POSENOISE_s03_0268,P6-POSENOISE_s03,C=CC(=O)N1Cc2cccc(C(=O)Nc3cn(C(C)C)cn3)c2N1,C25,0.9794308543205261,0.9794308543205261,0.8404031991958618,1.2031112909317017,0.0,24,0.7117471098899841,1.341452956199646,1.3187424985189493,30.582190203573845,True,3,17,100.0,True,325.372,2.5713999999999997,0.84689733995585,True,0.42857142857142855
P6-POSENOISE_s03_0269,P6-POSENOISE_s03,C=CC(=O)N1Cc2cccc(C(=O)Nc3cn(C(N)=O)cn3)c2C1,C23,0.9715968370437622,0.9715968370437622,0.828589141368866,1.191635251045227,0.0,24,0.798455536365509,1.4702337980270386,1.9382569948280859,59.29109602577071,True,4,16,95.83333333333333,True,325.3280000000001,1.0904000000000003,0.8229129807405986,True,0.5735294117647058
P6-POSENOISE_s03_0270,P6-POSENOISE_s03,C=CC(=O)N1Cc2cccc(C(=O)Nc3cn(C(=O)Nc4cnc5ccccc5c4)cn3)c2C1,C29,0.9722006320953369,0.9722006320953369,0.8297834396362305,1.004512071609497,0.0,34,0.7465629577636719,1.442808747291565,1.3902597493274438,45.997976730896085,True,4,25,88.23529411764706,True,452.47400000000016,3.7920000000000016,0.4580573166365156,True,0.5063291139240507
P6-POSENOISE_s03_0271,P6-POSENOISE_s03,C=CC(=O)N1Cc2cccc(C(=O)Nc3cc(Oc4cnc(C(C)C)cn4)ccc3C)c2C1,C34,0.9398457407951355,0.9398457407951355,0.8121143579483032,1.1914423704147339,0.0,33,1.1792324781417847,1.9882888793945312,1.961352749379874,52.84293088736666,True,3,24,87.87878787878788,True,442.5190000000002,4.981220000000004,0.5443712950058786,True,0.5061728395061729
P6-POSENOISE_s03_0272,P6-POSENOISE_s03,C=CC(=O)N1Cc2cccc(C(=O)Nc3cn([C@@H](C)C(=O)OC)cn3)c2C1,C29,0.9749274849891663,0.9749274849891663,0.8534342646598816,0.8447149395942688,0.0,27,0.6566898226737976,1.3596452474594116,1.9501773868292096,50.29236835201644,True,5,19,96.29629629629629,True,368.39300000000014,1.8975999999999997,0.6425883793177124,True,0.5915492957746479
P6-POSENOISE_s03_0274,P6-POSENOISE_s03,C=CC(=O)N1Cc2cccc(C(=O)NC(C)(C)c3cccc(C(=O)C(C)C)c3)c2C1,C35,0.8005531430244446,0.8005531430244446,0.7714750170707703,1.1696152687072754,0.0,30,3.5112128257751465,4.883909702301025,1.9507752545590689,39.09197295105088,True,1,23,86.66666666666667,True,404.51000000000016,4.218600000000004,0.5790674547519679,True,0.4605263157894737
P6-POSENOISE_s03_0275,P6-POSENOISE_s03,C=CC(=O)N1Cc2ccc(C(=O)Nc3cn(C)cn3)c(F)c2C1,C22,0.938908576965332,0.938908576965332,0.824840247631073,1.0716861486434937,0.0,23,0.909267008304596,1.7028628587722778,1.9731627148565312,17.652286201974604,True,2,16,91.30434782608695,True,314.32000000000005,1.8397000000000001,0.8791418444084568,True,0.5142857142857142
P6-POSENOISE_s03_0273,P6-POSENOISE_s03,C=CC(=O)N1Cc2cccc(C(=O)Nc3cnc(CC(=O)Nc4ccc(C(C)C)c(CC)c4)cn3)c2C1,C40,0.9444867968559265,0.9444867968559265,0.8183059096336365,1.257112741470337,0.0,37,1.2370052337646484,1.981105923652649,1.3224699813606349,29.90542396654874,True,4,29,83.78378378378379,True,497.5990000000003,4.624100000000004,0.4419630741015861,True,0.6153846153846154
P6-POSENOISE_s03_0276,P6-POSENOISE_s03,C=CC(=O)N1Cc2cccc(C(=N)c3nn(C)cc3C)c2C1,C24,0.9127530455589294,0.9127530455589294,0.8125602006912231,1.23703932762146,0.0,22,1.8488110303878784,2.669126272201538,1.3332534946138337,5.650488988679939,True,1,17,100.0,True,294.35800000000006,2.1728899999999998,0.6963694704371294,True,0.5217391304347826
P6-POSENOISE_s03_0277,P6-POSENOISE_s03,C=CC(=O)N1Cc2cc(Cl)cc(C(=O)Nc3cn(C(=O)C(F)(F)F)cn3)c2C1,C24,0.9735117554664612,0.9735117554664612,0.847034752368927,1.144905686378479,0.0,28,0.6826662421226501,1.3743988275527954,1.8521648207975434,36.880877703894356,True,5,17,89.28571428571429,True,412.7550000000001,3.0195000000000007,0.7853300839535874,True,0.4
P6-POSENOISE_s03_0278,P6-POSENOISE_s03,C=CC(=O)N1Cc2cccc(C(=O)Nc3cn([C@H]4CCN(C(=O)OC)C4)cn3)c2C1,C32,0.9721564054489136,0.9721564054489136,0.8397585153579712,1.2120925188064575,0.0,30,0.7112236022949219,1.4212058782577515,1.8921709948892045,12.766593223444858,True,5,21,96.66666666666667,True,409.44600000000025,2.1768,0.7810296368526584,True,0.5128205128205128
P6-POSENOISE_s03_0279,P6-POSENOISE_s03,C=CC(=O)N1Cc2ccccc2C1C(=O)Nc1ccn(C(C)C)c1,C26,0.8260511159896851,0.8260511159896851,0.7753680348396301,1.1172806024551392,0.0,24,3.000398635864258,4.416817665100098,1.9667705074308977,43.564542597938896,True,1,19,95.83333333333333,True,323.3960000000001,3.277000000000002,0.8780202649523722,True,0.2926829268292683
P6-POSENOISE_s03_0280,P6-POSENOISE_s03,C=CC(=O)N1CC2=C(C)C1C(C(=O)Nc1ncn(C(C)C(C)C)c1C)=CC=C2,C34,0.8837709426879883,0.8837709426879883,0.8198133707046509,1.1890746355056763,0.0,28,1.9645158052444458,3.032565116882324,1.6700439394818318,53.48735714488481,True,3,22,96.42857142857143,True,380.49200000000013,3.5565200000000026,0.7944909723905453,True,0.2391304347826087
P6-POSENOISE_s03_0281,P6-POSENOISE_s03,C=CC(=O)N1Cc2cccc(C(=O)Nc3cn(C(C)F)cn3)c2C1,C24,0.9779202938079834,0.9779202938079834,0.8402582406997681,1.187846064567566,0.0,24,0.7013145685195923,1.3419442176818848,1.9625972055926317,48.392516294850054,True,4,17,95.83333333333333,True,328.34700000000004,2.651600000000001,0.8775296457087389,True,0.6176470588235294
P6-POSENOISE_s03_0283,P6-POSENOISE_s03,C=CC(=O)N1Cc2cccc(C(=O)Nc3cn(C(=C)O)cn3)c2C1,C23,0.9723541736602783,0.9723541736602783,0.8341272473335266,1.2426131963729858,0.0,24,0.7920087575912476,1.4745080471038818,1.9433515838880009,18.21599972125162,True,3,17,95.83333333333333,True,324.34000000000003,2.1498,0.6661916020113836,True,0.5735294117647058
P6-POSENOISE_s03_0282,P6-POSENOISE_s03,C=CC(=O)N1Cc2cccc(C(=O)Nc3cn([C@H]4CC[C@@H](OC)CC4)cn3)c2C1,C33,0.9713286757469177,0.9713286757469177,0.8360714912414551,1.2344812154769897,0.0,29,0.7687244415283203,1.5076719522476196,1.9708985648429487,52.78249410030807,True,4,22,89.65517241379311,True,394.47500000000025,3.293700000000002,0.7897752404987904,True,0.5263157894736842
P6-POSENOISE_s03_0284,P6-POSENOISE_s03,C=CC(=O)N1Cc2cccc(Nc3cnc(C)cn3)c2C1,C21,0.9603862166404724,0.9603862166404724,0.8333832621574402,1.164293885231018,0.0,21,0.9250240325927734,1.606673240661621,1.7792582109126258,24.561091236850473,True,2,15,95.23809523809524,True,280.3310000000001,2.55682,0.8778378841965809,True,0.5
P6-POSENOISE_s03_0285,P6-POSENOISE_s03,C=CC(=O)N1Cc2cccc(C(=O)Nc3cn([C@H]4C[C@H](O)C4)cn3)c2C1,C27,0.9766517877578735,0.9766517877578735,0.8380445837974548,1.1958961486816406,0.0,26,0.7530553340911865,1.4039561748504639,1.4118572803580385,25.599690539035407,True,4,19,96.15384615384616,True,352.3940000000001,1.8593999999999997,0.8224367016238759,True,0.5416666666666666
P6-POSENOISE_s03_0286,P6-POSENOISE_s03,C=CC(=O)N1Cc2cc(C(=O)Nc3cn(C)cn3)cc(C)c2C1,C24,0.9696534276008606,0.9696534276008606,0.8268670439720154,1.166195034980774,0.0,23,0.7640930414199829,1.4374029636383057,1.3442729643193754,5.72793778931576,True,3,16,91.30434782608695,True,310.35700000000014,2.00902,0.8818953750253351,True,0.4189189189189189
P6-POSENOISE_s03_0287,P6-POSENOISE_s03,C=CC(=O)N1C(=O)Cc2cccc(C(=O)Nc3cn([C@H]4CCN(C(=O)CCl)C4)cn3)c21,C31,0.9726647138595581,0.9726647138595581,0.8378492593765259,1.1553173065185547,0.0,31,0.7130987048149109,1.378338098526001,1.8836579545660619,41.17393703703647,True,3,20,93.54838709677419,True,441.8750000000002,1.7492999999999999,0.561889802052982,True,0.34065934065934067
P6-POSENOISE_s03_0288,P6-POSENOISE_s03,C=CC(=O)N1Cc2cccc(C(=O)Nc3cn(Cc4ccccc4)cn3)c2C1,C26,0.9717386364936829,0.9717386364936829,0.8314542174339294,1.244774580001831,0.0,28,0.7767649292945862,1.4923723936080933,1.9654040098157934,25.141423436621835,True,3,21,96.42857142857143,True,372.42800000000005,3.2119000000000018,0.6995363606784478,True,0.5633802816901409
P6-POSENOISE_s03_0289,P6-POSENOISE_s03,C=CC(=O)N1Cc2cccc(C(=O)c3ccn(C(C)C)c3)c2C1,C25,0.9437223672866821,0.9437223672866821,0.8240934610366821,1.1984633207321167,0.0,23,1.2421075105667114,1.9706951379776,1.5871045307099354,12.558823104574543,True,1,19,95.65217391304348,True,308.3810000000001,3.3282000000000025,0.6420491984079245,True,0.4714285714285714
P6-POSENOISE_s03_0290,P6-POSENOISE_s03,C=CC(=O)N1Cc2cccc(C(=O)Nc3ccn(C(F)F)c3)c2C1,C22,0.9612473249435425,0.9612473249435425,0.824059784412384,1.1181734800338745,0.0,24,0.9367297887802124,1.5884393453598022,1.9686832591862002,50.702054507057795,True,2,17,95.83333333333333,True,331.32200000000006,3.1637000000000013,0.8751315093331686,True,0.5142857142857142
P6-POSENOISE_s03_0291,P6-POSENOISE_s03,C=CC(=O)N1Cc2cccc(C(=O)Nc3cc(C)n(C)c3)c2C1,C24,0.9334970712661743,0.9334970712661743,0.8269323706626892,1.190020203590393,0.0,23,1.2787299156188965,2.1824474334716797,1.4056414493034861,20.639624307614312,True,1,18,91.30434782608695,True,309.3690000000001,2.614020000000001,0.8861769221135322,True,0.5441176470588235
P6-POSENOISE_s03_0292,P6-POSENOISE_s03,C=CC(=O)N1Cc2cccc(-n3cnc(C(C)C)c3)c2C1,C23,0.9458257555961609,0.9458257555961609,0.8324281573295593,1.0635894536972046,0.0,21,1.208720088005066,1.899855613708496,1.7671036896854695,47.89588525522498,True,2,17,95.23809523809524,True,281.35900000000004,3.023900000000001,0.8110792910906569,True,0.4714285714285714
P6-POSENOISE_s03_0293,P6-POSENOISE_s03,C=CC(=O)N1Cc2cccc(C(=O)Nc3cn([C@H](C)CN4CCCC4)cn3)c2C1,C33,0.9293218851089478,0.9293218851089478,0.8225359916687012,1.1854710578918457,0.0,29,1.2630598545074463,2.282492160797119,1.8071682928272041,45.85438345821083,True,4,21,89.65517241379311,True,393.49100000000027,2.820400000000001,0.7664506536065749,True,0.581081081081081
P6-POSENOISE_s03_0294,P6-POSENOISE_s03,C=CC(=O)N1Cc2cccc(C(=O)Nc3cc(-c4cc(F)c(C)nc4C)ncn3)c2C1,C29,0.969545841217041,0.969545841217041,0.8135412335395813,1.1379200220108032,0.0,31,0.7484414577484131,1.454793095588684,1.9491818194309136,48.61596353766768,True,4,23,87.09677419354838,True,417.4440000000002,3.5750400000000013,0.655888856785954,True,0.5128205128205128
P6-POSENOISE_s03_0295,P6-POSENOISE_s03,C=CC(=O)N1Cc2cccc(C(=O)Nc3cc(C)ccn3)c2C1,C23,0.9795252084732056,0.9795252084732056,0.8375215530395508,1.1631598472595215,0.0,23,0.6855903267860413,1.2893939018249512,1.901148868868507,41.032374963042685,True,4,18,100.0,True,307.35300000000007,2.6705200000000007,0.8868160395214717,True,0.582089552238806
P6-POSENOISE_s03_0296,P6-POSENOISE_s03,C=CC(=O)N1Cc2cccc(C(=O)Nc3cc(CC(C)(C(C)=O)C(F)(F)F)n(C)c3)c2C1,C34,0.8896368145942688,0.8896368145942688,0.7910158038139343,1.2036888599395752,0.0,32,2.1288344860076904,3.1609437465667725,1.9709357555739835,47.13732783016371,True,1,23,84.375,True,447.45700000000016,4.005700000000004,0.6806830761608348,True,0.475
P6-POSENOISE_s03_0297,P6-POSENOISE_s03,C=CC(=O)N1Cc2cccc(C(=O)Nc3ncc(C)n3C3(C)CC3)c2C1,C28,0.9577455520629883,0.9577455520629883,0.8210153579711914,1.2827835083007812,0.0,26,1.0677844285964966,1.7902504205703735,1.9498010983943976,20.156480665331557,True,3,20,100.0,True,350.4220000000002,2.981020000000001,0.8622118186964434,True,0.5416666666666666
P6-POSENOISE_s03_0299,P6-POSENOISE_s03,C=CC(=O)N1Cc2cccc(C(=O)Nc3cnc(C)nc3)c2C1,C23,0.9251037836074829,0.9251037836074829,0.8231902122497559,1.1159965991973877,0.0,23,1.3962883949279785,2.1422622203826904,1.9704610225528434,54.69131959029514,True,1,16,86.95652173913044,True,308.34100000000007,2.06552,0.8807803789001415,True,0.5846153846153846
P6-POSENOISE_s03_0298,P6-POSENOISE_s03,C=CC(=O)N1Cc2cccc(C(=O)Nc3cn([C@@H]4C[C@](C)(C#N)C[C@@H]4C)cn3)c2C1,C33,0.9736950397491455,0.9736950397491455,0.8440465927124023,1.1901499032974243,0.0,30,0.7653458118438721,1.4254672527313232,1.967990735267828,10.710569281826807,True,3,23,93.33333333333333,True,403.4860000000002,3.664480000000003,0.7888483424838989,True,0.5061728395061729
RL_GEOMEAN_0000,RL_GEOMEAN,C=CC(=O)N1Cc2cccc(C(=O)Nc3cccnc3)c2C1,C21,0.9561654925346375,0.9561654925346375,0.8379048705101013,0.8748838901519775,0.0,22,1.0384119749069214,1.6511378288269043,1.893710939874405,43.972357875493316,True,3,17,90.9090909090909,True,293.3260000000001,2.3621,0.8836717841297176,True,0.5373134328358209
RL_GEOMEAN_0001,RL_GEOMEAN,C=CC(=O)N1Cc2cccc(C(=O)Nc3ccncc3)c2C1,C21,0.9392417073249817,0.9392417073249817,0.8195961117744446,1.162370204925537,0.0,22,1.238447904586792,1.9794304370880127,1.9591174432891971,42.874541967086344,True,3,17,100.0,True,293.3260000000001,2.3621,0.8836717841297176,True,0.5384615384615384
RL_GEOMEAN_0003,RL_GEOMEAN,C=CC(=O)N1Cc2cccc(C(=O)F)c2C1,C16,0.8857834935188293,0.8857834935188293,0.8082499504089355,1.2712478637695312,0.0,16,2.2947816848754883,3.0737295150756836,1.9337958852474577,43.753083542236425,True,1,12,87.5,True,219.21499999999995,1.8245,0.5617254217682918,True,0.46774193548387094
RL_GEOMEAN_0002,RL_GEOMEAN,C=CC(=O)N1Cc2cccc(C(=O)Nc3c[nH]cn3)c2C1,C20,0.9792304635047913,0.9792304635047913,0.8453852534294128,1.060595154762268,0.0,21,0.7142559289932251,1.3059327602386475,1.7433833480907177,51.56548343666876,True,4,15,100.0,True,282.30300000000005,1.6901999999999997,0.8408613031625436,True,0.6
RL_GEOMEAN_0006,RL_GEOMEAN,C=CC(=O)N1Cc2cccc(CC)c2C1,C18,0.888009786605835,0.888009786605835,0.8111721873283386,1.2441378831863403,0.0,15,2.347808837890625,3.473308801651001,1.970451683041226,67.01359153912489,True,1,13,100.0,True,201.26899999999995,2.2772000000000006,0.6721155471672929,True,0.4444444444444444
RL_GEOMEAN_0005,RL_GEOMEAN,C=CC(=O)N1Cc2cccc(C(=O)Nc3cc[nH]c3)c2C1,C20,0.966724693775177,0.966724693775177,0.8475939631462097,0.8565608859062195,0.0,21,0.8379132747650146,1.507789969444275,1.9499897663834056,34.0981693723611,True,2,16,95.23809523809524,True,281.31500000000005,2.2952000000000004,0.8477611939829384,True,0.5223880597014925
RL_GEOMEAN_0004,RL_GEOMEAN,C=CC(=O)N1Cc2cccc(C(=O)Nc3cncnc3)c2C1,C21,0.9410209059715271,0.9410209059715271,0.8180466890335083,1.0907789468765259,0.0,22,1.2684221267700195,1.9801429510116577,1.9744960765471253,43.054610832563725,True,3,16,100.0,True,294.3140000000001,1.7570999999999999,0.8752024869238412,True,0.5538461538461539
RL_GEOMEAN_0007,RL_GEOMEAN,C=CC(=O)N1Cc2cccc(C(=O)Nc3cnccn3)c2C1,C21,0.9776525497436523,0.9776525497436523,0.8392276763916016,1.082712173461914,0.0,22,0.7252243161201477,1.353771448135376,1.8916370359294596,59.26128223708312,True,4,16,95.45454545454545,True,294.3140000000001,1.7570999999999999,0.8752024869238412,True,0.625
RL_GEOMEAN_0008,RL_GEOMEAN,C=CC(=O)N1Cc2cccc(C(=O)Nc3ncc(Br)s3)c2C1,C20,0.978206217288971,0.978206217288971,0.8335010409355164,1.1755144596099854,0.0,22,0.7187131643295288,1.3398349285125732,1.6971346901763564,11.51085228904661,True,4,14,100.0,True,378.25100000000003,3.1861000000000015,0.8349428884843291,True,0.5362318840579711
RL_GEOMEAN_0009,RL_GEOMEAN,C=CC(=O)N1Cc2cccc(C(=O)Nc3cnc(C)c(C)c3)c2C1,C25,0.9207524061203003,0.9207524061203003,0.8226167559623718,1.0753597021102905,0.0,24,1.3359322547912598,2.2572388648986816,1.8183661649128855,55.02111578436853,True,3,18,100.0,True,321.3800000000001,2.9789400000000015,0.8841242060271671,True,0.5588235294117647
RL_GEOMEAN_0010,RL_GEOMEAN,C=CC(=O)N1Cc2ccc(C(=O)Nc3ccc(C)nc3)cc2C1,C23,0.8572186827659607,0.8572186827659607,0.7881850600242615,1.313437581062317,0.0,23,2.6633687019348145,3.6077303886413574,1.7398683503644752,30.61673420876997,True,1,17,91.30434782608695,True,307.35300000000007,2.6705200000000007,0.8868160395214717,True,0.36
RL_GEOMEAN_0011,RL_GEOMEAN,C=CC(=O)N1Cc2cccc(C(=O)Nc3c(F)cccc3F)c2C1,C21,0.9245456457138062,0.9245456457138062,0.8194013833999634,1.0914450883865356,0.0,24,1.5975595712661743,2.3833210468292236,1.9550903800591943,49.03304890925685,True,1,18,95.83333333333333,True,328.31800000000004,3.245300000000002,0.8795054369339124,True,0.546875
RL_GEOMEAN_0013,RL_GEOMEAN,C=CC(=O)N1Cc2cccc(C(=O)c3cnoc3)c2C1,C19,0.9375314116477966,0.9375314116477966,0.8184446692466736,1.2309134006500244,0.0,20,1.249809980392456,2.108243227005005,1.962871535123987,48.282177896403766,True,3,15,90.0,True,268.272,1.9338,0.6300254678945695,True,0.4492753623188406
RL_GEOMEAN_0012,RL_GEOMEAN,C=CC(=O)N1Cc2cccc(C(=O)Nc3ccc(C)nc3)c2C1,C23,0.9180085062980652,0.9180085062980652,0.8182106018066406,1.2113417387008667,0.0,23,1.709688425064087,2.3873226642608643,1.4596621706066095,38.047548002708055,True,4,18,100.0,True,307.35300000000007,2.6705200000000007,0.8868160395214717,True,0.5671641791044776
RL_GEOMEAN_0014,RL_GEOMEAN,C=CC(=O)N1Cc2cccc(C(=O)Nc3cccc(C)c3)c2C1,C23,0.8992248773574829,0.8992248773574829,0.8035092353820801,1.1928645372390747,0.0,23,1.8713953495025635,2.8839077949523926,1.9817697312503284,45.408415205739544,True,1,19,100.0,True,306.36500000000007,3.275520000000002,0.8847822574832969,True,0.5223880597014925
RL_GEOMEAN_0015,RL_GEOMEAN,C=CC(=O)N1Cc2cccc(C[C@H](N)CC(C)C)c2C1,C27,0.8472107648849487,0.8472107648849487,0.7755988240242004,1.2905479669570923,0.0,20,3.0800046920776367,4.095393657684326,1.9622709590166205,34.82323322422664,True,2,17,95.0,True,272.392,2.630700000000001,0.8375710040564368,True,0.4225352112676056
RL_GEOMEAN_0016,RL_GEOMEAN,C=CC(=O)N1Cc2cccc(C(=O)Nc3ccccc3C)c2C1,C23,0.899630069732666,0.899630069732666,0.817544162273407,1.0232841968536377,0.0,23,1.9376229047775269,2.7643868923187256,1.955608498677585,25.155040660760022,True,1,19,100.0,True,306.3650000000001,3.275520000000002,0.8847822574832969,True,0.5303030303030303
RL_GEOMEAN_0017,RL_GEOMEAN,C=CC(=O)N1Cc2cccc(C(=O)N(C)C)c2C1,C21,0.9279242157936096,0.9279242157936096,0.8224294781684875,1.1177306175231934,0.0,18,1.3797756433486938,2.2500648498535156,1.7633857412942837,30.83676146826022,True,1,13,100.0,True,244.29399999999995,1.4166,0.738110168613344,True,0.46875
RL_GEOMEAN_0018,RL_GEOMEAN,C=CC(=O)N1Cc2cccc(C(=O)NC)c2C1,C19,0.9515282511711121,0.9515282511711121,0.8475717902183533,0.9690824747085571,0.0,17,1.058700442314148,1.7967599630355835,1.6349646681809396,37.266055134958066,True,1,12,82.3529411764706,True,230.26699999999997,1.0744,0.7726505419825042,True,0.5409836065573771
RL_GEOMEAN_0019,RL_GEOMEAN,C=CC(=O)N1Cc2cccc(C(=O)Nc3ccncn3)c2C1,C21,0.9542579054832458,0.9542579054832458,0.8290624618530273,1.1999574899673462,0.0,22,1.1090447902679443,1.7888469696044922,1.9625266512585258,68.55805415955373,True,2,15,100.0,True,294.3140000000001,1.7570999999999999,0.8752024869238412,True,0.5757575757575758
RL_GEOMEAN_0021,RL_GEOMEAN,C=CC(=O)N1Cc2cccc(Cc3c[nH]cn3)c2C1,C19,0.9488425254821777,0.9488425254821777,0.8414127230644226,1.2255548238754272,0.0,19,1.0958642959594727,1.77809476852417,1.8578534904830346,52.75386697034588,True,1,15,84.21052631578948,True,253.30499999999998,2.0286999999999997,0.8507947702146492,True,0.4166666666666667
RL_GEOMEAN_0020,RL_GEOMEAN,C=CC(=O)N1Cc2cccc(C(=O)Nc3cc(C)ccc3C)c2C1,C25,0.8153908252716064,0.8153908252716064,0.7984399795532227,1.183815360069275,0.0,24,3.8585469722747803,4.821673393249512,1.727385922890425,43.215164558175815,True,0,20,95.83333333333333,True,320.3920000000001,3.583940000000002,0.8788063731053435,True,0.5072463768115942
RL_GEOMEAN_0022,RL_GEOMEAN,C=CC(=O)N1Cc2cccc(CCOc3ccc(F)nc3)c2C1,C23,0.894004225730896,0.894004225730896,0.8215023875236511,1.1390535831451416,0.0,23,1.9713516235351562,2.8126723766326904,1.3375020442975012,30.526579586676178,True,1,18,95.65217391304348,True,312.34400000000005,2.870400000000001,0.6296262106536848,True,0.40789473684210525
RL_GEOMEAN_0023,RL_GEOMEAN,C=CC(=O)N1Cc2cccc(C(=O)Nc3cc(C)c(C)cn3)c2C1,C25,0.9744685888290405,0.9744685888290405,0.8326429724693298,1.2050347328186035,0.0,24,0.7691051959991455,1.419195294380188,1.6381780929434993,11.52633014002511,True,3,18,100.0,True,321.38000000000005,2.9789400000000015,0.8841242060271672,True,0.6307692307692307
RL_GEOMEAN_0024,RL_GEOMEAN,C=CC(=O)N1Cc2cccc(C(=O)Nc3cn(Cc4ccc(F)cc4)cn3)c2C1,C26,0.9703996181488037,0.9703996181488037,0.8244786262512207,1.2027512788772583,0.0,29,0.773746132850647,1.469991683959961,1.9721322512448283,59.03277901824859,True,4,22,93.10344827586206,True,390.41800000000006,3.3510000000000018,0.6796581561681159,True,0.5616438356164384
RL_GEOMEAN_0025,RL_GEOMEAN,C=CC(=O)N1Cc2cccc(C(=O)Nc3cccc(OCC(C)C)c3)c2C1,C30,0.9453902244567871,0.9453902244567871,0.8247373700141907,1.1657321453094482,0.0,27,1.2355854511260986,1.9547573328018188,1.4962687974424915,38.63382699571628,True,3,22,96.29629629629629,True,364.44500000000016,4.001900000000003,0.7883314360738659,True,0.5492957746478874
RL_GEOMEAN_0026,RL_GEOMEAN,C=CC(=O)N1Cc2cccc(C(=O)Nc3ccco3)c2C1,C20,0.9815148711204529,0.9815148711204529,0.8536030054092407,0.8905846476554871,0.0,21,0.6615194082260132,1.226182222366333,1.907272927559137,52.4472034503996,True,4,16,90.47619047619048,True,282.2990000000001,2.5601000000000003,0.879969742261202,True,0.5538461538461539
RL_GEOMEAN_0027,RL_GEOMEAN,C=CC(=O)N1Cc2cccc(C(=O)N(C)c3cccc(F)c3)c2C1,C23,0.9424952268600464,0.9424952268600464,0.8248287439346313,1.2067753076553345,0.0,24,1.284368872642517,2.0736355781555176,1.8012874850506257,9.669028337410566,True,1,19,83.33333333333333,True,324.3550000000001,3.1305000000000014,0.8140144694335583,True,0.4246575342465753
RL_GEOMEAN_0028,RL_GEOMEAN,C=CC(=O)N1Cc2cccc(C(=O)Nc3ccccc3)c2C1,C21,0.9100106358528137,0.9100106358528137,0.8161970376968384,1.1870932579040527,0.0,22,1.7352677583694458,2.542266607284546,1.9612496153473173,57.25781413808639,True,0,18,100.0,True,292.3380000000001,2.967100000000001,0.8841892521441642,True,0.5396825396825397
RL_GEOMEAN_0029,RL_GEOMEAN,C=CC(=O)N1Cc2cccc(C(=O)Nc3cccc(F)c3)c2C1,C21,0.8897385597229004,0.8897385597229004,0.8076248168945312,1.2384029626846313,0.0,23,1.9252829551696777,2.8857662677764893,1.9745504999872767,55.59469381362365,True,1,18,95.65217391304348,True,310.3280000000001,3.106200000000001,0.8856622636098425,True,0.5223880597014925
RL_GEOMEAN_0030,RL_GEOMEAN,C=CC(=O)N1Cc2cccc(C(=O)Nc3ccon3)c2C1,C20,0.9783671498298645,0.9783671498298645,0.8417308926582336,1.0708116292953491,0.0,21,0.6952124834060669,1.3018403053283691,1.9411194727270136,57.56788649775751,True,5,15,95.23809523809524,True,283.28700000000003,1.9550999999999998,0.8735823205673668,True,0.5606060606060606
RL_GEOMEAN_0031,RL_GEOMEAN,C=CC(=O)N1Cc2cccc(C(=O)Nc3ccnc(C)c3)c2C1,C23,0.9077711701393127,0.9077711701393127,0.8168081641197205,1.2097821235656738,0.0,23,1.6484869718551636,2.431091070175171,1.9606699358382575,50.75291188105487,True,2,17,91.30434782608695,True,307.35300000000007,2.6705200000000007,0.8868160395214717,True,0.5362318840579711
RL_GEOMEAN_0032,RL_GEOMEAN,C=CC(=O)N1Cc2cccc(C(=O)Nc3ccnc(N)c3)c2C1,C22,0.9289263486862183,0.9289263486862183,0.8235462307929993,1.1930290460586548,0.0,23,1.0810991525650024,2.024000406265259,1.9692479871514386,60.551387891327636,True,1,17,95.65217391304348,True,308.34100000000007,1.9443,0.8482127507698695,True,0.5142857142857142
RL_GEOMEAN_0033,RL_GEOMEAN,C=CC(=O)N1Cc2cccc(C(=O)Nc3ncc[nH]3)c2C1,C20,0.9783446788787842,0.9783446788787842,0.8485583662986755,0.9230836629867554,0.0,21,0.7021799087524414,1.3163679838180542,1.9390957903363093,56.650470136624534,True,3,15,90.47619047619048,True,282.30300000000005,1.6901999999999997,0.8408613031625436,True,0.5294117647058824
RL_GEOMEAN_0034,RL_GEOMEAN,C=CC(=O)N1Cc2cccc(C(=O)Nc3ccc4c(ccc5ncccc54)c3)c2C1,C25,0.9481558799743652,0.9481558799743652,0.8325001001358032,1.1955101490020752,0.0,30,0.8634762763977051,1.730878233909607,1.2325997401427604,31.357559140078706,True,1,23,86.66666666666667,True,393.44600000000014,4.668500000000003,0.4064458565873897,True,0.46153846153846156
RL_GEOMEAN_0035,RL_GEOMEAN,C=CC(=O)N1Cc2cccc(C(=O)Nc3cccc(Cl)c3)c2C1,C21,0.9503385424613953,0.9503385424613953,0.8318045735359192,0.9323474168777466,0.0,23,1.1577492952346802,1.8419969081878662,1.850247107253516,46.81018304531119,True,1,18,95.65217391304348,True,326.7830000000001,3.6205000000000016,0.8757360474250985,True,0.5
RL_GEOMEAN_0036,RL_GEOMEAN,C=CC(=O)N1Cc2ccc(C(=O)Nc3cncc(N)c3)cc2C1,C22,0.9157183766365051,0.9157183766365051,0.8178462982177734,1.2374882698059082,0.0,23,1.3148102760314941,2.2722885608673096,1.9244457542627715,39.73124689981941,True,2,17,95.65217391304348,True,308.34100000000007,1.9443,0.8482127507698695,True,0.3246753246753247
RL_GEOMEAN_0037,RL_GEOMEAN,C=CC(=O)N1Cc2cccc(C(=O)Nc3ccnc(O)c3)c2C1,C22,0.9381539225578308,0.9381539225578308,0.810623824596405,1.1860687732696533,0.0,23,1.1766629219055176,2.0154013633728027,1.8143494407362664,1.8941787262489527,True,3,17,100.0,True,309.32500000000005,2.0676999999999994,0.850334494368466,True,0.5217391304347826
RL_GEOMEAN_0038,RL_GEOMEAN,C=CC(=O)N1Cc2ccc(C(=O)/C=C/c3cn(C(C)C)cn3)cc2C1,C27,0.9533079862594604,0.9533079862594604,0.8322095274925232,1.2390499114990234,0.0,25,0.9752821922302246,1.7071560621261597,1.8351127520128043,2.039655482757965,True,2,18,88.0,True,335.4070000000001,3.388300000000002,0.6215555093569569,True,0.32098765432098764
RL_GEOMEAN_0039,RL_GEOMEAN,C=CC(=O)N1Cc2cccc(C(=O)Nc3cnc(C)cn3)c2C1,C23,0.9666827917098999,0.9666827917098999,0.8277759552001953,1.2212159633636475,0.0,23,0.909792423248291,1.6011584997177124,1.9688964452454063,65.90450943335779,True,3,17,95.65217391304348,True,308.34100000000007,2.06552,0.8807803789001415,True,0.7049180327868853
RL_GEOMEAN_0040,RL_GEOMEAN,C=CC(=O)N1Cc2cccc(C(=O)Nc3ccc4ccc(OC)cc4c3)c2C1,C26,0.9120851159095764,0.9120851159095764,0.8027817010879517,1.2554692029953003,0.0,28,1.4991912841796875,2.317988634109497,1.571784410852835,20.477785710941376,True,2,22,85.71428571428571,True,372.42400000000015,4.1289000000000025,0.7008020258925375,True,0.4864864864864865
RL_GEOMEAN_0041,RL_GEOMEAN,C=CC(=O)N1Cc2cccc(C(=O)Nc3ccc(C)cc3)c2C1,C23,0.9334529638290405,0.9334529638290405,0.8104991912841797,1.015626072883606,0.0,23,1.398148775100708,2.1388537883758545,1.9513607372549042,9.02338505281979,True,2,18,91.30434782608695,True,306.36500000000007,3.275520000000002,0.8847822574832969,True,0.5384615384615384
RL_GEOMEAN_0043,RL_GEOMEAN,C=CC(=O)N1Cc2cccc(C(=O)Nc3cncc(Cl)c3)c2C1,C21,0.9334317445755005,0.9334317445755005,0.82597416639328,1.169859766960144,0.0,23,1.2702730894088745,1.9806735515594482,1.9683274809340026,56.07176464234723,True,1,17,95.65217391304348,True,327.7710000000001,3.015500000000001,0.8814061669751618,True,0.5142857142857142
RL_GEOMEAN_0042,RL_GEOMEAN,C=CC(=O)N1Cc2cccc(C(=O)Nc3cnc(-c4nc[nH]c4C)nc3)c2C1,C26,0.9065824151039124,0.9065824151039124,0.8194457292556763,1.1061692237854004,0.0,28,1.4437872171401978,2.319265842437744,1.7545514336148722,20.21920732438069,True,3,20,89.28571428571429,True,374.4040000000001,2.4556200000000006,0.6828701127781905,True,0.5066666666666667
RL_GEOMEAN_0044,RL_GEOMEAN,C=CC(=O)N1Cc2cccc(C(=O)Nc3ccn[nH]3)c2C1,C20,0.9816925525665283,0.9816925525665283,0.8408178687095642,0.9276981949806213,0.0,21,0.6239010095596313,1.248510718345642,1.6219805721092961,40.31745145693273,True,5,15,100.0,True,282.30300000000005,1.6901999999999997,0.8408613031625436,True,0.5147058823529411
RL_GEOMEAN_0045,RL_GEOMEAN,C=CC(=O)N1Cc2cccc(C(=O)Nc3cncc(C)c3)c2C1,C23,0.9365054965019226,0.9365054965019226,0.8302051424980164,1.1222904920578003,0.0,23,1.1784344911575317,1.9295637607574463,1.9562608516759727,61.89265367747575,True,1,18,95.65217391304348,True,307.35300000000007,2.6705200000000007,0.8868160395214717,True,0.5362318840579711
RL_GEOMEAN_0046,RL_GEOMEAN,C=CC(=O)N1Cc2cccc(C(=O)Nc3cccnc3C)c2C1,C23,0.938180148601532,0.938180148601532,0.817668080329895,1.1168259382247925,0.0,23,1.1753193140029907,1.9968525171279907,1.7943790989643191,12.475388624293274,True,2,18,95.65217391304348,True,307.3530000000001,2.6705200000000007,0.8868160395214717,True,0.5441176470588235
RL_GEOMEAN_0047,RL_GEOMEAN,C=CC(=O)N1Cc2cccc(C(=O)Nc3ncccc3C)c2C1,C23,0.962183952331543,0.962183952331543,0.8166599273681641,1.219565749168396,0.0,23,0.9510253667831421,1.6440329551696777,1.7965547947947484,44.89888450193621,True,3,18,95.65217391304348,True,307.3530000000001,2.6705200000000007,0.8868160395214717,True,0.5441176470588235
RL_GEOMEAN_0048,RL_GEOMEAN,C=CC(=O)N1Cc2ccccc2C1,C14,0.7974843382835388,0.7974843382835388,0.7870518565177917,1.2578524351119995,0.0,13,4.122248649597168,5.170145511627197,1.3920000348060355,1.6204565841484424,True,0,10,84.61538461538461,True,173.21499999999997,1.7148,0.5919511610371875,True,0.3728813559322034
RL_GEOMEAN_0049,RL_GEOMEAN,C=CC(=O)N1Cc2cccc(C(=O)Nc3cn[nH]c3)c2C1,C20,0.932548999786377,0.932548999786377,0.8263551592826843,1.1994075775146484,0.0,21,1.2852582931518555,2.1398537158966064,1.9645387598365156,28.44524142203727,True,3,15,100.0,True,282.30300000000005,1.6902,0.8408613031625436,True,0.5294117647058824
RL_GEOMEAN_0050,RL_GEOMEAN,C=CC(=O)N1Cc2cccc(C(=O)NCc3cccnc3)c2C1,C23,0.9187150597572327,0.9187150597572327,0.8281440734863281,0.9155506491661072,0.0,23,1.4820115566253662,2.3714120388031006,1.5493736125608937,37.39633365061286,True,1,18,95.65217391304348,True,307.35300000000007,2.0397999999999996,0.8793190920733592,True,0.49295774647887325
RL_GEOMEAN_0051,RL_GEOMEAN,C=CC(=O)N1Cc2cccc(C(=O)N3CCCC3)c2C1,C23,0.9275672435760498,0.9275672435760498,0.8297067880630493,1.1503913402557373,0.0,20,1.4252760410308838,2.33296537399292,1.5930554938231114,24.093269261578598,True,1,15,95.0,True,270.332,1.9507999999999999,0.7706879355608324,True,0.4461538461538462
RL_GEOMEAN_0052,RL_GEOMEAN,C=CC(=O)N1Cc2cccc(C(=O)c3cnccn3)c2C1,C20,0.9684834480285645,0.9684834480285645,0.8409649133682251,1.0384677648544312,0.0,21,0.7729735970497131,1.4413230419158936,1.5828583504849703,47.37164468235184,True,2,16,95.23809523809524,True,279.29900000000004,1.7358,0.6338674226729336,True,0.463768115942029
RL_GEOMEAN_0053,RL_GEOMEAN,C=CC(=O)N1Cc2cccc(C(=O)Nc3ccccn3)c2C1,C21,0.9755927920341492,0.9755927920341492,0.8349844813346863,1.109950065612793,0.0,22,0.7671537399291992,1.36856210231781,1.9593196874680767,59.00286315766414,True,3,17,95.45454545454545,True,293.3260000000001,2.3621,0.8836717841297176,True,0.59375
RL_GEOMEAN_0054,RL_GEOMEAN,C=CC(=O)N1Cc2cccc(C(=O)Nc3nncs3)c2C1,C20,0.9819183349609375,0.9819183349609375,0.8449454307556152,1.0737922191619873,0.0,21,0.6306853294372559,1.215124487876892,1.6165153960293723,35.22452695896649,True,5,14,100.0,True,300.3430000000001,1.8186,0.8773483091670538,True,0.5072463768115942
RL_GEOMEAN_0055,RL_GEOMEAN,C=CC(=O)N1Cc2cccc(C#N)c2C1,C15,0.9248738288879395,0.9248738288879395,0.823964536190033,1.2994037866592407,0.0,15,1.4527182579040527,2.4889256954193115,1.865414204164856,24.83358331465263,True,2,12,93.33333333333333,True,198.22499999999997,1.58648,0.6429765534088558,True,0.4
RL_GEOMEAN_0056,RL_GEOMEAN,C=CC(=O)NCc1cccc(C(=O)Nc2ncccn2)c1,C21,0.9492794275283813,0.9492794275283813,0.8239812850952148,1.2673366069793701,0.0,21,1.0525128841400146,1.7430006265640259,1.9645333667056928,41.23632434782107,True,4,15,95.23809523809524,True,282.303,1.5311,0.8145363774515818,True,0.2597402597402597
RL_GEOMEAN_0057,RL_GEOMEAN,C=CC(=O)N1Cc2cccc(C(=O)Nc3ccoc3)c2C1,C20,0.9329491853713989,0.9329491853713989,0.8368222117424011,1.0654442310333252,0.0,21,1.4591569900512695,2.2033069133758545,1.8689928290392113,42.82823435620827,True,1,15,95.23809523809524,True,282.29900000000004,2.5601000000000003,0.879969742261202,True,0.5
RL_GEOMEAN_0058,RL_GEOMEAN,C=CC(=O)N1Cc2cccc(C(=O)Nc3ncncc3C)c2C1,C23,0.9538366198539734,0.9538366198539734,0.8395269513130188,0.9173943996429443,0.0,23,1.1321136951446533,1.8281852006912231,1.4009369267029834,14.952436733291066,True,4,17,100.0,True,308.3410000000001,2.06552,0.8807803789001415,True,0.5507246376811594
RL_GEOMEAN_0059,RL_GEOMEAN,C=CC(=O)N1Cc2cccc(C(=O)Nc3ccc4nccnc4c3)c2C1,C23,0.9049497246742249,0.9049497246742249,0.8148446083068848,1.1694225072860718,0.0,26,1.5293327569961548,2.3127505779266357,1.966868595178641,31.064924174423197,True,1,20,96.15384615384616,True,344.3740000000001,2.910300000000001,0.7414566817355064,True,0.5217391304347826
RL_GEOMEAN_0060,RL_GEOMEAN,C=CC(=O)N1Cc2cccc(C(=O)Nc3ccc(CC)cc3)c2C1,C25,0.8933582901954651,0.8933582901954651,0.7959074378013611,1.2710309028625488,0.0,24,2.204193592071533,3.004706382751465,1.9395921320989113,50.29011849539643,True,3,20,95.83333333333333,True,320.39200000000005,3.5295000000000023,0.8762240328133125,True,0.5373134328358209
RL_GEOMEAN_0061,RL_GEOMEAN,C=CC(=O)N1Cc2cccc(C(=O)Cc3ccno3)c2C1,C21,0.9715948700904846,0.9715948700904846,0.825578510761261,1.1792287826538086,0.0,21,0.8004681468009949,1.4274451732635498,1.6651600933844193,25.609836200361286,True,3,16,90.47619047619048,True,282.29900000000004,2.1281999999999996,0.6362953649053392,True,0.4305555555555556
RL_GEOMEAN_0062,RL_GEOMEAN,C=CC(=O)N1Cc2cccc(C(=O)N[C@@H]3CCCNC3)c2C1,C26,0.8241756558418274,0.8241756558418274,0.8043559193611145,1.065363883972168,0.0,22,3.115572929382324,4.236896991729736,1.946700990599222,7.374611270742548,True,1,16,90.9090909090909,True,299.374,1.1965999999999999,0.8244704368721714,True,0.43243243243243246
RL_GEOMEAN_0063,RL_GEOMEAN,C=CC(=O)N1Cc2cccc(C(=O)Nc3cc(C)cs3)c2C1,C22,0.9412360787391663,0.9412360787391663,0.8106716275215149,1.2072089910507202,0.0,22,1.3220467567443848,2.0659549236297607,1.7062283515696262,17.520158223336367,True,3,17,95.45454545454545,True,312.39400000000006,3.3370200000000017,0.8837819578319741,True,0.5
RL_GEOMEAN_0064,RL_GEOMEAN,C=CC(=O)N1Cc2cccc(C(=O)Nc3cncs3)c2C1,C20,0.9461796283721924,0.9461796283721924,0.8464478850364685,1.0026172399520874,0.0,21,1.2146629095077515,1.9198449850082397,1.2599120506209973,30.22440854811407,True,1,15,95.23809523809524,True,299.3550000000001,2.4236000000000004,0.8853894096520039,True,0.5294117647058824
RL_GEOMEAN_0065,RL_GEOMEAN,C=CC(=O)N1Cc2cccc(C(=O)Nc3ccc(C)c(C)c3)c2C1,C25,0.8878944516181946,0.8878944516181946,0.8013556599617004,1.1261595487594604,0.0,24,2.272855758666992,3.166586399078369,1.5499099139627435,23.809795178257076,True,0,19,100.0,True,320.3920000000001,3.583940000000002,0.8788063731053435,True,0.5147058823529411
RL_GEOMEAN_0066,RL_GEOMEAN,C=CC(=O)N1Cc2cccc(C(=O)Nc3ccsc3)c2C1,C20,0.911870002746582,0.911870002746582,0.8149992823600769,1.1648608446121216,0.0,21,1.7527744770050049,2.4917142391204834,1.9744181907843135,54.09976564099716,True,2,16,100.0,True,298.3670000000001,3.028600000000001,0.8855072290928045,True,0.5074626865671642
RL_GEOMEAN_0067,RL_GEOMEAN,C=CC(=O)N1Cc2cccc(C(=O)c3cccs3)c2C1,C19,0.9553079009056091,0.9553079009056091,0.8261430859565735,1.1620674133300781,0.0,20,0.9741493463516235,1.6828548908233643,1.6276923897960582,25.89571980354455,True,1,16,90.0,True,283.35200000000003,3.0073000000000016,0.6412014217549439,True,0.42028985507246375
RL_GEOMEAN_0068,RL_GEOMEAN,C=CC(=O)N1Cc2cccc(C(=O)Nc3c[nH]cc3O)c2C1,C21,0.9732120633125305,0.9732120633125305,0.828180730342865,1.1470236778259277,0.0,22,0.7994374632835388,1.4006173610687256,1.8620389597159355,11.233632482497256,True,2,16,100.0,True,297.3140000000001,2.0008,0.7574380785303797,True,0.5223880597014925
RL_GEOMEAN_0069,RL_GEOMEAN,C=CC(=O)N1Cc2cccc(C(=O)Nc3cn(C)cn3)c2C1,C22,0.9779279232025146,0.9779279232025146,0.8337421417236328,1.2340354919433594,0.0,22,0.7046846151351929,1.3547701835632324,1.9370747936514996,23.1933846231087,True,3,16,100.0,True,296.33000000000004,1.7006,0.8766533781081279,True,0.640625
RL_GEOMEAN_0070,RL_GEOMEAN,C=CC(=O)N1Cc2cccc(C(=O)Nc3cncc(C#N)c3)c2C1,C22,0.9433375597000122,0.9433375597000122,0.8308905959129333,1.047711968421936,0.0,24,1.1879631280899048,1.8645753860473633,1.5979056688365543,30.513454030711785,True,3,18,91.66666666666667,True,318.33600000000007,2.2337800000000003,0.8793441582824176,True,0.4931506849315068
RL_GEOMEAN_0071,RL_GEOMEAN,C=CC(=O)N1Cc2cccc(C(=O)Nc3ccn(C)c3)c2C1,C22,0.9488962292671204,0.9488962292671204,0.8324209451675415,1.1298671960830688,0.0,22,1.1240264177322388,1.8691747188568115,1.2772677792851428,32.14538344374617,True,3,16,100.0,True,295.34200000000004,2.3056,0.88344805663211,True,0.5606060606060606
RL_GEOMEAN_0072,RL_GEOMEAN,C=CC(=O)N1Cc2cccc(C(C)c3ccc(C)cc3)c2C1,C24,0.8330076336860657,0.8330076336860657,0.7898286581039429,1.2925727367401123,0.0,22,3.5168685913085938,4.369266033172607,1.5567744664529926,15.002881540357379,True,0,20,95.45454545454545,True,291.39400000000006,4.1750200000000035,0.7770366805321648,True,0.4142857142857143
RL_GEOMEAN_0073,RL_GEOMEAN,C=CC(=O)N1Cc2cccc(CNc3nccs3)c2C1,C20,0.9751185774803162,0.9751185774803162,0.8442840576171875,1.1372735500335693,0.0,20,0.7589846253395081,1.3707278966903687,1.9630350789784679,55.515211171824575,True,4,15,95.0,True,285.37200000000007,2.7834000000000003,0.8786130900117346,True,0.4
RL_GEOMEAN_0074,RL_GEOMEAN,C=CC(=O)N1Cc2cccc(C(=O)Nc3ccc4ccccc4c3)c2C1,C23,0.8605428338050842,0.8605428338050842,0.7939838767051697,1.2546803951263428,0.0,26,2.383253574371338,3.501081705093384,1.9388569507573277,7.464874554360307,True,1,20,92.3076923076923,True,342.3980000000001,4.120300000000002,0.7280206532069051,True,0.5147058823529411
RL_GEOMEAN_0075,RL_GEOMEAN,C=CC(=O)N1Cc2cccc(C(=O)Nc3ccc(C(C)(C)C)cc3)c2C1,C29,0.9683912396430969,0.9683912396430969,0.822849690914154,1.2672419548034668,0.0,26,0.8763161897659302,1.5849223136901855,1.84707767281184,43.58415066177608,True,2,22,76.92307692307692,True,348.44600000000014,4.264600000000003,0.8425133419515916,True,0.5147058823529411
RL_GEOMEAN_0077,RL_GEOMEAN,C=CC(=O)N1Cc2cccc(C(=O)Nc3nccs3)c2C1,C20,0.9814043641090393,0.9814043641090393,0.8449329733848572,1.0832605361938477,0.0,21,0.6508461236953735,1.2580441236495972,1.964139678765236,60.3706419482867,True,3,15,100.0,True,299.3550000000001,2.4236000000000004,0.8853894096520039,True,0.5294117647058824
RL_GEOMEAN_0076,RL_GEOMEAN,C=CC(=O)N1Cc2cccc(C(=O)Nc3cnc(NC(C)C)cn3)c2C1,C28,0.9330371022224426,0.9330371022224426,0.8328654170036316,1.2241265773773193,0.0,26,1.3974106311798096,2.109311819076538,1.9557656909251677,48.25114880468172,True,4,19,100.0,True,351.41000000000014,2.577400000000001,0.8086517578710941,True,0.7258064516129032
RL_GEOMEAN_0078,RL_GEOMEAN,C=CC(=O)N1Cc2cccc(C(=O)Nc3ccc([N+](=O)[O-])cc3)c2C1,C22,0.9636143445968628,0.9636143445968628,0.8212509155273438,0.843479573726654,0.0,25,0.9207810163497925,1.606963038444519,1.50498788496785,16.464308351125524,True,1,18,84.0,True,337.3350000000001,2.875300000000001,0.5273025476519657,True,0.4857142857142857
RL_GEOMEAN_0079,RL_GEOMEAN,C=CC(=O)N1Cc2cccc(C(=O)Nc3nccc(-c4cccnc4)n3)c2C1,C25,0.9766768217086792,0.9766768217086792,0.8390680551528931,1.1479296684265137,0.0,28,0.7098675966262817,1.366879940032959,1.551337568422812,39.6189601292061,True,5,21,100.0,True,371.4000000000001,2.8191000000000006,0.7126861618004684,True,0.49333333333333335
RL_GEOMEAN_0080,RL_GEOMEAN,C=CC(=O)N1Cc2cccc(C(=O)Nc3ccnc(-c4cccnc4)c3)c2C1,C25,0.901797354221344,0.901797354221344,0.8152905702590942,1.1643500328063965,0.0,28,1.319925308227539,2.3224334716796875,1.9411270138247003,16.858597268927426,True,4,20,85.71428571428571,True,370.4120000000001,3.424100000000001,0.7142256369876169,True,0.49333333333333335
RL_GEOMEAN_0081,RL_GEOMEAN,C=CC(=O)N1Cc2cccc(C(=O)O)c2C1,C17,0.83331298828125,0.83331298828125,0.7962488532066345,0.9680724143981934,0.0,16,3.431558132171631,4.530460357666016,1.9496118307242596,66.30541035556513,True,0,12,93.75,True,217.22399999999996,1.413,0.7618734548325369,True,0.47540983606557374
RL_GEOMEAN_0082,RL_GEOMEAN,C=CC(=O)N1Cc2ccc(C(=O)Nc3ccoc3)cc2C1,C20,0.9171940684318542,0.9171940684318542,0.8097241520881653,1.102519154548645,0.0,21,1.5680181980133057,2.520343065261841,1.8548373441625554,42.176457921874544,True,3,16,95.23809523809524,True,282.29900000000004,2.5601000000000003,0.879969742261202,True,0.3026315789473684
RL_GEOMEAN_0084,RL_GEOMEAN,C=CC(=O)N1Cc2cccc(C(=O)NC(C)C)c2C1,C23,0.9347766637802124,0.9347766637802124,0.8315807580947876,0.9639177322387695,0.0,19,1.3727874755859375,2.1881799697875977,1.449492403877994,6.384037904194486,True,1,15,89.47368421052632,True,258.321,1.853,0.8411687569179456,True,0.5645161290322581
RL_GEOMEAN_0083,RL_GEOMEAN,C=CC(=O)N1Cc2cccc(C(=O)Nc3c[nH]cc3C)c2C1,C22,0.9599904417991638,0.9599904417991638,0.8416208624839783,0.9972633719444275,0.0,22,0.9592033624649048,1.5919549465179443,1.6034373425238648,7.0532782601506625,True,2,16,95.45454545454545,True,295.3420000000001,2.6036200000000003,0.8548390961798438,True,0.5373134328358209
RL_GEOMEAN_0085,RL_GEOMEAN,C=CC(=O)N1Cc2cccc(C(=O)Nc3ccn(C(=O)O)c3C)c2C1,C25,0.9523857235908508,0.9523857235908508,0.8297104835510254,0.927890956401825,0.0,25,1.1245700120925903,1.814660906791687,1.2668022678381956,40.51259157496577,True,3,17,92.0,True,339.3510000000001,2.6031200000000005,0.840971982315875,True,0.5142857142857142
RL_GEOMEAN_0087,RL_GEOMEAN,C=CC(=O)N1Cc2cccc(C)c2C1,C16,0.889965832233429,0.889965832233429,0.8185481429100037,1.2266559600830078,0.0,14,2.2227447032928467,3.168875217437744,1.339786216453954,57.34415475633736,True,0,12,85.71428571428571,True,187.24199999999996,2.0232200000000002,0.615857155925755,True,0.4426229508196721
RL_GEOMEAN_0086,RL_GEOMEAN,C=CC(=O)N1Cc2cccc(C(=O)Nc3ccccc3F)c2C1,C21,0.9199516773223877,0.9199516773223877,0.8321990966796875,0.8646140694618225,0.0,23,1.5474162101745605,2.3772764205932617,1.9526114340800123,63.75008184826481,True,1,18,95.65217391304348,True,310.3280000000001,3.106200000000001,0.8856622636098425,True,0.5303030303030303
RL_GEOMEAN_0088,RL_GEOMEAN,C=CC(=O)N1Cc2cccc(C(=O)Nc3ccc(C)cn3)c2C1,C23,0.9627323150634766,0.9627323150634766,0.8230113387107849,1.2560198307037354,0.0,23,0.9383629560470581,1.6691986322402954,1.9545328509134856,46.38280835299375,True,4,18,100.0,True,307.35300000000007,2.6705200000000007,0.8868160395214717,True,0.640625
RL_GEOMEAN_0089,RL_GEOMEAN,C=CC(=O)N1Cc2cccc(C(=O)NCc3ccno3)c2C1,C22,0.9489957690238953,0.9489957690238953,0.8427336812019348,0.8560144901275635,0.0,22,1.2503595352172852,1.8968229293823242,1.858493270178831,46.11433993070051,True,3,16,95.45454545454545,True,297.3140000000001,1.6328,0.8703740998293337,True,0.4722222222222222
RL_GEOMEAN_0090,RL_GEOMEAN,C=CC(=O)N1Cc2cccc(C(=O)NCc3ccccc3)c2C1,C23,0.9024286270141602,0.9024286270141602,0.8045567870140076,1.3036013841629028,0.0,23,1.9342656135559082,2.78178334236145,1.9683630975000543,16.676957034737327,True,1,19,91.30434782608695,True,306.36500000000007,2.644800000000001,0.8829031013482003,True,0.4925373134328358
RL_GEOMEAN_0091,RL_GEOMEAN,C=CC(=O)N1Cc2cccc(C(=O)Nc3cccc(C(F)(F)F)c3)c2C1,C23,0.9607711434364319,0.9607711434364319,0.8173622488975525,1.2985565662384033,0.0,26,0.9994761943817139,1.7925297021865845,1.9704777861473095,49.969979324234345,True,2,19,84.61538461538461,True,360.33500000000004,3.9859000000000027,0.8418628920809029,True,0.4788732394366197
RL_GEOMEAN_0092,RL_GEOMEAN,C=CC(=O)N1Cc2cccc(C(=O)N(C)c3cncc(C)c3)c2C1,C25,0.9480962753295898,0.9480962753295898,0.836789071559906,0.8586588501930237,0.0,24,1.0926299095153809,1.885975956916809,1.3022972845706153,29.627862514848402,True,1,16,75.0,True,321.3800000000001,2.694820000000001,0.8168600108771804,True,0.4266666666666667
RL_GEOMEAN_0094,RL_GEOMEAN,C=CC(=O)N1Cc2cccc(C(=O)Nc3cncc(F)c3)c2C1,C21,0.9416080117225647,0.9416080117225647,0.8130066990852356,1.1520986557006836,0.0,23,1.1585248708724976,2.0712473392486572,1.937943887809963,35.52204293326045,True,2,17,91.30434782608695,True,311.3160000000001,2.5012000000000008,0.8859722447915646,True,0.5362318840579711
RL_GEOMEAN_0093,RL_GEOMEAN,C=CC(=O)N1Cc2cccc(C(=O)Nc3cccc(C(C)C)c3)c2C1,C27,0.9324547648429871,0.9324547648429871,0.8091611266136169,1.2576643228530884,0.0,25,1.3034917116165161,2.163825035095215,1.4846808362068933,29.34958396087788,True,2,20,80.0,True,334.4190000000001,4.090500000000002,0.8562467086813526,True,0.5671641791044776
RL_GEOMEAN_0095,RL_GEOMEAN,C=CC(=O)N1Cc2ccc(C(=O)Nc3cc(C(F)(F)F)ncn3)cc2C1,C23,0.9640305638313293,0.9640305638313293,0.8356806039810181,1.2098509073257446,0.0,26,0.7829728126525879,1.515882134437561,1.9545165468217442,18.318489574354203,True,2,17,84.61538461538461,True,362.31100000000004,2.775900000000001,0.8523171869379923,True,0.34615384615384615
RL_GEOMEAN_0096,RL_GEOMEAN,C=CC(=O)N1Cc2cccc(C(=O)NCC)c2C1,C21,0.9370014667510986,0.9370014667510986,0.827314019203186,1.022753119468689,0.0,18,1.2670587301254272,2.0644266605377197,1.898238481487507,28.0110975749528,True,1,13,88.88888888888889,True,244.29399999999995,1.4645,0.8183859706869354,True,0.5396825396825397
RL_GEOMEAN_0097,RL_GEOMEAN,C=CC(=O)N1CCc2cccc(C(=O)Nc3cncc(C)c3)c2C1,C25,0.9439380168914795,0.9439380168914795,0.8362693786621094,0.9625994563102722,0.0,24,1.0663098096847534,1.7520403861999512,1.9609217373470054,62.43169611017427,True,2,19,87.5,True,321.3800000000001,2.713020000000001,0.884260223796226,True,0.4533333333333333
RL_GEOMEAN_0098,RL_GEOMEAN,C=CC(=O)N1Cc2cccc(C(=O)Nc3cncc(OC)c3)c2C1,C24,0.9366499781608582,0.9366499781608582,0.8352781534194946,1.0003689527511597,0.0,24,1.275127649307251,2.0207157135009766,1.6506697394088239,41.47661704364617,True,3,18,91.66666666666667,True,323.3520000000001,2.3707000000000003,0.8769816511096474,True,0.5138888888888888
RL_GEOMEAN_0099,RL_GEOMEAN,C=CC(=O)N1Cc2cccc(C(=O)Nc3cccc(O)c3)c2C1,C22,0.9334928393363953,0.9334928393363953,0.8247949481010437,0.9569894671440125,0.0,23,1.4752225875854492,2.1726691722869873,1.9436367378190833,39.86797379014865,True,3,18,100.0,True,308.33700000000005,2.6727,0.8565308085784505,True,0.5074626865671642
RL_GEOMEAN_0101,RL_GEOMEAN,C=CC(=O)N1Cc2cccc(C(=O)Nc3ccc(F)cc3)c2C1,C21,0.8767904043197632,0.8767904043197632,0.8038374185562134,1.0399214029312134,0.0,23,2.1035914421081543,3.2191152572631836,1.9551914465340716,56.67730305467259,True,1,17,91.30434782608695,True,310.3280000000001,3.106200000000001,0.8856622636098425,True,0.5384615384615384
RL_GEOMEAN_0100,RL_GEOMEAN,C=CC(=O)N1Cc2cccc(C(=O)Nc3c(C)oc(C)c3C)c2C1,C26,0.9090626835823059,0.9090626835823059,0.8123288154602051,1.0044002532958984,0.0,24,1.6991605758666992,2.6821255683898926,1.79390135941194,19.277180271574494,True,4,19,95.83333333333333,True,324.3800000000001,3.4853600000000027,0.8792250565623,True,0.5072463768115942
RL_GEOMEAN_0102,RL_GEOMEAN,C=CC(=O)N1Cc2cccc(C(=O)Nc3ccc(C)c(F)c3)c2C1,C23,0.8099818825721741,0.8099818825721741,0.7712985277175903,1.3900731801986694,0.0,24,3.488471508026123,4.735421180725098,1.9797212477770687,59.64517479524338,True,1,19,95.83333333333333,True,324.3550000000001,3.414620000000002,0.8796832936674114,True,0.5142857142857142
RL_GEOMEAN_0103,RL_GEOMEAN,C=CC(=O)N1Cc2cccc(C(=O)Nc3cnc(N)[nH]3)c2C1,C21,0.9652969241142273,0.9652969241142273,0.8311161398887634,1.2002161741256714,0.0,22,0.9595655798912048,1.6392186880111694,1.9690897232223827,56.05725673457155,True,3,15,95.45454545454545,True,297.31800000000004,1.2724,0.7420096877410525,True,0.5362318840579711
RL_GEOMEAN_0104,RL_GEOMEAN,C=CC(=O)N1Cc2cccc(C(=O)Nc3cc(C)ncn3)c2C1,C23,0.9733566045761108,0.9733566045761108,0.8379083871841431,1.1725584268569946,0.0,23,0.795484185218811,1.419445514678955,1.9388647026804107,51.517675378192905,True,4,17,95.65217391304348,True,308.34100000000007,2.06552,0.8807803789001415,True,0.582089552238806
RL_GEOMEAN_0105,RL_GEOMEAN,C=CC(=O)N1Cc2cccc(C(=O)Nc3cc4cccc(OC)c4nn3)c2C1,C26,0.8832132816314697,0.8832132816314697,0.8003673553466797,1.2541687488555908,0.0,28,1.8659847974777222,2.8459880352020264,1.8881524307375173,31.41469188416758,True,4,19,89.28571428571429,True,374.40000000000015,2.9189000000000007,0.7100405286600271,True,0.5066666666666667
RL_GEOMEAN_0106,RL_GEOMEAN,C=CC(=O)N1Cc2cccc(C(=O)Nc3ccc(F)cn3)c2C1,C21,0.975323498249054,0.975323498249054,0.8345713019371033,1.2045834064483643,0.0,23,0.7932721376419067,1.4131603240966797,1.7055909993313156,24.95260750815231,True,4,17,100.0,True,311.3160000000001,2.5012000000000008,0.8859722447915646,True,0.640625
RL_GEOMEAN_0107,RL_GEOMEAN,C=CC(=O)N1Cc2cccc(C(=O)N[C@H](C)c3ncccn3)c2C1,C25,0.909313976764679,0.909313976764679,0.8104540109634399,1.1928821802139282,0.0,24,1.7088701725006104,2.627760410308838,1.8363902556101728,36.257380164489945,True,1,18,100.0,True,322.36800000000005,1.9958,0.8736844744533074,True,0.5522388059701493
RL_GEOMEAN_0110,RL_GEOMEAN,C=CC(=O)N1Cc2cccc(C(=O)Nc3cnc[nH]3)c2C1,C20,0.9813178181648254,0.9813178181648254,0.8483780026435852,0.9361104965209961,0.0,21,0.6633397936820984,1.2523419857025146,1.7047659892489657,48.85709109462391,True,4,15,100.0,True,282.30300000000005,1.6901999999999997,0.8408613031625436,True,0.5294117647058824
RL_GEOMEAN_0108,RL_GEOMEAN,C=CC(=O)N1Cc2ccc(C(=O)Nc3cc[nH]c3)cc2C1,C20,0.9192575216293335,0.9192575216293335,0.8154845237731934,1.2420903444290161,0.0,21,1.5892163515090942,2.3111116886138916,1.9452491888187526,54.58328058779179,True,4,16,95.23809523809524,True,281.31500000000005,2.2952000000000004,0.8477611939829384,True,0.32
RL_GEOMEAN_0109,RL_GEOMEAN,C=CC(=O)N1Cc2cccc(C(=O)Nn3ccc(O)c3)c2C1,C21,0.9343321919441223,0.9343321919441223,0.809600293636322,0.9550830125808716,0.0,22,1.3735456466674805,2.2490901947021484,1.9671837229145628,45.576668910921796,True,2,15,100.0,True,297.3140000000001,1.6057999999999997,0.8451691598467266,True,0.4782608695652174
RL_GEOMEAN_0111,RL_GEOMEAN,C=CC(=O)N1Cc2ccc(C(=O)Nc3ccc(Br)cn3)cc2C1,C21,0.8480515480041504,0.8480515480041504,0.7900779843330383,1.2848689556121826,0.0,23,2.6993894577026367,3.552809000015259,1.954418932112561,36.518799639214365,True,2,16,95.65217391304348,True,372.2220000000001,3.124600000000001,0.8425888850384324,True,0.3972602739726027
RL_GEOMEAN_0112,RL_GEOMEAN,C=CC(=O)N1Cc2cccc(C(=O)Nc3ccc(OC)c(C)c3)c2C1,C26,0.8789450526237488,0.8789450526237488,0.7907119989395142,1.254552960395813,0.0,25,2.2650885581970215,3.343620538711548,1.9201522151642034,49.91731151974625,True,1,19,100.0,True,336.39100000000013,3.2841200000000015,0.8718283345851997,True,0.4794520547945205
RL_GEOMEAN_0113,RL_GEOMEAN,C=CC(=O)N1Cc2cccc(C[C@H]3CNc4ccccc4C3)c2C1,C25,0.9046477675437927,0.9046477675437927,0.8077614903450012,1.2500295639038086,0.0,24,2.023111343383789,2.749828338623047,1.7920999562803395,22.83480745006949,True,1,21,95.83333333333333,True,318.42000000000013,3.5417000000000023,0.8780175446887463,True,0.36363636363636365
RL_GEOMEAN_0114,RL_GEOMEAN,C=CC(=O)N1Cc2cccc(Nc3ccc(Cl)cc3)c2C1,C19,0.830077588558197,0.830077588558197,0.7919256091117859,1.3233932256698608,0.0,21,3.224827527999878,4.475459098815918,1.9359235100075636,66.99253561876918,True,1,16,95.23809523809524,True,298.7730000000001,4.111800000000002,0.8648784012981965,True,0.4
RL_GEOMEAN_0117,RL_GEOMEAN,C=CC(=O)N1Cc2cccc(C(O)c3cccnc3)c2C1,C21,0.9398027658462524,0.9398027658462524,0.8243790864944458,1.1875241994857788,0.0,21,1.2379357814788818,2.0127108097076416,1.9648140132338219,54.64471474032544,True,3,17,100.0,True,280.32700000000006,2.1914999999999996,0.8768615046353001,True,0.3972602739726027
RL_GEOMEAN_0115,RL_GEOMEAN,C=CC(=O)N1Cc2cccc(C(=O)Nc3cc(F)ccc3F)c2C1,C21,0.9654639959335327,0.9654639959335327,0.8414061665534973,1.0340402126312256,0.0,24,0.9358341693878174,1.5654590129852295,1.963198934519881,45.48133705236802,True,2,18,95.83333333333333,True,328.31800000000004,3.245300000000002,0.8795054369339124,True,0.5072463768115942
RL_GEOMEAN_0116,RL_GEOMEAN,C=CC(=O)N1Cc2cccc(C(=O)Nc3c[nH]c(C)c3)c2C1,C22,0.9241747856140137,0.9241747856140137,0.8191065788269043,1.249882459640503,0.0,22,1.6231184005737305,2.286511182785034,1.6525923166649408,36.79978848787346,True,3,17,95.45454545454545,True,295.34200000000004,2.6036200000000003,0.8548390961798438,True,0.5072463768115942
RL_GEOMEAN_0118,RL_GEOMEAN,C=CC(=O)N1Cc2cccc(C(=O)Nc3cnco3)c2C1,C20,0.9784446954727173,0.9784446954727173,0.8464627265930176,1.1029043197631836,0.0,21,0.7217229604721069,1.3444496393203735,1.9668220983352784,50.572194970140515,True,3,15,95.23809523809524,True,283.2870000000001,1.9550999999999998,0.8735823205673668,True,0.5522388059701493
RL_GEOMEAN_0119,RL_GEOMEAN,C=CC(=O)N1Cc2cccc(CCc3ccccn3)c2C1,C22,0.9712252020835876,0.9712252020835876,0.8328686952590942,1.1940867900848389,0.0,21,0.8343052864074707,1.4442988634109497,1.9655426547648363,55.86853832724702,True,3,18,100.0,True,278.355,2.8950000000000014,0.8056941356446162,True,0.4084507042253521
RL_GEOMEAN_0120,RL_GEOMEAN,C=CC(=O)N1Cc2cccc(C(=O)Nc3ncccn3)c2C1,C21,0.9746156930923462,0.9746156930923462,0.8329168558120728,1.1363221406936646,0.0,22,0.8092969059944153,1.4595317840576172,1.9696693649950496,66.20404040820188,True,4,16,100.0,True,294.3140000000001,1.7570999999999999,0.8752024869238412,True,0.5806451612903226
RL_GEOMEAN_0121,RL_GEOMEAN,C=CC(=O)N1Cc2cccc(C(=O)N(CC)c3ccccn3)c2C1,C25,0.8115983009338379,0.8115983009338379,0.7877142429351807,1.265498161315918,0.0,24,3.5680992603302,4.843879699707031,1.9385799180327834,67.99999733653164,True,1,19,83.33333333333333,True,321.38000000000005,2.7765000000000013,0.8137763512204896,True,0.44594594594594594
RL_GEOMEAN_0122,RL_GEOMEAN,C=CC(=O)N1Cc2cccc(Cc3cn(-c4ccc5ccccc5n4)cn3)c2C1,C25,0.924445629119873,0.924445629119873,0.8073835372924805,1.2382776737213135,0.0,29,1.3803633451461792,2.258517265319824,1.9474172109232293,54.62666501981968,True,2,24,86.20689655172414,True,380.4510000000001,4.039500000000002,0.502248571910609,True,0.3614457831325301
RL_GEOMEAN_0125,RL_GEOMEAN,C=CC(=O)N1Cc2cccc(C(=O)c3ccco3)c2C1,C19,0.9646056294441223,0.9646056294441223,0.8442248702049255,1.1436855792999268,0.0,20,0.8772170543670654,1.5229268074035645,1.954213144183612,14.83370347763109,True,1,16,95.0,True,267.284,2.538800000000001,0.6339915096227798,True,0.4411764705882353
RL_GEOMEAN_0123,RL_GEOMEAN,C=CC(=O)N1Cc2cccc(C(=O)Nc3cc(O)ncn3)c2C1,C22,0.9693963527679443,0.9693963527679443,0.8280307650566101,1.1561955213546753,0.0,23,0.868905782699585,1.5415970087051392,1.567841348925329,30.67922904506179,True,4,16,95.65217391304348,True,310.31300000000005,1.4626999999999997,0.8368999021718454,True,0.5671641791044776
RL_GEOMEAN_0126,RL_GEOMEAN,C=CC(=O)N1Cc2cccc(C(=O)Nc3cccs3)c2C1,C20,0.9412637948989868,0.9412637948989868,0.8315815925598145,1.1856547594070435,0.0,21,1.2866153717041016,2.067025661468506,1.3792261821035747,25.070521130862716,True,2,16,100.0,True,298.3670000000001,3.028600000000001,0.8855072290928045,True,0.5074626865671642
RL_GEOMEAN_0124,RL_GEOMEAN,C=CC(=O)N1Cc2ccc(C(=O)Nc3cccnc3)cc2C1,C21,0.9375972151756287,0.9375972151756287,0.82234126329422,1.15362548828125,0.0,22,1.079231858253479,1.9594899415969849,1.6569874986553157,46.037179229160415,True,2,16,100.0,True,293.3260000000001,2.3621,0.8836717841297176,True,0.3466666666666667
RL_GEOMEAN_0127,RL_GEOMEAN,C=CC(=O)N1Cc2cccc(C(=O)Nc3cnc(C)c(Cl)c3)c2C1,C23,0.924076497554779,0.924076497554779,0.8096093535423279,1.1599900722503662,0.0,24,1.4106667041778564,2.187342405319214,1.9564268830958143,58.455414694067656,True,2,17,95.83333333333333,True,341.79800000000006,3.323920000000001,0.8709778218564764,True,0.5352112676056338
RL_GEOMEAN_0128,RL_GEOMEAN,C=CC(=O)N1Cc2cccc(C(=O)Nc3ccc(N)cn3)c2C1,C22,0.9631840586662292,0.9631840586662292,0.8378894925117493,1.2299209833145142,0.0,23,0.9559116959571838,1.628400444984436,1.9285543854659648,53.87939370060627,True,5,17,100.0,True,308.34100000000007,1.9443,0.8482127507698695,True,0.6153846153846154
RL_GEOMEAN_0129,RL_GEOMEAN,C=CC(=O)N1Cc2cccc(C(=O)Nc3cn(-c4ocnc4C)cn3)c2C1,C25,0.9749671220779419,0.9749671220779419,0.8320006728172302,1.2126659154891968,0.0,27,0.7407670021057129,1.4456714391708374,1.6306307113813363,26.465650357184074,True,3,19,100.0,True,363.3770000000001,2.4492200000000004,0.7188494812686533,True,0.5333333333333333
RL_GEOMEAN_0130,RL_GEOMEAN,C=CC(=O)N1Cc2cccc(C(=O)Nc3ccc[nH]3)c2C1,C20,0.9778655767440796,0.9778655767440796,0.8330665826797485,1.1242936849594116,0.0,21,0.7101458311080933,1.3220889568328857,1.944951016092691,55.087461266496746,True,4,16,90.47619047619048,True,281.31500000000005,2.2952000000000004,0.8477611939829384,True,0.5074626865671642
RL_GEOMEAN_0134,RL_GEOMEAN,C=CC(=O)N1Cc2cccc(Cc3c[nH]c(F)c3)c2C1,C19,0.9182398915290833,0.9182398915290833,0.8255783915519714,1.231806993484497,0.0,20,1.6528775691986084,2.4104597568511963,1.9714858132383317,52.88953755624166,True,1,16,95.0,True,270.307,2.772800000000001,0.8553301479732293,True,0.37333333333333335
RL_GEOMEAN_0132,RL_GEOMEAN,C=CC(=O)N1Cc2cccc(C(=O)Nc3cscn3)c2C1,C20,0.9829872846603394,0.9829872846603394,0.8615328073501587,0.937940776348114,0.0,21,0.6108112335205078,1.1658352613449097,1.4500292941523618,43.683323039355,True,3,15,100.0,True,299.3550000000001,2.4236000000000004,0.8853894096520039,True,0.5757575757575758
RL_GEOMEAN_0133,RL_GEOMEAN,C=CC(=O)N1Cc2cccc(COc3ccc[nH]3)c2C1,C20,0.9660064578056335,0.9660064578056335,0.8357293009757996,1.1563745737075806,0.0,20,0.8511921167373657,1.515857458114624,1.773652198459438,41.99211496000726,True,2,16,100.0,True,268.31600000000003,2.6219,0.8663285365665857,True,0.3783783783783784
RL_GEOMEAN_0131,RL_GEOMEAN,C=CC(=O)N1Cc2cccc(C(=O)Nc3cc(C)n(C)c3)c2C1,C24,0.9187524318695068,0.9187524318695068,0.8289634585380554,1.251017689704895,0.0,23,1.5729670524597168,2.4884910583496094,1.7318432840473774,17.40822833284443,True,2,18,95.65217391304348,True,309.3690000000001,2.614020000000001,0.8861769221135322,True,0.5441176470588235
RL_GEOMEAN_0135,RL_GEOMEAN,C=CC(=O)N1Cc2cccc(C(=O)Nc3ccc(C)c(Br)c3)c2C1,C23,0.8596848249435425,0.8596848249435425,0.7822206616401672,1.2136799097061157,0.0,24,2.543576717376709,3.660658836364746,1.9618936194656431,32.697650778913385,True,2,19,91.66666666666667,True,385.2610000000001,4.038020000000002,0.8112987460308317,True,0.49295774647887325
RL_GEOMEAN_0136,RL_GEOMEAN,C=CC(=O)N1Cc2cccc(C(=O)Nc3cn([C@@H](C)O)cn3)c2C1,C25,0.9775794148445129,0.9775794148445129,0.838771641254425,1.1966826915740967,0.0,24,0.7200596332550049,1.3666666746139526,1.6197749830454844,40.62445123837634,True,4,17,95.83333333333333,True,326.35600000000005,1.6743999999999999,0.8368574432536223,True,0.6268656716417911
RL_GEOMEAN_0137,RL_GEOMEAN,C=CC(=O)N1Cc2cccc(CCc3n[nH]cc3C)c2C1,C23,0.9752141833305359,0.9752141833305359,0.8457662463188171,1.1969736814498901,0.0,21,0.6780664324760437,1.310124397277832,1.7438863038913976,38.425797722948914,True,3,17,95.23809523809524,True,281.35900000000004,2.5315200000000004,0.8754953798930063,True,0.3815789473684211
RL_GEOMEAN_0138,RL_GEOMEAN,C=CC(=O)N1Cc2cccc(CC(N)C(=O)NC)c2C1,C24,0.8303123116493225,0.8303123116493225,0.7984004020690918,1.256701111793518,0.0,20,3.346282958984375,4.319899082183838,1.7682983684039295,33.645309356241654,True,4,14,90.0,True,273.336,0.3306000000000001,0.7763213700681334,True,0.4166666666666667
RL_GEOMEAN_0141,RL_GEOMEAN,C=CC(=O)N1Cc2cccc(C(=O)c3cncnc3)c2C1,C20,0.965090274810791,0.965090274810791,0.8411545157432556,0.8762610554695129,0.0,21,0.8678399324417114,1.4888399839401245,1.9639077638473774,41.50227467016279,True,3,16,95.23809523809524,True,279.29900000000004,1.7358,0.6338674226729336,True,0.4626865671641791
RL_GEOMEAN_0140,RL_GEOMEAN,C=CC(=O)N1Cc2cccc(CCc3cccc(F)c3)c2C1,C22,0.8327789306640625,0.8327789306640625,0.7878044247627258,1.3715038299560547,0.0,22,3.103588819503784,4.197184085845947,1.8907240888611945,4.622870749312753,True,1,19,95.45454545454545,True,295.357,3.6391000000000027,0.7886428081070108,True,0.3835616438356164
RL_GEOMEAN_0139,RL_GEOMEAN,C=CC(=O)N1Cc2cccc(C(=O)Nc3cccc(OC)c3)c2C1,C24,0.9358443021774292,0.9358443021774292,0.8248491287231445,0.9375599026679993,0.0,24,1.3358192443847656,2.082610607147217,1.8527834312190963,21.703633898993843,True,3,19,100.0,True,322.3640000000001,2.9757000000000016,0.8805131328574335,True,0.5
RL_GEOMEAN_0143,RL_GEOMEAN,C=CC(=O)N1Cc2cccc(C(=O)Nc3cc(C)co3)c2C1,C22,0.9761972427368164,0.9761972427368164,0.8294418454170227,1.2528501749038696,0.0,22,0.7670334577560425,1.3984320163726807,1.2402876359135409,27.471114722093972,True,4,16,100.0,True,296.3260000000001,2.868520000000001,0.8858535021061901,True,0.5217391304347826
RL_GEOMEAN_0142,RL_GEOMEAN,C=CC(=O)N1Cc2ccc(C(=O)NCCc3cc(C)[nH]c3C)cc2C1,C28,0.8697870969772339,0.8697870969772339,0.799587070941925,1.3103199005126953,0.0,25,2.366943120956421,3.3233540058135986,1.967440595367496,58.84383757933179,True,2,20,92.0,True,337.42300000000006,2.6322400000000012,0.8239195246955616,True,0.2926829268292683
RL_GEOMEAN_0144,RL_GEOMEAN,C=CC(=O)N1Cc2cccc(C(=O)Nc3cc(C)cc(F)c3)c2C1,C23,0.8694308400154114,0.8694308400154114,0.7848457098007202,1.2734450101852417,0.0,24,2.657301902770996,3.587277412414551,1.9413363000005952,41.40047534629568,True,2,19,91.66666666666667,True,324.3550000000001,3.414620000000002,0.8796832936674114,True,0.5142857142857142
RL_GEOMEAN_0145,RL_GEOMEAN,C=CC(=O)N1Cc2cccc(Br)c2C1,C14,0.8718271255493164,0.8718271255493164,0.8117691278457642,1.2647483348846436,0.0,14,2.574514865875244,3.434926986694336,1.9624613429058912,42.74337628116342,True,1,11,100.0,True,252.11099999999996,2.4773000000000005,0.7029268758632548,True,0.4126984126984127
RL_GEOMEAN_0146,RL_GEOMEAN,C=CC(=O)N1Cc2cccc(C(=O)NC3=CN=C3)c2C1,C20,0.949023962020874,0.949023962020874,0.8349796533584595,0.9424436688423157,0.0,20,1.1853306293487549,1.8546113967895508,1.8543586115150406,44.659474611008875,True,1,15,90.0,True,267.288,1.3704,0.8407148786243028,True,0.5384615384615384
RL_GEOMEAN_0148,RL_GEOMEAN,C=CC(=O)N1Cc2cccc(C(=O)Nc3cc(C(F)F)ncn3)c2C1,C23,0.9709377288818359,0.9709377288818359,0.8358678817749023,1.2309401035308838,0.0,25,0.7787926197052002,1.4775803089141846,1.856207898512448,47.43959305943264,True,4,17,100.0,True,344.3210000000001,2.694700000000001,0.8655555073534258,True,0.5571428571428572
RL_GEOMEAN_0149,RL_GEOMEAN,C=CC(=O)N1Cc2ccc(C(=O)Nc3cncc(C)c3)cc2C1,C23,0.9463638663291931,0.9463638663291931,0.8259869813919067,1.097211241722107,0.0,23,0.9229791164398193,1.6944659948349,1.9595658858277796,42.31247603840609,True,1,18,91.30434782608695,True,307.35300000000007,2.6705200000000007,0.8868160395214717,True,0.34210526315789475
RL_GEOMEAN_0147,RL_GEOMEAN,C=CC(=O)N1Cc2cccc(C(=O)Nc3cn(-c4ccc(F)cn4)cn3)c2C1,C24,0.9661038517951965,0.9661038517951965,0.8272880911827087,1.2419308423995972,0.0,28,0.8708363771438599,1.5962473154067993,1.9443689903410828,44.099126491655596,True,4,20,96.42857142857143,True,377.3790000000001,2.6869000000000005,0.7092001767046714,True,0.5616438356164384
RL_GEOMEAN_0151,RL_GEOMEAN,C=CC(=O)N1Cc2cccc(C(=O)Nc3cnccc3O)c2C1,C22,0.9696027040481567,0.9696027040481567,0.8317065238952637,1.1800099611282349,0.0,23,0.8726440072059631,1.498207926750183,1.2332696130611491,12.610599996190942,True,3,17,100.0,True,309.3250000000001,2.0676999999999994,0.850334494368466,True,0.5217391304347826
RL_GEOMEAN_0150,RL_GEOMEAN,C=CC(=O)N1Cc2cccc(C(=O)NCc3cccc([N+](=O)[O-])c3)c2C1,C24,0.9372801780700684,0.9372801780700684,0.8089439272880554,1.033296823501587,0.0,26,1.3578375577926636,2.1102187633514404,1.8207159892196272,30.66086562087756,True,3,18,88.46153846153847,True,351.36200000000014,2.553000000000001,0.5089117008014785,True,0.4342105263157895
RL_GEOMEAN_0152,RL_GEOMEAN,C=CC(=O)N1Cc2cccc(C(=O)Nc3cn(-c4cccc(F)c4)cn3)c2C1,C24,0.9721506834030151,0.9721506834030151,0.8287205100059509,1.2096858024597168,0.0,28,0.8065348863601685,1.5093187093734741,1.9565764149145812,51.13143788209507,True,4,21,96.42857142857143,True,376.3910000000001,3.291900000000001,0.7107788998952385,True,0.547945205479452
RL_GEOMEAN_0153,RL_GEOMEAN,C=CC(=O)N1Cc2cccc(C(=O)Nc3cncc(Cl)n3)c2C1,C21,0.9497663378715515,0.9497663378715515,0.8336426615715027,1.0657271146774292,0.0,23,1.10947585105896,1.7751787900924683,1.8142765710332034,40.51909181393745,True,3,16,100.0,True,328.75900000000007,2.4105000000000008,0.8779039983392282,True,0.5588235294117647
RL_GEOMEAN_0154,RL_GEOMEAN,C=CC(=O)N1[C@@H](C)C[C@H]1c1cccc(C(=O)O)c1,C21,0.8146038055419922,0.8146038055419922,0.8039007186889648,1.0439510345458984,0.0,18,3.5268542766571045,4.721593379974365,1.9562836568606292,54.13154292994807,True,1,12,66.66666666666667,True,245.278,2.2327000000000004,0.8306668644706173,True,0.23076923076923078
RL_GEOMEAN_0155,RL_GEOMEAN,C=CC(=O)N1Cc2nccc(C(=O)Nc3cccs3)c2C1,C20,0.8626248836517334,0.8626248836517334,0.8014015555381775,1.2647582292556763,0.0,21,2.626584529876709,3.6946821212768555,1.9723313179331698,63.38290041202251,True,1,15,95.23809523809524,True,299.3550000000001,2.4236000000000004,0.8853894096520039,True,0.38666666666666666
RL_GEOMEAN_0157,RL_GEOMEAN,C=CC(=O)N1Cc2cccc(C(=O)Nc3cocn3)c2C1,C20,0.9818199872970581,0.9818199872970581,0.8499264121055603,0.8670645356178284,0.0,21,0.6542230248451233,1.2352983951568604,1.9585295085088739,63.46002079791961,True,3,15,100.0,True,283.28700000000003,1.9550999999999998,0.8735823205673668,True,0.5846153846153846
RL_GEOMEAN_0156,RL_GEOMEAN,C=CC(=O)N1Cc2cccc(CNc3cncc(C#N)c3)c2C1,C22,0.9301337003707886,0.9301337003707886,0.8143888711929321,1.2385590076446533,0.0,23,1.0364710092544556,1.8498084545135498,1.8879319393187899,25.277611547736797,True,1,18,100.0,True,304.35300000000007,2.59358,0.8815349614622013,True,0.375
RL_GEOMEAN_0158,RL_GEOMEAN,C=CC(=O)N1Cc2cccc(C(=O)Nc3cc(Cl)ccn3)c2C1,C21,0.9787910580635071,0.9787910580635071,0.8282091021537781,1.232564091682434,0.0,23,0.7235162854194641,1.339218020439148,1.9629312205220024,50.31552885777529,True,4,17,100.0,True,327.7710000000001,3.015500000000001,0.8814061669751618,True,0.5588235294117647
RL_GEOMEAN_0159,RL_GEOMEAN,C=CC(=O)N1Cc2cccc(C(=O)Nc3cncc(CC)c3)c2C1,C25,0.9432942271232605,0.9432942271232605,0.8245304226875305,0.990574300289154,0.0,24,1.09611177444458,1.8729007244110107,1.9474205709604695,62.680576060384,True,2,19,91.66666666666667,True,321.3800000000001,2.924500000000001,0.8808105779130944,True,0.5352112676056338
RL_GEOMEAN_0160,RL_GEOMEAN,C=CC(=O)N1Cc2cccc(C(=O)Nc3coc(N)c3)c2C1,C21,0.9466712474822998,0.9466712474822998,0.8205005526542664,1.163222312927246,0.0,22,1.000835657119751,1.7665358781814575,1.9746081681690668,0.2113328332118556,True,2,16,95.45454545454545,True,297.3140000000001,2.1422999999999996,0.8494845373042006,True,0.4788732394366197
RL_GEOMEAN_0161,RL_GEOMEAN,C=CC(=O)N1Cc2cccc(C(=O)Nc3cc[nH]n3)c2C1,C20,0.9813449382781982,0.9813449382781982,0.8318597674369812,1.1091575622558594,0.0,21,0.6438044905662537,1.284281849861145,1.9744869197085075,56.446626207513674,True,4,15,100.0,True,282.30300000000005,1.6901999999999997,0.8408613031625436,True,0.5606060606060606
RL_GEOMEAN_0162,RL_GEOMEAN,C=CC(=O)N1Cc2cccc(C(=O)Nc3ccc(N)cc3)c2C1,C22,0.946257472038269,0.946257472038269,0.8270525932312012,1.1803580522537231,0.0,23,1.1712095737457275,1.9038090705871582,1.4425353669841172,37.665289666889066,True,2,18,86.95652173913044,True,307.35300000000007,2.5493000000000006,0.6756802266217073,True,0.5151515151515151
RL_GEOMEAN_0163,RL_GEOMEAN,C=CC(=O)N1Cc2cccc(C(=O)Nc3ncn(C)c3C)c2C1,C24,0.9759159088134766,0.9759159088134766,0.8431218266487122,1.207545518875122,0.0,23,0.75971519947052,1.4032130241394043,1.9337566091160476,47.851653809613026,True,3,17,100.0,True,310.3570000000001,2.0090199999999996,0.8818953750253351,True,0.5588235294117647
RL_GEOMEAN_0164,RL_GEOMEAN,C=CC(=O)N1Cc2cccc(C(=O)N(C)CC)c2C1,C23,0.9495258331298828,0.9495258331298828,0.8352829217910767,0.8488523960113525,0.0,19,1.170668125152588,1.8731330633163452,1.7773212655285482,38.952305613507946,True,2,15,89.47368421052632,True,258.32099999999997,1.8067,0.7757404032390574,True,0.4626865671641791
RL_GEOMEAN_0165,RL_GEOMEAN,C=CC(=O)N1Cc2cccc(C(=O)Nc3cncc(Br)c3)c2C1,C21,0.9413099884986877,0.9413099884986877,0.8202857375144958,1.1886895895004272,0.0,23,1.2136558294296265,1.8953930139541626,1.9810972094523787,34.259495892642974,True,2,17,91.30434782608695,True,372.22200000000004,3.124600000000001,0.8425888850384325,True,0.5142857142857142
RL_GEOMEAN_0166,RL_GEOMEAN,C=CC(=O)N1Cc2cccc(C(=O)Nc3cc(CC)ccc3C)c2C1,C27,0.827724039554596,0.827724039554596,0.7765740752220154,1.3265275955200195,0.0,25,3.45924711227417,4.628769397735596,1.9638466956715357,39.77461852841782,True,0,21,88.0,True,334.4190000000001,3.837920000000002,0.8638319514849255,True,0.5
RL_GEOMEAN_0167,RL_GEOMEAN,C=CC(=O)N1Cc2cccc(C(=O)Nc3ccc(Br)cn3)c2C1,C21,0.9634020328521729,0.9634020328521729,0.814971923828125,1.2206425666809082,0.0,23,0.9061389565467834,1.7084615230560303,1.4057920450052355,17.063944941098214,True,3,16,100.0,True,372.2220000000001,3.124600000000001,0.8425888850384324,True,0.6153846153846154
RL_GEOMEAN_0168,RL_GEOMEAN,C=CC(=O)N1Cc2cccc(C(=O)Nc3cnc(C)s3)c2C1,C22,0.9264153242111206,0.9264153242111206,0.8375175595283508,1.0614923238754272,0.0,22,1.570669174194336,2.2737886905670166,1.7482698790232603,34.594323923221026,True,2,16,95.45454545454545,True,313.38200000000006,2.7320200000000012,0.8863222832831174,True,0.5588235294117647
RL_GEOMEAN_0169,RL_GEOMEAN,C=CC(=O)N1Cc2cncc(C(=O)Nc3cccnc3)c2C1,C21,0.9327380061149597,0.9327380061149597,0.8217573165893555,1.2283823490142822,0.0,22,1.2183862924575806,2.1300241947174072,1.9381757817339471,22.126424291106304,True,2,16,100.0,True,294.3140000000001,1.7570999999999999,0.8752024869238412,True,0.4305555555555556
RL_GEOMEAN_0170,RL_GEOMEAN,C=CC(=O)Nc1cccc(C(=O)Nc2cn(-c3cnccn3)cn2)c1,C22,0.9531080722808838,0.9531080722808838,0.8230722546577454,1.04276442527771,0.0,25,0.8888118267059326,1.6341441869735718,1.3057909120146292,26.259605964522848,True,4,17,92.0,True,334.339,2.0390999999999995,0.6952815765992573,True,0.27058823529411763
RL_GEOMEAN_0173,RL_GEOMEAN,C=CC(=O)N1Cc2cccc(Cl)c2C1,C14,0.8903337717056274,0.8903337717056274,0.8258625864982605,1.2095613479614258,0.0,14,2.1328349113464355,3.2148091793060303,1.2794102162324643,3.1032099505404176,True,0,10,92.85714285714286,True,207.65999999999997,2.3682,0.6478642399958788,True,0.4126984126984127
RL_GEOMEAN_0172,RL_GEOMEAN,C=CC(=O)N1Cc2cccc(C(=O)c3ccccc3)c2C1,C20,0.8964627981185913,0.8964627981185913,0.7993339896202087,1.2415128946304321,0.0,21,2.0027108192443848,2.858625650405884,1.9643487259903698,21.037353667242826,True,1,17,80.95238095238095,True,277.32300000000004,2.945800000000001,0.6387051232036596,True,0.4461538461538462
RL_GEOMEAN_0171,RL_GEOMEAN,C=CC(=O)N1Cc2cccc(C(=O)Nc3cccc(Cc4cncc(Cl)c4)c3)c2C1,C27,0.8795986771583557,0.8795986771583557,0.8133237957954407,1.218976378440857,0.0,30,1.5838515758514404,2.7280397415161133,1.5615103615090113,28.77030066927054,True,3,21,86.66666666666667,True,417.89600000000013,4.606300000000004,0.6166035940187142,True,0.47435897435897434
RL_GEOMEAN_0174,RL_GEOMEAN,C=CC(=O)N1Cc2cccc(C(=O)Nc3cnc(N)cn3)c2C1,C22,0.966936469078064,0.966936469078064,0.8277640342712402,1.2407211065292358,0.0,23,0.8974429965019226,1.5533658266067505,1.9622789758084846,52.06036267589809,True,5,16,100.0,True,309.32900000000006,1.3392999999999997,0.8331504333026278,True,0.6935483870967742
RL_GEOMEAN_0175,RL_GEOMEAN,C=CC(=O)N1Cc2cccc(C(=O)Nc3ccn(-c4ccccc4)c3)c2C1,C24,0.9429994821548462,0.9429994821548462,0.8139768838882446,1.0538901090621948,0.0,27,1.333524465560913,2.0675668716430664,1.4761405915088166,37.361046194131575,True,2,22,92.5925925925926,True,357.41300000000007,3.7578000000000022,0.7230655975088576,True,0.49295774647887325
RL_GEOMEAN_0176,RL_GEOMEAN,C=CC(=O)N1Cc2cccc(C(=O)Nc3cc(C)ccn3)c2C1,C23,0.9755998849868774,0.9755998849868774,0.8385346531867981,1.1954009532928467,0.0,23,0.7702886462211609,1.3967230319976807,1.9728888209171846,47.841404960401434,True,4,18,95.65217391304348,True,307.35300000000007,2.6705200000000007,0.8868160395214717,True,0.582089552238806
RL_GEOMEAN_0177,RL_GEOMEAN,C=CC(=O)N1Cc2cccc(C(=O)Nc3ccn(-c4cncc(Br)c4)c3)c2C1,C24,0.931121289730072,0.931121289730072,0.8285087943077087,1.1961302757263184,0.0,28,0.987751305103302,1.866876482963562,1.3989129249527992,49.21468855535829,True,3,19,85.71428571428571,True,437.2970000000001,3.915300000000002,0.6297747476607861,True,0.47435897435897434
RL_GEOMEAN_0178,RL_GEOMEAN,C=CC(=O)N1Cc2cccc(C(=O)Nc3cccc(C(C)(C)F)c3)c2C1,C27,0.9656393527984619,0.9656393527984619,0.8237854242324829,1.2982330322265625,0.0,26,0.9339728355407715,1.6453020572662354,1.9816271428046186,61.63550603010205,True,2,21,80.76923076923077,True,352.4090000000001,4.171700000000003,0.8397279278870438,True,0.4861111111111111
RL_GEOMEAN_0179,RL_GEOMEAN,C=CC(=O)N1Cc2cccc(C(=O)Nc3cncc(C(F)(F)F)c3)c2C1,C23,0.9405043721199036,0.9405043721199036,0.8357192873954773,1.1225191354751587,0.0,26,1.1312893629074097,1.9090263843536377,1.9117378670989371,37.57416626423796,True,1,18,88.46153846153847,True,361.32300000000004,3.3809000000000013,0.8528476006430891,True,0.4931506849315068
RL_GEOMEAN_0180,RL_GEOMEAN,C=CC(=O)N1Cc2cccc(C(=O)Nc3cccc(C)n3)c2C1,C23,0.9414176344871521,0.9414176344871521,0.8386210799217224,0.9404722452163696,0.0,23,1.2775686979293823,1.9677231311798096,1.545509521064172,25.368423670501244,True,1,17,95.65217391304348,True,307.35300000000007,2.6705200000000007,0.8868160395214717,True,0.5846153846153846
RL_GEOMEAN_0181,RL_GEOMEAN,C=CC(=O)N1Cc2cccc(C(=O)Nc3cnc(C)cc3F)c2C1,C23,0.9256178140640259,0.9256178140640259,0.819554328918457,1.1845566034317017,0.0,24,1.5211215019226074,2.2785847187042236,1.947607290754479,64.07522990835369,True,0,18,95.83333333333333,True,325.3430000000001,2.8096200000000007,0.8828130082065978,True,0.5571428571428572
RL_GEOMEAN_0182,RL_GEOMEAN,C=CC(=O)N1Cc2cccc(C(=O)Nc3ccccc3N)c2C1,C22,0.926904559135437,0.926904559135437,0.8230510950088501,0.9938814043998718,0.0,23,1.6355048418045044,2.3512234687805176,1.9806949766685435,32.3591361264391,True,2,18,100.0,True,307.3530000000001,2.5493000000000006,0.6756802266217073,True,0.5074626865671642
RL_GEOMEAN_0183,RL_GEOMEAN,C=CC(=O)N1Cc2cccc(C(=O)Nc3c[nH]c4cccc(O)c34)c2C1,C23,0.9380848407745361,0.9380848407745361,0.8267185091972351,1.2055937051773071,0.0,26,1.1218187808990479,2.001847982406616,1.941149494835471,47.259317174340396,True,4,20,92.3076923076923,True,347.37400000000014,3.154000000000001,0.6363346798787664,True,0.4594594594594595
RL_GEOMEAN_0184,RL_GEOMEAN,C=CC(=O)N1Cc2cccc(C(=O)Nc3cc(CC)n(C)c3)c2C1,C26,0.9613354206085205,0.9613354206085205,0.834166944026947,1.050866723060608,0.0,24,0.9134968519210815,1.6863690614700317,1.7419294476241005,36.174246775405805,True,0,18,100.0,True,323.3960000000001,2.868000000000001,0.8797607895164047,True,0.5428571428571428
RL_GEOMEAN_0185,RL_GEOMEAN,C=CC(=O)N1Cc2cccc(C(=O)c3cnc[nH]3)c2C1,C19,0.9697341322898865,0.9697341322898865,0.8569290041923523,0.8630697131156921,0.0,20,0.8012880086898804,1.3795415163040161,1.6618932539125348,18.130627170465687,True,2,14,90.0,True,267.288,1.6688999999999998,0.6791971665191731,True,0.44285714285714284
RL_GEOMEAN_0186,RL_GEOMEAN,C=CC(=O)N1Cc2cccc(C(=O)Nc3cnccc3F)c2C1,C21,0.9680399894714355,0.9680399894714355,0.8439276814460754,1.04868745803833,0.0,23,0.8927245736122131,1.5053311586380005,1.9479878337402412,46.28598082876991,True,1,17,91.30434782608695,True,311.3160000000001,2.5012000000000008,0.8859722447915646,True,0.5362318840579711
RL_GEOMEAN_0187,RL_GEOMEAN,C=CC(=O)N1Cc2cccc(C(N)c3cnccc3C)c2C1,C23,0.8951563239097595,0.8951563239097595,0.8126415610313416,1.2301548719406128,0.0,22,1.7623815536499023,2.820359945297241,1.0704057395679474,17.365196739214994,True,1,17,90.9090909090909,True,293.37000000000006,2.4663200000000005,0.8844016787770604,True,0.40540540540540543
RL_GEOMEAN_0188,RL_GEOMEAN,C=CC(=O)N1Cc2cccc(C(=O)Nc3nc(C)[nH]c3Cl)c2C1,C22,0.9000078439712524,0.9000078439712524,0.8217286467552185,1.0657362937927246,0.0,23,1.964855670928955,2.7408366203308105,1.9494954495458563,51.56659380169995,True,2,16,86.95652173913044,True,330.77500000000003,2.6520200000000003,0.8491836586613479,True,0.5
RL_GEOMEAN_0189,RL_GEOMEAN,C=CC(=O)N1Cc2cccc(C(=O)Nc3cncc(N)c3)c2C1,C22,0.928039014339447,0.928039014339447,0.8168649077415466,1.1580305099487305,0.0,23,1.3329256772994995,2.0814709663391113,1.9642391358996962,38.430541656482234,True,1,17,91.30434782608695,True,308.34100000000007,1.9443,0.8482127507698695,True,0.5142857142857142
RL_GEOMEAN_0190,RL_GEOMEAN,C=CC(=O)N1Cc2cccc(C(=O)Nc3ccc(S(N)(=O)=O)cc3)c2C1,C24,0.9564411044120789,0.9564411044120789,0.8411900401115417,1.1847128868103027,0.0,26,0.9314451813697815,1.7037895917892456,1.546058801242694,19.046283210445438,True,2,18,84.61538461538461,True,371.4180000000001,1.6144999999999998,0.7958106683248045,True,0.4857142857142857
RL_GEOMEAN_0191,RL_GEOMEAN,C=CC(=O)N1Cc2cccc(C(=O)Nc3ccc4ncccc4c3)c2C1,C23,0.9336305260658264,0.9336305260658264,0.8211373686790466,1.2139747142791748,0.0,26,0.9859704971313477,1.7755316495895386,1.8593612740400942,38.915484455578536,True,1,20,96.15384615384616,True,343.3860000000001,3.5153000000000016,0.7403347360442736,True,0.4931506849315068
RL_GEOMEAN_0192,RL_GEOMEAN,C=CC(=O)N1Cc2cccc(C(=O)c3cnco3)c2C1,C19,0.9594560861587524,0.9594560861587524,0.832522988319397,0.9281231760978699,0.0,20,0.9791969656944275,1.6633895635604858,1.9644746932958947,33.647040171508934,True,2,15,90.0,True,268.272,1.9338,0.6300254678945695,True,0.44285714285714284
RL_GEOMEAN_0193,RL_GEOMEAN,C=CC(=O)N1Cc2cccc(C(=O)Nc3ccnc(C(F)(F)F)c3)c2C1,C23,0.9257869124412537,0.9257869124412537,0.8326897621154785,1.191436767578125,0.0,26,1.474682331085205,2.302973747253418,1.9502087355460178,47.471187847376996,True,2,18,92.3076923076923,True,361.32300000000004,3.3809000000000013,0.8528476006430891,True,0.4931506849315068
RL_GEOMEAN_0194,RL_GEOMEAN,C=CC(=O)N1Cc2cccc(C(=O)Nc3ncc(Br)o3)c2C1,C20,0.9793494939804077,0.9793494939804077,0.8343607783317566,1.0543451309204102,0.0,22,0.7302853465080261,1.3411742448806763,1.617402412202974,3.603582748446456,True,4,14,100.0,True,362.18300000000005,2.717600000000001,0.8523727396645523,True,0.5362318840579711
RL_GEOMEAN_0195,RL_GEOMEAN,C=CC(=O)N1Cc2cccc(C(=O)Nc3cncc(O)c3)c2C1,C22,0.9467887282371521,0.9467887282371521,0.8273127675056458,0.990570604801178,0.0,23,1.1415314674377441,1.8226057291030884,1.9394350773872275,37.31234761762897,True,2,17,91.30434782608695,True,309.32500000000005,2.0676999999999994,0.850334494368466,True,0.5217391304347826
RL_GEOMEAN_0196,RL_GEOMEAN,C=CC(=O)N1Cc2cccc(C(=O)NCc3cccc(C)n3)c2C1,C25,0.8708918690681458,0.8708918690681458,0.7921667695045471,1.1956599950790405,0.0,24,2.6247572898864746,3.4288318157196045,1.8955903799344427,49.360641503001716,True,2,18,95.83333333333333,True,321.3800000000001,2.3482200000000004,0.8793861231854465,True,0.49295774647887325
RL_GEOMEAN_0197,RL_GEOMEAN,C=CC(=O)N1Cc2cccc(C(=O)Nc3cc(OC)n(C)c3)c2C1,C25,0.9418179988861084,0.9418179988861084,0.821701169013977,1.1535871028900146,0.0,24,1.2588109970092773,1.9622156620025635,1.9392158892191453,45.380199876781035,True,1,18,95.83333333333333,True,325.36800000000005,2.3142000000000005,0.8775675658430291,True,0.5211267605633803
RL_GEOMEAN_0198,RL_GEOMEAN,C=CC(=O)N1C(C(=O)Nc2ccc(C)cc2)C1c1cccc(C)c1,C25,0.7594771385192871,0.7594771385192871,0.7737528085708618,1.3559681177139282,0.0,24,4.368237018585205,6.089640140533447,1.9381463394439546,55.21126972944751,True,1,18,79.16666666666667,True,320.39200000000005,3.380040000000002,0.693346593039777,True,0.2345679012345679
RL_GEOMEAN_0199,RL_GEOMEAN,C=CC(=O)N1Cc2cccc(C(=O)Nc3cnoc3)c2C1,C20,0.9224690198898315,0.9224690198898315,0.8303816914558411,1.1163394451141357,0.0,21,1.6166974306106567,2.4037017822265625,1.9443486276642885,67.69157869444885,True,3,14,95.23809523809524,True,283.28700000000003,1.9550999999999998,0.8735823205673668,True,0.5294117647058824
RL_GEOMEAN_0200,RL_GEOMEAN,C=CC(=O)N1Cc2cccc(C(=O)Nc3cnc(C(C)C)s3)c2C1,C26,0.909807562828064,0.909807562828064,0.8190069198608398,1.1691941022872925,0.0,24,1.810139775276184,2.66044545173645,1.7735274126440799,46.81528868195258,True,3,18,95.83333333333333,True,341.4360000000001,3.5470000000000015,0.8652406909721915,True,0.6029411764705882
RL_GEOMEAN_0201,RL_GEOMEAN,C=CC(=O)N1Cc2cccc(C(=O)Cc3cncnc3)c2C1,C22,0.9225125312805176,0.9225125312805176,0.8057848215103149,1.2457815408706665,0.0,22,1.4824860095977783,2.2732532024383545,1.9376543610252077,53.43442592827111,True,2,17,90.9090909090909,True,293.326,1.9302,0.6380689085793844,True,0.463768115942029
RL_GEOMEAN_0202,RL_GEOMEAN,C=CC(=O)N1Cc2cccc(Cc3ccccc3)c2C1,C20,0.8878837823867798,0.8878837823867798,0.7960918545722961,1.3167980909347534,0.0,20,2.1970126628875732,3.175426721572876,1.1365507765603784,35.27298928945959,True,0,18,100.0,True,263.34000000000003,3.305600000000002,0.7779999616894744,True,0.39705882352941174
RL_GEOMEAN_0203,RL_GEOMEAN,C=CC(=O)N1Cc2cccc(CC(=O)c3cccs3)c2C1,C21,0.9572193026542664,0.9572193026542664,0.8305927515029907,1.12323796749115,0.0,21,1.0394400358200073,1.7414443492889404,1.1726960599405112,15.218417093996948,True,3,16,95.23809523809524,True,297.379,3.2017000000000015,0.6417437035946174,True,0.36486486486486486
RL_GEOMEAN_0204,RL_GEOMEAN,C=CC(=O)N1Cc2cccc(C(=O)Nc3cn(-c4cc(C(N)=O)ccn4)cn3)c2C1,C27,0.9699479937553406,0.9699479937553406,0.8231332898139954,1.2367031574249268,0.0,30,0.8491352796554565,1.5034310817718506,1.7937994583843535,19.71072976072638,True,6,21,100.0,True,402.41400000000016,1.6466999999999998,0.6282804115383036,True,0.5
RL_GEOMEAN_0205,RL_GEOMEAN,C=CC(=O)N1Cc2cccc(C(=O)Nc3cn4cc(F)ccc4n3)c2C1,C22,0.9526194930076599,0.9526194930076599,0.8249840140342712,1.173012137413025,0.0,26,1.0569748878479004,1.7785555124282837,1.9722280593785293,50.91593300508319,True,3,19,96.15384615384616,True,350.3530000000001,2.7539000000000007,0.7388428714493324,True,0.5492957746478874
RL_GEOMEAN_0206,RL_GEOMEAN,C=CC(=O)N1Cc2ccc(C(=O)Nc3ccncc3)cc2C1,C21,0.9220784902572632,0.9220784902572632,0.8140587210655212,1.2248183488845825,0.0,22,1.2631504535675049,2.2455332279205322,1.936393745987624,63.81339791031678,True,1,17,90.9090909090909,True,293.3260000000001,2.3621,0.8836717841297176,True,0.3287671232876712
RL_GEOMEAN_0207,RL_GEOMEAN,C=CC(=O)N1Cc2ccc(C(=O)Nc3ccccc3)cc2C1,C21,0.870977520942688,0.870977520942688,0.7922317385673523,1.260237455368042,0.0,22,2.32755446434021,3.4287688732147217,1.911900232883502,51.85985636734392,True,1,18,86.36363636363636,True,292.3380000000001,2.967100000000001,0.8841892521441642,True,0.3380281690140845
RL_GEOMEAN_0208,RL_GEOMEAN,C=CC(=O)N1Cc2cccc(C(=O)c3cccc(O)c3)c2C1,C21,0.9132697582244873,0.9132697582244873,0.8084343075752258,1.3249157667160034,0.0,22,1.7369555234909058,2.5355145931243896,1.9145918005151923,25.686772606001114,True,1,18,90.9090909090909,True,293.32200000000006,2.6514000000000006,0.6989023973554914,True,0.42028985507246375
RL_GEOMEAN_0209,RL_GEOMEAN,C=CC(=O)N1Cc2cccc(C(=O)Nc3cccc(Br)c3)c2C1,C21,0.9353306889533997,0.9353306889533997,0.8086937069892883,1.1752033233642578,0.0,23,1.4941215515136719,2.1871933937072754,1.5947748969682212,40.55501166530104,True,3,18,95.65217391304348,True,371.2340000000001,3.7296000000000022,0.8363382616350895,True,0.5
RL_GEOMEAN_0210,RL_GEOMEAN,C=CC(=O)N1Cc2cccc(C(=O)Nc3ccc(OC)cn3)c2C1,C24,0.9669553637504578,0.9669553637504578,0.833366334438324,1.2119868993759155,0.0,24,0.887222170829773,1.5637263059616089,1.5756444327322083,3.6234841619650098,True,4,18,100.0,True,323.3520000000001,2.3707000000000003,0.8769816511096474,True,0.6119402985074627
RL_GEOMEAN_0211,RL_GEOMEAN,C=CC(=O)N1Cc2cncc(C(=O)Nc3c[nH]nc3C)c2C1,C22,0.9374751448631287,0.9374751448631287,0.8292733430862427,1.1915438175201416,0.0,22,1.086940884590149,1.975286602973938,1.6930203228845204,1.3075482952785507,True,5,15,100.0,True,297.31800000000015,1.3936199999999999,0.8376240462048035,True,0.39473684210526316
RL_GEOMEAN_0212,RL_GEOMEAN,C=CC(=O)N1Cc2cccc(C(O)Nc3cncs3)c2C1,C21,0.9443157315254211,0.9443157315254211,0.8356572985649109,1.098921775817871,0.0,21,1.2693355083465576,1.9783368110656738,1.8853371549937672,38.1046872623223,True,1,15,90.47619047619048,True,301.3710000000001,2.2743,0.6714608837964833,True,0.39473684210526316
RL_GEOMEAN_0213,RL_GEOMEAN,C=CC(=O)N1Cc2ccc(C(=O)Nc3cc(C)oc3C)cc2C1,C24,0.8471702933311462,0.8471702933311462,0.7920103073120117,1.2783764600753784,0.0,23,2.6002492904663086,3.860474109649658,1.9174058721616547,46.01494155640586,True,0,18,91.30434782608695,True,310.35300000000007,3.176940000000002,0.8856967261679184,True,0.3116883116883117
RL_GEOMEAN_0214,RL_GEOMEAN,C=CC(=O)N1Cc2cccc(C(=O)Nc3ccc([N+](=O)[O-])s3)c2C1,C21,0.9359687566757202,0.9359687566757202,0.8204933404922485,1.1774659156799316,0.0,24,1.3536261320114136,2.030252695083618,1.9451260659916094,49.61895470465467,True,1,16,95.83333333333333,True,343.3640000000001,2.9368000000000007,0.524649426718824,True,0.4657534246575342
RL_GEOMEAN_0215,RL_GEOMEAN,C=CC(=O)N1Cc2cccc(C(=O)Nc3cnccc3Br)c2C1,C21,0.9376752376556396,0.9376752376556396,0.8248838782310486,1.0983116626739502,0.0,23,1.2125489711761475,2.0859012603759766,1.778821085691307,35.970575325186985,True,2,16,91.30434782608695,True,372.2220000000001,3.124600000000001,0.8425888850384324,True,0.5142857142857142
RL_GEOMEAN_0216,RL_GEOMEAN,C=CC(=O)N1Cc2cccc(C(=O)Nc3ccc4cnccc4c3)c2C1,C23,0.8912295699119568,0.8912295699119568,0.7917038202285767,1.2764393091201782,0.0,26,1.4618170261383057,2.624664306640625,1.9657933882786356,29.634122240637367,True,1,21,96.15384615384616,True,343.3860000000001,3.5153000000000016,0.7403347360442736,True,0.4931506849315068
RL_GEOMEAN_0217,RL_GEOMEAN,C=CC(=O)N1CCc2cccc(C(=O)Nc3cccnc3)c2C1,C23,0.9306039810180664,0.9306039810180664,0.8302204012870789,1.1456327438354492,0.0,23,1.2980189323425293,2.112729549407959,1.9121873891697971,10.029560834734482,True,1,18,100.0,True,307.35300000000007,2.4046000000000003,0.8857810006724167,True,0.4520547945205479
RL_GEOMEAN_0218,RL_GEOMEAN,C=CC(=O)N1Cc2cccc(Cc3cncn3-c3ncc(F)cn3)c2C1,C23,0.9456318020820618,0.9456318020820618,0.8177220225334167,1.124845266342163,0.0,26,1.1287955045700073,1.8710631132125854,1.9705157698937588,50.32461866224162,True,3,19,100.0,True,349.3690000000001,2.4204000000000008,0.6787967866717085,True,0.3924050632911392
RL_GEOMEAN_0219,RL_GEOMEAN,C=CC(=O)N1Cc2cccc(C(=O)Nc3ccc4cccc(C)c4c3)c2C1,C25,0.8652563691139221,0.8652563691139221,0.7854148745536804,1.2929012775421143,0.0,27,2.4073596000671387,3.6183536052703857,1.963278668477811,44.75759060549473,True,1,23,96.29629629629629,True,356.4250000000001,4.428720000000004,0.7059923294472592,True,0.4794520547945205
RL_GEOMEAN_0220,RL_GEOMEAN,C=CC(=O)N1Cc2cccc(C(=O)Nc3ccnc(Cl)c3)c2C1,C21,0.9259231090545654,0.9259231090545654,0.827156662940979,1.0812795162200928,0.0,23,1.4319688081741333,2.3178749084472656,1.68413003046083,42.580437511318195,True,2,17,100.0,True,327.7710000000001,3.015500000000001,0.695982382156622,True,0.5142857142857142
RL_GEOMEAN_0221,RL_GEOMEAN,C=CC(=O)N1Cc2ccc(C(=O)Nc3ncc[nH]3)cc2C1,C20,0.9520273208618164,0.9520273208618164,0.8325568437576294,1.0996124744415283,0.0,21,0.9957391023635864,1.695375680923462,1.4124469416583396,43.194338838359926,True,4,15,100.0,True,282.30300000000005,1.6902,0.8408613031625436,True,0.32894736842105265
RL_GEOMEAN_0222,RL_GEOMEAN,C=CC(=O)N1Cc2cccc(C(=O)Nc3ccc(O)cn3)c2C1,C22,0.9674317240715027,0.9674317240715027,0.8356024622917175,1.2191530466079712,0.0,23,0.8949376940727234,1.5596569776535034,1.835641389487609,41.625559936853705,True,4,17,100.0,True,309.32500000000005,2.0676999999999994,0.850334494368466,True,0.625
RL_GEOMEAN_0223,RL_GEOMEAN,C=CC(=O)N1Cc2cccc(C(=O)Nc3cncc4ccccc34)c2C1,C23,0.9473705291748047,0.9473705291748047,0.824188232421875,0.9777182936668396,0.0,26,0.9510328769683838,1.671250343322754,1.9721494735693843,34.912577356385526,True,3,20,96.15384615384616,True,343.3860000000001,3.5153000000000016,0.7403347360442736,True,0.5070422535211268
RL_GEOMEAN_0224,RL_GEOMEAN,C=CC(=O)N1Cc2cccc(C(=O)Nc3cc(N)ccn3)c2C1,C22,0.9789975881576538,0.9789975881576538,0.833519458770752,1.1564953327178955,0.0,23,0.7067133784294128,1.2806204557418823,1.4334073206873168,19.980725434827377,True,4,17,100.0,True,308.34100000000007,1.9443,0.8482127507698695,True,0.5588235294117647
RL_GEOMEAN_0225,RL_GEOMEAN,C=CC(=O)N1Cc2cccc(Cc3ccncc3)c2C1,C20,0.9191086292266846,0.9191086292266846,0.8122491836547852,1.1987444162368774,0.0,20,1.1547633409500122,2.129302501678467,1.8144186881202493,28.78431716380561,True,2,17,85.0,True,264.32800000000003,2.7006000000000006,0.7985561216089229,True,0.4
RL_GEOMEAN_0226,RL_GEOMEAN,C=CC(=O)N1Cc2cccc(C(=O)Nc3ccc(Br)cc3)c2C1,C21,0.8134060502052307,0.8134060502052307,0.761753499507904,1.3081610202789307,0.0,23,3.7275192737579346,4.8094305992126465,1.9296050136750784,3.323260850673691,True,1,17,91.30434782608695,True,371.2340000000001,3.7296000000000022,0.8363382616350895,True,0.5151515151515151
RL_GEOMEAN_0227,RL_GEOMEAN,C=CC(=O)N1Cc2cccc(C(=O)Nc3cccc(CN)c3)c2C1,C24,0.9395335912704468,0.9395335912704468,0.8373931050300598,1.1165330410003662,0.0,24,1.2793347835540771,2.052520275115967,1.9177447138761727,19.70605744051312,True,3,19,95.83333333333333,True,321.3800000000001,2.4258000000000006,0.8493057397722612,True,0.5
RL_GEOMEAN_0228,RL_GEOMEAN,C=CC(=O)N1Cc2cccc(C(=O)NC(C)C(C)C)c2C1,C27,0.9072250723838806,0.9072250723838806,0.8112074136734009,0.9623154997825623,0.0,21,1.940064787864685,2.8271327018737793,1.9357113760837386,51.43097939830227,True,2,17,90.47619047619048,True,286.37500000000006,2.4891000000000005,0.8645336461279557,True,0.546875
RL_GEOMEAN_0229,RL_GEOMEAN,C=CC(=O)N1CC2CC1Cc1c(C(=O)O)cccc12,C21,0.8497581481933594,0.8497581481933594,0.8023874163627625,0.9270878434181213,0.0,19,3.0630645751953125,4.170111179351807,1.9779070545149495,39.2728137772541,True,0,13,73.6842105263158,True,257.289,1.8114000000000001,0.8219861985604312,True,0.2597402597402597
RL_GEOMEAN_0230,RL_GEOMEAN,C=CC(=O)N1Cc2cccc(C(=O)Nc3cnc(SC)c(Cl)c3)c2C1,C24,0.8837493658065796,0.8837493658065796,0.7977833151817322,1.1635701656341553,0.0,25,2.1291110515594482,3.252122640609741,1.823080353851688,36.268863045573084,True,3,17,92.0,True,373.86500000000007,3.737400000000002,0.654725022312173,True,0.5135135135135135
RL_GEOMEAN_0231,RL_GEOMEAN,C=CC(=O)N1Cc2cccc(C(=O)Nc3cncc(C(C)NC)c3)c2C1,C28,0.9466546177864075,0.9466546177864075,0.844693660736084,0.9628121256828308,0.0,26,1.1834832429885864,1.862774133682251,1.897331021487814,45.11576451491544,True,2,20,96.15384615384616,True,350.4220000000001,2.642500000000001,0.8132151172418546,True,0.5342465753424658
RL_GEOMEAN_0232,RL_GEOMEAN,C=CC(=O)N1Cc2cccc(C(O)c3cccc(C(=O)O)c3)c2C1,C24,0.8466932773590088,0.8466932773590088,0.7986334562301636,1.2746481895446777,0.0,24,3.0223612785339355,4.31527853012085,1.9225950670903107,41.84354505666502,True,2,18,91.66666666666667,True,323.34800000000007,2.494700000000001,0.8475537716846308,True,0.36
RL_GEOMEAN_0233,RL_GEOMEAN,C=CC(=O)N1Cc2cccc(C(=O)Nc3ccc(F)c(F)c3)c2C1,C21,0.9024055600166321,0.9024055600166321,0.8064579963684082,1.067818522453308,0.0,24,2.048215866088867,2.8401758670806885,1.959879043129959,69.30528236914896,True,1,18,95.83333333333333,True,328.3180000000001,3.245300000000001,0.8795054369339124,True,0.5147058823529411
RL_GEOMEAN_0234,RL_GEOMEAN,C=CC(=O)N1Cc2ccc(C(=O)Nc3cccc(Br)c3)cc2C1,C21,0.7897899746894836,0.7897899746894836,0.7702245116233826,1.3056402206420898,0.0,23,3.8926119804382324,5.454556465148926,1.958354834293316,38.237777965862904,True,0,17,86.95652173913044,True,371.2340000000001,3.7296000000000022,0.8363382616350895,True,0.3333333333333333
RL_GEOMEAN_0235,RL_GEOMEAN,C=CC(=O)N1Cc2cccc(C(=O)Nc3nccc(C)n3)c2C1,C23,0.9755555391311646,0.9755555391311646,0.8362525105476379,1.1764713525772095,0.0,23,0.7522780299186707,1.380110740661621,1.9541738298831022,43.97513853215196,True,4,17,95.65217391304348,True,308.34100000000007,2.06552,0.8807803789001415,True,0.5362318840579711
RL_GEOMEAN_0236,RL_GEOMEAN,C=CC(=O)N1Cc2cccc(CNCC(N)CF)c2C1,C24,0.8441791534423828,0.8441791534423828,0.8110038638114929,1.2726662158966064,0.0,20,2.992767095565796,4.049245834350586,1.9695978580410793,52.24971606454969,True,2,15,100.0,True,277.343,1.1012,0.7656286407848171,True,0.38666666666666666
RL_GEOMEAN_0237,RL_GEOMEAN,C=CC(=O)N1Cc2cccc(CC(C)=O)c2C1,C20,0.9323936104774475,0.9323936104774475,0.8194884657859802,0.9340801239013672,0.0,17,1.339521050453186,2.249342679977417,1.9671717290313,58.976088416132484,True,0,14,82.3529411764706,True,229.27899999999994,1.8462999999999998,0.7416426792414732,True,0.42424242424242425
RL_GEOMEAN_0238,RL_GEOMEAN,C=CC(=O)N1Cc2cccc(C(=O)Nc3cn(-c4cccnc4)cn3)c2C1,C24,0.9740428924560547,0.9740428924560547,0.835197925567627,1.2151540517807007,0.0,27,0.7665392756462097,1.427044153213501,1.3125459857086903,10.396580924535456,True,3,20,100.0,True,359.38900000000007,2.5478000000000005,0.7261845443765501,True,0.547945205479452
RL_GEOMEAN_0239,RL_GEOMEAN,C=CC(=O)N1Cc2cccc(C(=O)NCCc3cc[nH]c3)c2C1,C24,0.9000539183616638,0.9000539183616638,0.8113794326782227,1.2421172857284546,0.0,23,2.025282382965088,2.8552701473236084,1.4672108834111082,41.49442720813255,True,0,18,82.6086956521739,True,309.369,2.0154,0.829927458036219,True,0.4657534246575342
RL_GEOMEAN_0240,RL_GEOMEAN,C=CC(=O)N1Cc2cccc(C(=O)Nc3ncc(OC)cn3)c2C1,C24,0.9611474871635437,0.9611474871635437,0.830744206905365,1.188555359840393,0.0,24,0.9994276762008667,1.7119324207305908,1.8869434408852845,57.748864109276354,True,4,17,95.83333333333333,True,324.3400000000001,1.7656999999999998,0.8664930037717502,True,0.5671641791044776
RL_GEOMEAN_0241,RL_GEOMEAN,C=CC(=O)N1Cc2cccc(C(=O)Nc3cn(C)c4ccc(OC)cc34)c2C1,C27,0.9458262324333191,0.9458262324333191,0.8136582374572754,1.117902398109436,0.0,28,1.0689060688018799,1.9795492887496948,1.5896600841689397,27.627938808859795,True,3,21,92.85714285714286,True,375.42800000000017,3.4674000000000023,0.7104758593336994,True,0.4805194805194805
RL_GEOMEAN_0242,RL_GEOMEAN,C=CC(=O)N1Cc2ccc(C(=O)Nc3cn(-c4ccccn4)cn3)cc2C1,C24,0.9543522596359253,0.9543522596359253,0.8162189722061157,1.061284065246582,0.0,27,0.8632587194442749,1.7355754375457764,1.8023539408784277,8.44482781871325,True,2,20,85.18518518518519,True,359.38900000000007,2.5478000000000005,0.7261845443765501,True,0.3625
RL_GEOMEAN_0244,RL_GEOMEAN,C=CC(=O)N1Cc2cccc(C(=O)c3cccc(CC)c3)c2C1,C24,0.8973789811134338,0.8973789811134338,0.8127614259719849,1.229706883430481,0.0,23,1.8254629373550415,2.815768003463745,1.546066883255702,4.303873242508303,True,2,20,95.65217391304348,True,305.37700000000007,3.508200000000002,0.6401347897829495,True,0.43661971830985913
RL_GEOMEAN_0243,RL_GEOMEAN,C=CC(=O)N1Cc2cccc(C(=O)N(c3ccccc3)c3ncc[nH]3)c2C1,C24,0.8965170383453369,0.8965170383453369,0.8110629916191101,1.187548279762268,0.0,27,1.7776687145233154,2.7407188415527344,1.9204304348765162,37.71612283149139,True,2,20,88.88888888888889,True,358.40100000000007,3.416400000000001,0.7267625041514618,True,0.4025974025974026
RL_GEOMEAN_0245,RL_GEOMEAN,C=CC(=O)N1Cc2cccc(C(=O)Nc3cncc(C(F)F)c3)c2C1,C23,0.9480283260345459,0.9480283260345459,0.8296917080879211,1.1375216245651245,0.0,25,0.9996454119682312,1.7322280406951904,1.9455136306127518,59.244435210384125,True,1,18,88.0,True,343.333,3.2997000000000014,0.8666576744040955,True,0.5138888888888888
RL_GEOMEAN_0246,RL_GEOMEAN,C=CC(=O)N1Cc2cccc(C(=O)Nc3nc[nH]n3)c2C1,C20,0.9775757789611816,0.9775757789611816,0.8445688486099243,1.0928950309753418,0.0,21,0.7431604862213135,1.3383293151855469,1.7408861901054868,51.2114262124108,True,5,14,95.23809523809524,True,283.29100000000005,1.0851999999999997,0.8247259759704042,True,0.5373134328358209
RL_GEOMEAN_0247,RL_GEOMEAN,C=CC(=O)N1Cc2cccc(C(=O)Nc3cncc(C)n3)c2C1,C23,0.9302808046340942,0.9302808046340942,0.8248602151870728,1.0562005043029785,0.0,23,1.440039873123169,2.1789631843566895,1.9337455502469805,39.076878341215405,True,2,17,95.65217391304348,True,308.34100000000007,2.06552,0.8807803789001415,True,0.582089552238806
RL_GEOMEAN_0248,RL_GEOMEAN,C=CC(=O)N1Cc2cccc(-c3cccnc3)c2C1,C18,0.9627315402030945,0.9627315402030945,0.8485908508300781,0.9818152785301208,0.0,19,0.8659642338752747,1.5400340557098389,1.9286470794315889,36.61103994514687,True,1,16,84.21052631578948,True,250.301,2.7768000000000006,0.7677881385002331,True,0.4057971014492754
RL_GEOMEAN_0249,RL_GEOMEAN,C=CC(=O)N1Cc2cccc(C(=O)Nc3cccn3C)c2C1,C22,0.9612404108047485,0.9612404108047485,0.8317500352859497,0.8022336363792419,0.0,22,0.9372995495796204,1.511602759361267,1.7419670816924167,26.212047480517498,True,1,17,95.45454545454545,True,295.3420000000001,2.3056,0.8834480566321101,True,0.5454545454545454
RL_GEOMEAN_0250,RL_GEOMEAN,C=CC(=O)N1Cc2cccc(C(=O)Nc3coc(C)c3)c2C1,C22,0.9320396184921265,0.9320396184921265,0.8193286061286926,1.1397901773452759,0.0,22,1.4586586952209473,2.1384878158569336,1.95573067621797,41.01333909738875,True,2,17,90.9090909090909,True,296.326,2.868520000000001,0.8858535021061901,True,0.5
RL_GEOMEAN_0251,RL_GEOMEAN,C=CC(=O)N1Cc2cccc(C(=O)Nc3ccc(C)[nH]3)c2C1,C22,0.9301076531410217,0.9301076531410217,0.8381492495536804,1.0389713048934937,0.0,22,1.3505886793136597,2.2255029678344727,1.8071669907067247,29.83152104289394,True,1,17,90.9090909090909,True,295.34200000000004,2.6036200000000003,0.8548390961798438,True,0.5373134328358209
RL_GEOMEAN_0252,RL_GEOMEAN,C=CC(=O)N1Cc2cccc(C(=O)N=C(N)c3ccncc3)c2C1,C24,0.9559675455093384,0.9559675455093384,0.8428675532341003,1.2267240285873413,0.0,24,1.0516290664672852,1.7244744300842285,1.0949416435134796,33.074195865033005,True,2,18,91.66666666666667,True,320.35200000000003,1.6555,0.528974455687348,True,0.40540540540540543
RL_GEOMEAN_0253,RL_GEOMEAN,C=CC(=O)N1Cc2cccc(C(=O)Nc3conc3C)c2C1,C22,0.913397490978241,0.913397490978241,0.8087329268455505,1.206567645072937,0.0,22,1.7320921421051025,2.5609424114227295,1.8671774014270863,36.21414667516322,True,3,15,100.0,True,297.3140000000001,2.2635199999999998,0.8817436249225079,True,0.5142857142857142
RL_GEOMEAN_0254,RL_GEOMEAN,C=CC(=O)N1Cc2cccc(C(=O)Nc3cc(Br)cc(O)n3)c2C1,C22,0.9006288647651672,0.9006288647651672,0.7990410923957825,1.2064226865768433,0.0,24,1.9016796350479126,2.797102928161621,1.9414957976261478,47.316181107797235,True,4,16,95.83333333333333,True,388.2210000000001,2.8302000000000005,0.7927323618040245,True,0.5285714285714286
RL_GEOMEAN_0255,RL_GEOMEAN,C=CC(=O)N1Cc2cccc(C(=O)Nc3cn(-c4ccnnc4)cn3)c2C1,C24,0.9719229340553284,0.9719229340553284,0.8347417116165161,1.2295643091201782,0.0,27,0.7892259359359741,1.4961968660354614,1.643321169491831,25.38694492489833,True,4,19,100.0,True,360.37700000000007,1.9427999999999999,0.7179480940048062,True,0.547945205479452
RL_GEOMEAN_0256,RL_GEOMEAN,C=CC(=O)N1CCC(Nc2cccc(C(=C)C)c2)=N1,C22,0.819368302822113,0.819368302822113,0.7816693782806396,1.2762409448623657,0.0,19,3.5140254497528076,4.742674827575684,1.969410229738838,36.92331736744427,True,2,15,78.94736842105263,True,255.321,2.8634000000000013,0.8440049440554854,True,0.23170731707317074
RL_GEOMEAN_0257,RL_GEOMEAN,C=CC(=O)N1Cc2cccc(C(=O)Nc3cnc(O)cn3)c2C1,C22,0.9641130566596985,0.9641130566596985,0.8284977078437805,1.2017474174499512,0.0,23,0.9659662246704102,1.642796516418457,1.9701831661294873,54.04780116697762,True,3,16,95.65217391304348,True,310.31300000000005,1.4626999999999997,0.8368999021718454,True,0.6774193548387096
RL_GEOMEAN_0258,RL_GEOMEAN,C=CC(=O)N1Cc2cccc(C(=O)N[C@H](C)c3ccccc3)c2C1,C25,0.8277462124824524,0.8277462124824524,0.7910496592521667,1.2216914892196655,0.0,24,3.372549533843994,4.604509353637695,1.647923245299975,64.63124438949842,True,2,20,91.66666666666667,True,320.39200000000005,3.2058000000000018,0.8795573069944539,True,0.5223880597014925
RL_GEOMEAN_0259,RL_GEOMEAN,C=CC(=O)N1Cc2cccc(C[C@H](O)c3cccc(O)c3)c2C1,C24,0.8755338788032532,0.8755338788032532,0.802601158618927,1.3148398399353027,0.0,23,2.6588408946990967,3.3468408584594727,1.6824823719135982,4.4320665373059,True,3,19,95.65217391304348,True,309.36500000000007,2.6965000000000012,0.8537387184639198,True,0.37333333333333335
RL_GEOMEAN_0260,RL_GEOMEAN,C=CC(=O)N1Cc2cccc(C(=O)Nc3nc(C)cs3)c2C1,C22,0.9647472500801086,0.9647472500801086,0.8292417526245117,1.2003425359725952,0.0,22,0.9688186049461365,1.616965413093567,1.9517854445865706,53.30079790018411,True,4,16,95.45454545454545,True,313.38200000000006,2.7320200000000012,0.8863222832831174,True,0.5142857142857142
RL_GEOMEAN_0261,RL_GEOMEAN,C=CC(=O)N1Cc2cccc([C@@H](Nc3cnccn3)c3ccccn3)c2C1,C25,0.9174900054931641,0.9174900054931641,0.8204891085624695,1.0034993886947632,0.0,27,1.2085312604904175,2.2292168140411377,1.9738055952904792,56.526950580890286,True,3,21,81.48148148148148,True,357.41700000000014,3.101300000000001,0.7106540059766158,True,0.4
RL_GEOMEAN_0262,RL_GEOMEAN,C=CC(=O)N1Cc2cccc(C(=O)Nc3cccc4cccc(F)c34)c2C1,C23,0.913196325302124,0.913196325302124,0.806666374206543,1.0443469285964966,0.0,27,1.7425146102905273,2.649350166320801,1.9651136475277975,38.30752583112931,True,3,22,96.29629629629629,True,360.3880000000001,4.259400000000003,0.7097352030667625,True,0.5
RL_GEOMEAN_0263,RL_GEOMEAN,C=CC(=O)N1Cc2cccc(C(=O)Nc3ccc(C(C)C)cc3)c2C1,C27,0.9615510106086731,0.9615510106086731,0.8254620432853699,1.2670748233795166,0.0,25,1.0630278587341309,1.6681606769561768,1.9604687005152632,7.1520772718727414,True,2,21,80.0,True,334.4190000000001,4.090500000000003,0.8562467086813526,True,0.5846153846153846
RL_GEOMEAN_0264,RL_GEOMEAN,C=CC(=O)N1Cc2cccc(C(=O)Nc3cc(C(F)(F)F)ccn3)c2C1,C23,0.976264476776123,0.976264476776123,0.8466466069221497,1.152201771736145,0.0,26,0.6810219287872314,1.3597767353057861,1.9588064143758581,54.72641403441128,True,4,18,96.15384615384616,True,361.32300000000004,3.3809000000000013,0.8528476006430891,True,0.5352112676056338
RL_GEOMEAN_0265,RL_GEOMEAN,C=CC(=O)N1Cc2cccc(C(=O)Nc3cccc(CC)c3)c2C1,C25,0.9023891091346741,0.9023891091346741,0.7932478189468384,1.117680311203003,0.0,24,1.8413883447647095,2.8745226860046387,1.667187967357012,41.55203987689114,True,2,20,95.83333333333333,True,320.3920000000001,3.5295000000000023,0.8762240328133125,True,0.5217391304347826
RL_GEOMEAN_0266,RL_GEOMEAN,C=CC(=O)N1Cc2cccc(C(=O)Nc3c[nH]c4ccccc34)c2C1,C22,0.913365364074707,0.913365364074707,0.8018342852592468,1.2256683111190796,0.0,25,1.8216209411621094,2.5691959857940674,1.6291092929573516,46.036001863737,True,3,20,100.0,True,331.3750000000001,3.4484000000000012,0.722066462079736,True,0.4722222222222222
RL_GEOMEAN_0267,RL_GEOMEAN,C=CC(=O)N1Cc2cccc(CC(=O)NCc3cc[nH]n3)c2C1,C24,0.9332042932510376,0.9332042932510376,0.8204982876777649,1.1947157382965088,0.0,23,1.1650118827819824,2.029202461242676,1.6370443163518822,57.265957786706366,True,5,16,95.65217391304348,True,310.357,1.2967999999999997,0.8171105767853911,True,0.3717948717948718
RL_GEOMEAN_0268,RL_GEOMEAN,C=CC(=O)N1Cc2cccc(C(=O)Nc3cnc(C)c(N)c3)c2C1,C24,0.9354648590087891,0.9354648590087891,0.8249635696411133,1.047088623046875,0.0,24,1.3176474571228027,2.039456367492676,1.6088957314568284,43.91511218031391,True,2,17,100.0,True,322.3680000000001,2.25272,0.848411181756878,True,0.5352112676056338
RL_GEOMEAN_0269,RL_GEOMEAN,C=CC(=O)N1Cc2cccc(C(=O)Nc3cc(C(C)C)[nH]c3F)c2C1,C26,0.9448738098144531,0.9448738098144531,0.834323525428772,0.9427171349525452,0.0,25,1.2669198513031006,1.9262313842773438,1.9531784960417726,47.214354428946336,True,1,19,88.0,True,341.3860000000001,3.5577000000000023,0.8353141268517432,True,0.5492957746478874
RL_GEOMEAN_0270,RL_GEOMEAN,C=CC(=O)N1Cc2cccc(C(=O)Nc3cc(C)c(C(F)(F)F)cn3)c2C1,C25,0.9666242599487305,0.9666242599487305,0.8253139853477478,1.2358230352401733,0.0,27,0.95151287317276,1.6124980449676514,1.2995811480627126,34.131668584662236,True,2,19,96.29629629629629,True,375.35,3.689320000000002,0.8326505721159968,True,0.5774647887323944
RL_GEOMEAN_0272,RL_GEOMEAN,C=CC(=O)N1Cc2cccc(C(=O)Nc3cnc(NC)c(C)c3)c2C1,C26,0.9053513407707214,0.9053513407707214,0.8153042197227478,1.1673139333724976,0.0,25,1.844691514968872,2.579963207244873,1.94432037403819,48.060324392544004,True,4,19,96.0,True,336.39500000000015,2.7122200000000003,0.8420692136146274,True,0.5277777777777778
RL_GEOMEAN_0271,RL_GEOMEAN,C=CC(=O)N1Cc2cccc(C(=O)Nc3cn(Cc4cccc(F)c4)cn3)c2C1,C26,0.9727832078933716,0.9727832078933716,0.8258547782897949,1.1951792240142822,0.0,29,0.7418608665466309,1.474120020866394,1.1782010182052964,34.20806681317927,True,3,21,96.55172413793103,True,390.41800000000006,3.3510000000000018,0.6796581561681159,True,0.5466666666666666
RL_GEOMEAN_0273,RL_GEOMEAN,C=CC(=O)N1Cc2cccc(C(=O)Nc3cc(C)on3)c2C1,C22,0.9737794995307922,0.9737794995307922,0.8378216028213501,1.187037706375122,0.0,22,0.7948117256164551,1.4376804828643799,1.9576733384300868,53.650247499708854,True,5,16,100.0,True,297.3140000000001,2.2635199999999998,0.8817436249225079,True,0.5671641791044776
RL_GEOMEAN_0274,RL_GEOMEAN,C=CC(=O)N1Cc2cccc(C(=O)Nc3c[nH]nn3)c2C1,C20,0.9802379608154297,0.9802379608154297,0.842441737651825,1.1800434589385986,0.0,21,0.706068754196167,1.26429283618927,1.93417762441819,57.5492912775787,True,5,14,95.23809523809524,True,283.29100000000005,1.0851999999999997,0.8247259759704042,True,0.5606060606060606
RL_GEOMEAN_0275,RL_GEOMEAN,C=CC(=O)N1Cc2c(C(=O)Nc3cccnc3)cccc21,C19,0.948698878288269,0.948698878288269,0.835394561290741,0.9105088114738464,0.0,21,1.0134364366531372,1.7595281600952148,1.9506873987648559,58.85869300318447,True,3,16,95.23809523809524,True,279.29900000000004,2.3665000000000003,0.8772882750834233,True,0.36
RL_GEOMEAN_0276,RL_GEOMEAN,C=CC(=O)N1Cc2cccc(C(=O)Nc3cccc(C(=O)OC)c3)c2C1,C26,0.9389201402664185,0.9389201402664185,0.8317780494689941,0.9176783561706543,0.0,26,1.2415281534194946,1.996230125427246,1.8700150833883675,39.151606389275486,True,2,20,92.3076923076923,True,350.37400000000014,2.753700000000001,0.679501917331666,True,0.49295774647887325
RL_GEOMEAN_0277,RL_GEOMEAN,C=CC(=O)N1Cc2cccc(C(=O)Nc3cnc(C)c(F)c3)c2C1,C23,0.9053057432174683,0.9053057432174683,0.8222655653953552,1.162712574005127,0.0,24,1.6454453468322754,2.4897384643554688,1.9724580750424117,64.71912137668579,True,1,17,91.66666666666667,True,325.3430000000001,2.8096200000000007,0.8828130082065978,True,0.5571428571428572
RL_GEOMEAN_0278,RL_GEOMEAN,C=CC(=O)N1Cc2cccc(C(=O)Nc3c(F)cccc3C#N)c2C1,C22,0.8986935019493103,0.8986935019493103,0.8107210993766785,1.2464051246643066,0.0,25,1.900493860244751,2.793163299560547,1.9403563917229234,62.42757245799473,True,1,19,100.0,True,335.3380000000001,2.9778800000000007,0.8765343594557383,True,0.49295774647887325
RL_GEOMEAN_0279,RL_GEOMEAN,C=CC(=O)N1Cc2cccc(C(O)c3cncnc3)c2C1,C21,0.9314822554588318,0.9314822554588318,0.8195858001708984,1.1763784885406494,0.0,21,1.5095722675323486,2.186081647872925,1.6006312972386856,11.180534341535093,True,1,15,90.47619047619048,True,281.31500000000005,1.5864999999999998,0.8675629137169992,True,0.4084507042253521
RL_GEOMEAN_0280,RL_GEOMEAN,C=CC(=O)N1Cc2cccc(C(=O)Nc3coc(C)n3)c2C1,C22,0.9636855721473694,0.9636855721473694,0.8458083271980286,0.8694660067558289,0.0,22,0.9256275296211243,1.5799447298049927,1.9621592804611956,25.03522680613318,True,2,16,100.0,True,297.314,2.2635200000000006,0.8817436249225079,True,0.5588235294117647
RL_GEOMEAN_0281,RL_GEOMEAN,C=CC(=O)N1Cc2cccc(C(O)C=O)c2C1,C19,0.8874901533126831,0.8874901533126831,0.8061141967773438,1.2163828611373901,0.0,17,2.1693227291107178,3.3108463287353516,1.947123860518381,62.78631354240284,True,0,12,94.11764705882354,True,231.25099999999998,0.9471,0.6220319674704936,True,0.40298507462686567
RL_GEOMEAN_0282,RL_GEOMEAN,C=CC(=O)N1Cc2cccc(C(=O)NC=O)c2C1,C19,0.935422956943512,0.935422956943512,0.8362228274345398,0.9939334988594055,0.0,18,1.3005366325378418,2.1378591060638428,1.4692762209332864,17.510063778230688,True,2,13,88.88888888888889,True,244.24999999999997,0.601,0.6251567954050408,True,0.5079365079365079
RL_GEOMEAN_0283,RL_GEOMEAN,C=CC(=O)N1Cc2cccc(C(=O)N3CCCCC3)c2C1,C25,0.9361275434494019,0.9361275434494019,0.8130789995193481,1.2131458520889282,0.0,21,1.3763892650604248,2.2407050132751465,1.375700911571988,17.180706619896014,True,1,17,95.23809523809524,True,284.35900000000004,2.3409000000000004,0.7821419391430925,True,0.4393939393939394
RL_GEOMEAN_0284,RL_GEOMEAN,C=CC(=O)N1Cc2c(cccc2C(=O)c2cnc(N)cn2)NC1=O,C22,0.9660035967826843,0.9660035967826843,0.8271843791007996,1.0682460069656372,0.0,24,0.8409407138824463,1.5028681755065918,1.9474548932645397,34.287073604277595,True,3,16,100.0,True,323.312,1.3498999999999999,0.6499368299318014,True,0.30864197530864196
RL_GEOMEAN_0285,RL_GEOMEAN,C=CC(=O)N1Cc2cccc(C(=O)Nc3cnc(NC4CCOC4)cn3)c2C1,C29,0.9238194823265076,0.9238194823265076,0.816595196723938,1.0054552555084229,0.0,28,1.4037139415740967,2.279468059539795,1.9512459163314115,56.612686650883234,True,2,20,100.0,True,379.42000000000024,1.9578999999999998,0.7712107139323959,True,0.6142857142857143
RL_GEOMEAN_0286,RL_GEOMEAN,C=CC(=O)N1Cc2cccc(C(=O)Nc3cnccc3Cl)c2C1,C21,0.9334816336631775,0.9334816336631775,0.8308679461479187,1.1163597106933594,0.0,23,1.2928745746612549,2.0683681964874268,1.9558059036877857,57.9943240915583,True,1,16,91.30434782608695,True,327.77100000000013,3.015500000000001,0.8814061669751618,True,0.5142857142857142
RL_GEOMEAN_0287,RL_GEOMEAN,C=CC(=O)N1Cc2cccc(C(=O)Nc3ccn(C(C)C)n3)c2C1,C26,0.8968099355697632,0.8968099355697632,0.8068685531616211,1.006886601448059,0.0,24,1.9956071376800537,2.813413619995117,1.5187893520827709,34.348347327377326,True,4,18,95.83333333333333,True,324.3840000000001,2.7445000000000013,0.8794439335696442,True,0.6212121212121212
RL_GEOMEAN_0288,RL_GEOMEAN,C=CC(=O)N1Cc2cccc(C(=O)Nc3cc4ccccc4s3)c2C1,C22,0.8340430855751038,0.8340430855751038,0.7798067927360535,1.2852932214736938,0.0,25,3.092014789581299,4.341711044311523,1.2750928497564402,51.23440324373678,True,3,19,92.0,True,348.4270000000001,4.181800000000003,0.7219403873838734,True,0.4722222222222222
RL_GEOMEAN_0289,RL_GEOMEAN,C=CC(=O)N1Cc2cccc(C(=O)Nc3cnc(C)nc3)c2C1,C23,0.9304157495498657,0.9304157495498657,0.8226553201675415,1.1432336568832397,0.0,23,1.344940185546875,2.0623369216918945,1.9640933532039677,59.93718511832623,True,2,17,91.30434782608695,True,308.34100000000007,2.06552,0.8807803789001415,True,0.5846153846153846
RL_GEOMEAN_0290,RL_GEOMEAN,C=CC(=O)N1Cc2cccc(C(=O)Oc3cccc(Cl)c3)c2C1,C21,0.9375946521759033,0.9375946521759033,0.811206042766571,1.1965453624725342,0.0,23,1.4020822048187256,2.2559595108032227,1.2599807529879177,0.20337220367748898,True,1,18,91.30434782608695,True,327.76700000000005,3.5874000000000024,0.49150913475281227,True,0.3972602739726027
RL_GEOMEAN_0291,RL_GEOMEAN,C=CC(=O)N1Cc2cccc(C(=O)Nc3cnn(C)c3)c2C1,C22,0.9360421895980835,0.9360421895980835,0.819133460521698,1.2509161233901978,0.0,22,1.290745496749878,2.022322177886963,1.9749421543174348,60.60542322350989,True,2,16,100.0,True,296.33000000000004,1.7006,0.8766533781081279,True,0.625
RL_GEOMEAN_0292,RL_GEOMEAN,C=CC(=O)N1Cc2cccc(C(=O)Nc3ncco3)c2C1,C20,0.9795729517936707,0.9795729517936707,0.8561657071113586,0.9585669040679932,0.0,21,0.6723635196685791,1.2793726921081543,1.9414664565477304,30.88107985303546,True,3,15,100.0,True,283.2870000000001,1.9550999999999998,0.8735823205673668,True,0.5294117647058824
RL_GEOMEAN_0293,RL_GEOMEAN,C=CC(=O)N1Cc2cccc(C(=O)Nc3cccnn3)c2C1,C21,0.9701671004295349,0.9701671004295349,0.8463640213012695,0.9356865882873535,0.0,22,0.8508502840995789,1.4647146463394165,1.8877561605514612,54.72512488469178,True,4,16,95.45454545454545,True,294.3140000000001,1.7570999999999999,0.8752024869238412,True,0.5606060606060606
RL_GEOMEAN_0294,RL_GEOMEAN,C=CC(=O)N1Cc2ccc(C(=O)Nc3cncc(Cl)c3)cc2C1,C21,0.9314983487129211,0.9314983487129211,0.8364275097846985,1.0677684545516968,0.0,23,1.273982286453247,2.1172194480895996,1.6264375174595564,42.78967408607244,True,1,16,91.30434782608695,True,327.7710000000001,3.015500000000001,0.8814061669751618,True,0.3246753246753247
RL_GEOMEAN_0296,RL_GEOMEAN,C=CC(=O)N1Cc2c(cccc2C(=O)Nc2cn(C)cn2)CCN1,C25,0.9690568447113037,0.9690568447113037,0.8423940539360046,0.8698456287384033,0.0,24,0.6933228969573975,1.375741720199585,1.6681851218015347,3.289781928105029,True,5,17,100.0,True,325.37200000000007,1.2476999999999998,0.8325556978112738,True,0.4666666666666667
RL_GEOMEAN_0295,RL_GEOMEAN,C=CC(=O)N1Cc2cccc(C(=O)Nc3cnn4cccc(C)c34)c2C1,C24,0.9346904158592224,0.9346904158592224,0.8250222206115723,1.231981635093689,0.0,26,1.121817946434021,1.9070870876312256,1.6059563587470236,2.89170357034034,True,1,20,100.0,True,346.39000000000016,2.9232200000000015,0.7416794492512158,True,0.5
RL_GEOMEAN_0297,RL_GEOMEAN,C=CC(=O)N1Cc2cccc(Cc3cncnc3)c2C1,C20,0.9378072023391724,0.9378072023391724,0.8320195078849792,1.1828693151474,0.0,20,1.323142647743225,2.097811698913574,1.685186958945506,45.36681504986851,True,2,16,90.0,True,265.31600000000003,2.0956,0.7983276306306113,True,0.4142857142857143
RL_GEOMEAN_0298,RL_GEOMEAN,C=CC(=O)N1Cc2cccc(C(=O)Nc3cnccc3C)c2C1,C23,0.9357068538665771,0.9357068538665771,0.8403655886650085,0.9686042666435242,0.0,23,1.136763572692871,1.9201515913009644,1.954037439405907,53.70631614494968,True,2,18,95.65217391304348,True,307.3530000000001,2.6705200000000007,0.8868160395214717,True,0.5588235294117647
RL_GEOMEAN_0299,RL_GEOMEAN,C=CC(=O)N1Cc2cccc(Cc3cn(C)cc3C)c2C1,C23,0.9159538745880127,0.9159538745880127,0.811744213104248,1.2714277505874634,0.0,21,1.8472892045974731,2.6076407432556152,1.9465645951265027,58.51373433034627,True,1,18,85.71428571428571,True,280.37100000000004,2.9525200000000016,0.7935589033808007,True,0.4225352112676056
