anchor,target,instr,protein
CC(C)C[C@H](NC(=O)[C@@H]1CCCN1C(=O)[C@H](C)N)C(=O)N[C@@H](CC(C)C)C(=O)C1(C)CO1,CCCCCC(=O)N[C@H](C(=O)N[C@@H](CCC(=O)N(C)C)C(=O)N[C@@H](CC(C)C)C(=O)[C@]1(C)CO1)C(C)C,DOWN,P30656
CC(C)C[C@H](NC(=O)OCc1ccccc1)C(=O)N[C@@H](C[C@@H]1CCNC1=O)C(O)S(=O)(=O)O,c1ccccc1COC(=O)N[C@@H]([C@@H](C)OC(C)(C)C)C(=O)N[C@@H](CC2CCCCC2)C(=O)N[C@H](C=O)C[C@@H]3CCNC3=O,DOWN,P0DTD1
CC(C)C[C@H](NC(=O)OCc1ccccc1)C(=O)N[C@@H](C[C@@H]1CCNC1=O)C(O)S(=O)(=O)O,c1cccc(c12)[nH]c(c2)C(=O)N[C@@H](CC3CCCCC3)C(=O)N[C@H](C=O)C[C@@H]4CCNC4=O,DOWN,P0DTD1
C.CC(C)C.NC(Cc1ccccc1)C(=O)NC(C=O)CC1CCNC1=O.O=COCc1ccccc1,Cc1onc(c1)C(=O)N[C@@H](C)C(=O)N[C@@H](C(C)C)C(=O)N[C@@H](CC(C)C)C(=O)N[C@@H](C[C@@H]2CCNC2=O)/C=C\C(=O)OCc3ccccc3,UP,P0DTD1
CC(C)C[C@H](NC(=O)OC[C@H]1C[C@H]2C=C[C@@H]1C2)C(=O)N[C@@H](C[C@@H]1CCNC1=O)C(O)S(=O)(=O)O,CC(C)C[C@H](NC(=O)OCc1ccccc1)C(=O)N[C@@H](C[C@@H]1CCNC1=O)C(=O)C(=O)NCc1ccccc1,DOWN,P0DTD1
ClCC(=O)N1CCN(CC1)S(=O)(=O)c2ccc(Cl)cc2,ClCC(=O)N1CCN(Cc2ccc(Cl)s2)CC1,UP,P0DTD1
CC(C)C[C@H](NC(=O)O[C@H]1CC[C@H](c2ccccc2)CC1)C(=O)N[C@@H](C[C@@H]1CCNC1=O)C(O)S(=O)(=O)O,c1cccc(c12)[nH]c(c2)C(=O)N[C@@H](CC3CCCCC3)C(=O)N[C@H](C=O)C[C@@H]4CCNC4=O,DOWN,P0DTD1
CC(C)C[C@H](NC(=O)OCc1ccccc1)C(=O)N[C@@H](C[C@@H]1CCNC1=O)C(O)S(=O)(=O)O,c1ccccc1OC(=O)N[C@@H](CC(C)C)C(=O)N[C@@H](CC(C)C)C(=O)N[C@@H](C[C@@H]2CCNC2=O)C(=O)C(=O)NC3CC3,UP,P0DTD1
CC(C)C[C@H](NC(=O)OCc1c(F)c(F)c(F)c(F)c1F)C(=O)N[C@@H](C[C@@H]1CCNC1=O)C(O)S(=O)(=O)O,c1ccccc1OC(=O)N[C@@H](CC(C)C)C(=O)N[C@@H](CC(C)C)C(=O)N[C@@H](C[C@@H]2CCNC2=O)C(=O)C(=O)NC3CC3,UP,P0DTD1
CC(C)C[C@H](NC(=O)OCC1CCC(F)(F)CC1)C(=O)N[C@@H](C[C@@H]1CCNC1=O)[C@H](O)S(O)(=O)=O,CC(C)C[C@H](NC(=O)OCc1ccc(F)cc1)C(=O)N[C@@H](C[C@@H]1CCNC1=O)C(O)S(=O)(=O)O,UP,P0DTD1
CC(=O)N[C@H](Cc1ccccc1)C(=O)N1CCC[C@H]1C(=O)N[C@@H](CCCCN)B(O)O,NC(=[NH2+])NCCC[C@H](NC(=O)[C@@H]1CCCN1C(=O)[C@H](N)Cc1ccccc1)C(=O)CCl,UP,P00734
CC(C)C[C@H](NC(=O)OC[C@H]1C[C@H]2CCC[C@H](C2)C1)C(=O)N[C@@H](C[C@@H]1CCNC1=O)C(O)S(=O)(=O)O,O=C[C@@H](C[C@@H]1CCNC1=O)NC(=O)[C@H](CC1CC1)NC(=O)OCc1ccccc1,UP,P0DTD1
COc1cc(OC)c(Cl)c(c1Cl)COc2cnc(nc2)Nc3c(NC(=O)C=C)cc(F)cc3Cl,Clc1c(OC)cc(OC)c(Cl)c1-c(c2)c(=O)n(C)c(c23)nc(nc3)N[C@@H]4COC[C@@H]4NC(=O)C=C,UP,P22455
C.CC(C)C.NC(Cc1ccccc1)C(=O)NC(C=O)CC1CCNC1=O.O=COCc1ccccc1,CC(C)C[C@H](NC(=O)OCc1ccccc1)C(=O)N[C@@H](C[C@@H]1CCNC1=O)[C@@H](O)S(O)(=O)=O,DOWN,P0DTD1
CC(C)C[C@H](NC(=O)OC1CCC(C)(C)CC1)C(=O)N[C@@H](C[C@@H]1CCNC1=O)C(O)S(=O)(=O)O,CC(C)C[C@H](NC(=O)OCC1=CC=CC=C1)C(=O)N[C@@H](C[C@@H]1CCNC1=O)[C@H](O)S(O)(=O)=O,UP,P0DTD1
Fc1cccc(O)c1-c(n2)c(F)cc(c23)c(N4CCN(C[C@@H]4C)C(=O)C=C)nc(=O)n3-c5c(C)ccnc5C(C)C,Oc1cccc(F)c1-c(c2F)c(Cl)cc(c23)c(ncn3)N4CCN(CC4)C(=O)C=C,UP,P01116
NC(=N)NCCC[C@H](NC(=O)[C@@H]1CCN2CC[C@@](N)(Cc3ccccc3)C(=O)N12)C(=O)C(=O)NCCc1ccccc1,N[C@H](Cc1ccccc1)C(=O)N1CCC[C@H]1C(=O)N[C@@H](CCCNC(N)=N)C(=O)CCl,UP,P00734
CC(C)C[C@H](NC(=O)OCC1=CC=CC=C1)C(=O)N[C@@H](C[C@@H]1CCNC1=O)[C@H](O)S(O)(=O)=O,Cc1onc(c1)C(=O)N[C@@H](C)C(=O)N[C@@H](C(C)C)C(=O)N[C@@H](CC(C)C)C(=O)N[C@@H](C[C@@H]2CCNC2=O)/C=C\C(=O)OCc3ccccc3,UP,P0DTD1
CC(C)C[C@H](NC(=O)[C@H](Cc1ccccc1)NC(=O)[C@H](CCC1CCCCC1)NC(=O)[C@H](Cc1ccccc1)N=[N+]=[N-])C(=O)[C@@]1(C)CO1,CCCC[C@H](NC(=O)[C@@H]1CCCN1C(=O)[C@H](C)NC(=O)CN=[N+]=[N-])C(=O)N[C@@H](CC(C)C)C(=O)C1(C)CO1,UP,P25043
CC1(CC1)c1cc(NCC(=O)N2CCN(CC2)C2CN(C2)C(=O)C=C)c(O)cc1Cl,n1snc(c12)c(Cl)cc(Cl)c2NCC(=O)N3CCC(CC3)NS(=O)(=O)C=C,DOWN,P01116
CC(C)[C@H](NC(=O)[C@H](CCC(O)=O)NC(=O)[C@H](CC(O)=O)NC(=O)OCc1ccccc1)C(=O)NN(CC(O)=O)C(=O)[C@H]1O[C@@H]1C(=O)OCc1ccccc1,c1ccccc1C[C@@H](C(=O)CCl)NC(=O)OCc2ccccc2,DOWN,P42574
CN(C)CC=CC(=O)Nc1cc2c(Nc3ccc(F)c(Cl)c3)ncnc2cc1O[C@H]1CCOC1,COc1cc2ncnc(Nc3ccc(F)c(Cl)c3)c2cc1NC(=O)\C=C\CN1CCCCC1,UP,P00533
CC(C)C[C@H](NC(=O)OCc1ccccc1)C(=O)N[C@@H](C[C@@H]1CCNC1=O)C(=O)S(=O)(=O)[O-],CC(C)[C@H](NS(C)(=O)=O)C(=O)N1C[C@H]2[C@@H]([C@H]1C(=O)N[C@@H](C[C@@H]1CCNC1=O)C(=O)c1nc3ccccc3s1)C2(C)C,DOWN,P0DTD1
CCOC(=O)C=C[C@H](C[C@@H]1CCNC1=O)NC(=O)[C@@H](CC(=O)[C@@H](NC(=O)c1cc(C)on1)C(C)C)Cc1ccc(F)cc1,Cc1onc(c1)C(=O)N[C@@H](C)C(=O)N[C@@H](C(C)C)C(=O)N[C@@H](CC(C)C)C(=O)N[C@@H](C[C@@H]2CCNC2=O)/C=C\C(=O)OCc3ccccc3,UP,P0DTD1
CC(C)C[C@H](NC(=O)OCc1ccccc1)C(=O)N[C@@H](C[C@@H]1CCNC1=O)C(=O)C(=O)NCc1ccccc1,O=C1NCC[C@H]1C[C@@H](C(=O)C(=O)NC2CC2)NC(=O)[C@H](CC(C)C)NC(=O)OCc3ccccc3,UP,P0DTD1
CN(C)C(=O)CCNc1nc(N2CCN(CC2)C(=O)C=C)c2cc(Cl)c(cc2n1)-c1cc(O)cc2ccccc12,Fc1cccc(O)c1-c(c2)c(Cl)cc(c23)c(N4CCN(CC4)C(=O)C=C)nc(=O)n3-c5ccccc5C(C)C,UP,P01116
NC(=[NH2+])NCCC[C@H](NC(=O)[C@H](Cc1ccccc1)NC(=O)[C@H](N)Cc1ccccc1)C(=O)CCl,N[C@H](Cc1ccccc1)C(=O)N1CCC[C@H]1C(=O)N[C@@H](CCCNC(N)=N)C(=O)CCl,UP,P08709
O=C(C)N[C@@H](CC(C)C)C(=O)N[C@@H](C)C(=O)N[C@@H](C(C)C)C(=O)[C@@]1(C)OC1,[N-]=[N+]=NCC(=O)N[C@@H](C)C(=O)N1[C@@H](CCC1)C(=O)N[C@@H](C)C(=O)N[C@@H](CC(C)C)C(=O)[C@]2(C)CO2,UP,P23638
CC(C)C[C@H](NC(=O)OC[C@@H]1C[C@H]2CCC[C@H](C2)C1)C(=O)N[C@H](C=O)C[C@@H]1CCNC1=O,CC(C)C[C@H](NC(=O)OCc1c(F)c(F)c(F)c(F)c1F)C(=O)N[C@@H](C[C@@H]1CCNC1=O)C(O)S(=O)(=O)O,UP,P0DTD1
CCOC(=O)[C@H]1O[C@H]1C(=O)N(CCC(=O)N)NC(=O)[C@H](Cc2ccccc2)NC(=O)[C@H](CC(C)C)NC(=O)OCc3ccccc3,O=C1NCC[C@H]1C[C@@H](/C=C/C(=O)C2CC2)NC(=O)[C@H](CC(C)C)NC(=O)[C@H]([C@@H](C)OC(C)(C)C)NC(=O)OCc3ccccc3,DOWN,P0C6X7
C=CC(=O)N1CCCC(n2ncc3c(N)ncnc32)C1,C=CC(=O)N1CCC[C@H](C1)n(c(c23)ncnc3N)nc2-c4cccc(c45)cccc5,UP,O14733
FC(F)(F)C(=O)[C@H](C(C)C)NC(=O)[C@@H]1CCCN1C(=O)[C@H](C(C)C)NC(=O)c2ccc(C(=O)[O-])cc2,FC(F)(F)C(F)(F)C(=O)[C@H](C(C)C)NC(=O)[C@@H]1CCCN1C(=O)[C@H](C(C)C)NC(=O)c2ccc(cc2)C(=O)N3CCOCC3,DOWN,P00772
CC(C)C[C@H](NC(=O)OCc1ccccc1F)C(=O)N[C@@H](C[C@@H]1CCNC1=O)C(O)S(=O)(=O)O,COc1cccc2[nH]c(C(=O)NC(CC(C)C)C(=O)NC(CC3CCNC3=O)C(=O)c3nc4ccccc4s3)cc12,DOWN,P0DTD1
CC1(C)S[C@@H]2[C@H](NC(=O)[C@H](N)c3ccc(O)cc3)C(=O)N2[C@H]1C(O)=O,CC1(C)S[C@@H]2[C@H](NC(=O)[C@H](N)c3ccccc3)C(=O)N2[C@H]1C(O)=O,DOWN,P9WKD3
CC1(C)S[C@@H]2[C@H](NC(=O)[C@H](N)c3ccccc3)C(=O)N2[C@H]1C(O)=O,Cn1nnnc1SCC1=C(N2[C@H](SC1)[C@H](NC(=O)[C@H](O)c1ccccc1)C2=O)C(O)=O,DOWN,P9WKD3
ClCC(=O)N1CCC(CC1)C(=O)N2CCCCC2,ClCC(=O)N1CCN(CC1)S(=O)(=O)c2ccc(Cl)s2,DOWN,P0DTD1
CC(C)C[C@H](NC(=O)[C@@H](Cc1ccccc1)N=[N+]=[N-])C(=O)N[C@H](C(=O)N[C@H](C=CS(C)(=O)=O)Cc1ccc(CN)cc1)[C@@H](C)O,CC(C)C[C@H](NC(=O)[C@@H](NC(=O)[C@@H](NC(=O)[C@H](C)C(=O)N[C@@H](Cc1ccccc1)C(=O)O)[C@@H](C)O)[C@H](C)O)C(=O)[C@H]1CO1,DOWN,P25043
CC(C)C[C@H](NC(=O)[C@@H](NC(=O)c1cc2ccccc2[nH]1)C(C)C)C(=O)N[C@H](C=O)C[C@@H]1CCNC1=O,O=C(/C=C/c1ccccc1)NC(CC1CC1)C(=O)NC(CC1CCNC1=O)C(=O)C(=O)NCc1ccccc1,DOWN,P0C6X7
CC(C)CC(NC(=O)OCc1ccc(F)cc1)C(=O)NC(CC1CCNC1=O)C(O)S(=O)(=O)O,c1ccccc1OC(=O)N[C@@H](CC(C)C)C(=O)N[C@@H](CC(C)C)C(=O)N[C@@H](C[C@@H]2CCNC2=O)C(=O)C(=O)NC3CC3,UP,P0DTD1
C.CC(C)C.NC(CC1CCCCC1)C(=O)NC(C=O)CC1CCNC1=O.O=COCc1ccccc1,CC(C)C[C@H](NC(=O)OCc1cccc(F)c1)C(=O)N[C@@H](C[C@@H]1CCNC1=O)C(O)S(=O)(=O)O,UP,P0DTD1
CC(C)C[C@H](NC(=O)OCc1ccccc1)C(=O)N[C@@H](C[C@@H]1CCNC1=O)C(O)S(=O)(=O)O,O=C1NCC[C@H]1C[C@@H](/C=C/C(=O)OCC)NC(=O)[C@H](CC(C)C)NC(=O)[C@H]([C@@H](C)OC(C)(C)C)NC(=O)OCc2ccccc2,DOWN,P0DTD1
C=CC(=O)Nc1cc(-c2c[nH]c3ncnc(Nc4ccc(OCc5ccccn5)c(Cl)c4)c23)ccc1OCCCO,C=CC(=O)Nc1cccc(-c2c[nH]c3ncnc(Nc4ccc5c(cnn5Cc5ccccc5)c4)c23)c1,UP,P00533
CC(C)C[C@H](NC(=O)OCc1ccc(F)cc1)C(=O)N[C@@H](C[C@@H]1CCNC1=O)C(O)S(=O)(=O)O,CCOC(=O)/C=C/C(CC1CCNC1=O)NC(=O)C(CC(C)C)NC(=O)C(NC(=O)OCc1ccccc1)C(C)OC(C)(C)C,DOWN,P0DTD1
OC[C@@H]1[C@@H](O)[C@H](O)[C@H](O)[C@H](O1)O,OC[C@H]1O[C@H](O)[C@H](O)[C@@H](O)[C@@H]1O,UP,Q9H227
CCCNC(=O)[C@@H]1O[C@H]1C(=O)N[C@@H]([C@@H](C)CC)C(=O)N1CCC[C@H]1C(O)=O,CCCNC(=O)[C@@H]1[C@H](O1)C(=O)N[C@@H]([C@@H](C)CC)C(=O)N2CCC[C@H]2C(=O)OCc3ccccc3,DOWN,P07688
C=C(CCN(C)C)C(=O)NC[C@@H](NC(=O)[C@H](Cc1nc2ccc(C(C)C)cc2s1)NC(=O)CC)C1CCCCC1,C=C(CN(C)C)C(=O)NC[C@@H](NC(=O)[C@H](Cc1nc2ccc(C(C)C)cc2s1)NC(=O)CC)C1CCCCC1,UP,Q96GG9
CC(C)C[C@H](NC(=O)OCc1ccccc1)C(=O)N[C@@H](C[C@@H]1CCNC1=O)[C@H](O)S(=O)(=O)O,COc1cccc(c12)[nH]c(c2)C(=O)N[C@@H](CC(C)C)C(=O)N[C@@H](C[C@@H]3CCNC3=O)C(=O)c(s4)nc(c45)cccc5,DOWN,P0DTD1
CC(C)C[C@H](NC(=O)OC[C@H]1C[C@H]2CCC[C@H](C2)C1)C(=O)N[C@H](C=O)C[C@@H]1CCNC1=O,CCC[C@H]1CC[C@H](OC(=O)N[C@@H](CC(C)C)C(=O)N[C@@H](C[C@@H]2CCNC2=O)C(O)S(=O)(=O)O)CC1,UP,P0DTD1
C.CC(C)C.NC(Cc1ccccc1)C(=O)NC(C=O)CC1CCNC1=O.O=COCc1ccccc1,O=C1NCC[C@H]1C[C@@H](C(=O)C(=O)NC2CC2)NC(=O)[C@H](CC(C)C)NC(=O)OCc3ccccc3,UP,P0DTD1
CC(C)C[C@H](NC(=O)OCc1ccccc1)C(=O)N[C@@H](CC(C)C)C(=O)N[C@@H](CC(C)C)C(=O)[C@@]1(C)CO1,CCCC[C@H](NC(=O)[C@@H]1CCCN1C(=O)[C@H](C)NC(=O)CN=[N+]=[N-])C(=O)N[C@@H](CC(C)C)C(=O)C1(C)CO1,UP,P25043
CC(C)N(C)C(=O)C1CCN(CC1)C(=O)CCl,COc1ccc(cc1)N2CCN(CC2)C(=O)CCl,DOWN,P0DTD1
CC(C)C[C@H](NC(=O)OCc1c(F)c(F)c(F)c(F)c1F)C(=O)N[C@@H](C[C@@H]1CCNC1=O)C(O)S(=O)(=O)O,COc1cccc(c12)[nH]c(c2)C(=O)N[C@@H](CC(C)C)C(=O)N[C@@H](C[C@@H]3CCNC3=O)C(=O)COC(=O)c4ccccc4C#N,DOWN,P0DTD1
C=CC(=O)Nc1cc(-c2c[nH]c3ncnc(Nc4ccc(CN5C(=O)c6ccccc6C5=O)cc4)c23)ccc1OCCO,C=CC(=O)Nc1cc(-c2c[nH]c3ncnc(Nc4ccc5c(cnn5Cc5ccccc5)c4)c23)ccc1OCCO,UP,P00533
CC(C)C[C@H](NC(=O)OCc1ccc(F)cc1)C(=O)N[C@@H](C[C@@H]1CCNC1=O)C(O)S(=O)(=O)O,CCOC(=O)C=C[C@H](C[C@@H]1CCNC1=O)NC(=O)[C@@H](CC(=O)[C@@H](NC(=O)c1cc(C)on1)C(C)C)Cc1ccc(F)cc1,UP,P0DTD1
O=C1NCC[C@H]1C[C@@H](/C=C/C(=O)OCC)NC(=O)[C@H](Cc2ccccc2)NC(=O)OCc3ccccc3,O=C1NCC[C@H]1C[C@@H](/C=C/C(=O)OCC)NC(=O)[C@H](Cc2ccccc2)NC(=O)[C@H](CCC(=O)OC(C)(C)C)NC(=O)OCc3ccccc3,DOWN,A1E4A3
COc1cccc2[nH]c(C(=O)N[C@@H](CC(C)C)C(=O)N[C@H](C=O)C[C@@H]3CCNC3=O)cc12,c1cccc(c12)[nH]c(c2)C(=O)N[C@@H](CC3CCCCC3)C(=O)N[C@H](C=O)C[C@@H]4CCNC4=O,DOWN,P0DTD1
OB(O)[C@@H](NC(=O)Cc1cccs1)c1cccc(c1)C(O)=O,OB(O)[C@H](Cc1cccc(c1)C(O)=O)NS(=O)(=O)Cc1ccccc1,DOWN,P00811
CC(=O)N[C@@H](CC(C)C)C(=O)N[C@@H](C)C(=O)N[C@@H](CC(=O)C1(C)CO1)C(=O)O,COc1ccc(C[C@H](NC(=O)[C@H](C)NC(=O)CN2CCOCC2)C(=O)N[C@@H](Cc2ccccc2)C(=O)[C@@]2(C)CO2)cc1,DOWN,P25043
Cc1ccc(C)c(c1)S(=O)(=O)N2CCN(CC2)C(=O)CCl,ClCC(=O)N1CCN(Cc2ccc(Br)s2)CC1,UP,P0DTD1
CC(C)CC(NC(=O)C1OC1C(=O)[O-])C(=O)NCCCCNC(N)=[NH2+],CC(C)C[C@H](NC(=O)[C@@H]1O[C@H]1C(O)=O)C(=O)NCCCCNC(N)=N,DOWN,P80884
CCOC(=O)[C@H]1O[C@@H]1C(=O)N[C@@H]([C@@H](C)CC)C(=O)N[C@@H](C)C(O)=O,c1ccccc1CNC(=O)[C@H]2O[C@@H]2C(=O)N[C@@H]([C@@H](C)CC)C(=O)N3CCC[C@H]3C(=O)OCc4ccccc4,DOWN,P07688
CC(=O)N[C@H](Cc1ccccc1)C(=O)N1CCC[C@H]1C(=O)N[C@@H](CCCCC(N)=N)B(O)O,N=C(N)NCCC[C@H](NC(=O)[C@@H]1CCCN1C(=O)[C@@H](N)Cc1ccccc1)C(=O)CCl,UP,P00734
CC(C)CCNC(=O)[C@H](CCc1ccccc1)NC(=O)[C@H]1O[C@@H]1C(O)=O,CN1CCN(CC1)C(=O)N[C@@H](CCCNC(N)=N)C(=O)N[C@@H](CCc1ccccc1)\C=C\S(=O)(=O)c1ccccc1,DOWN,P25779
O=C(O)c1ccc2c(c1)B(O)OC2,O=C(c1ccc2c(c1)B(O)OC2)N(Cc1ccccc1)Cc1ccccc1,DOWN,G3XD46
C.CC(C)C.CC(C)CC(N)C(=O)NC(C=O)CC1CCNC1=O.O=COCc1ccccc1,CC(C)C[C@H](NC(=O)OC(C)(C)C1CCC(F)(F)CC1)C(=O)N[C@@H](C[C@@H]1CCNC1=O)C(O)S(=O)(=O)O,UP,P0DTD1
CC(C)C[C@H](NC(=O)OCc1ccccc1)C(=O)N[C@@H](C[C@@H]1CCNC1=O)[C@@H](O)S(O)(=O)=O,Cc1onc(c1)C(=O)N[C@@H](C)C(=O)N[C@@H](C(C)C)C(=O)N[C@@H](CC(C)C)C(=O)N[C@@H](C[C@@H]2CCNC2=O)/C=C\C(=O)OCc3ccccc3,UP,P0DTD1
CC(C)C[C@H](NC(=O)OC[C@H]1C[C@H]2CCC[C@H](C2)C1)C(=O)N[C@H](C=O)C[C@@H]1CCNC1=O,CSCC[C@@H](C=O)NC(=O)[C@H](CC(C)C)NC(=O)[C@H](CC(C)C)NC(=O)C,UP,P0DTD1
C.CC(C)C.CC(C)CC(N)C(=O)NC(C=O)CC1CCNC1=O.O=COCc1ccccc1,c1ccccc1OC(=O)N[C@@H](CC(C)C)C(=O)N[C@@H](CC(C)C)C(=O)N[C@@H](C[C@@H]2CCNC2=O)C(=O)C(=O)NC3CC3,UP,P0DTD1
CC(C)(C)OC(=O)Nc1cccn(C(CC2CC2)C(=O)NC(CC2CCNC2=O)C(=O)C(=O)NCc2ccccc2)c1=O,CC(C)C[C@H](NC(=O)OCc1ccccc1)C(=O)N[C@@H](C[C@@H]1CCNC1=O)[C@@H](O)S(O)(=O)=O,UP,P0DTD1
C=CC(=O)NCCCC[C@H](NC(=O)[C@@H]1CCCN1C(=O)[C@H](CCCNC(=N)N)NC(=O)[C@@H](NC(=O)[C@H](CCSC)NC(=O)[C@H](C)NC(=O)[C@@H](NC(=O)[C@@H]1CCCN1C(=O)[C@H](CCCNC(=N)N)NC(=O)[C@H](CC(C)C)NC(=O)[C@H](CCCCN)NC(C)=O)C(C)C)C(C)C)C(=O)N[C@H](C(=O)N[C@@H](CCCNC(=N)N)C(N)=O)C(C)C,C=CC(=O)NC[C@H](NC(=O)[C@@H](NC(=O)[C@@H]1CCCN1C(=O)[C@H](CCCNC(=N)N)NC(=O)[C@H](CC(C)C)NC(=O)[C@@H](N)CCCCN)C(C)C)C(=O)N[C@@H](CCSC)C(=O)N[C@H](C(=O)N[C@@H](CCCNC(=N)N)C(=O)N1CCC[C@H]1C(=O)N[C@@H](Cc1c[nH]c2ccccc12)C(=O)N[C@H](C(=O)N[C@@H](CCCNC(=N)N)C(N)=O)C(C)C)C(C)C,UP,Q8IUQ4
CCOC(=O)[C@H]1O[C@@H]1C(=O)N[C@@H]([C@@H](C)CC)C(=O)N[C@@H](C)C(O)=O,CCOC(=O)[C@H]1O[C@@H]1C(=O)N[C@@H]([C@@H](C)CC)C(O)=O,DOWN,P07688
COc1cccc2[nH]c(C(=O)NC(CC(C)C)C(=O)NC(CC3CCNC3=O)C(=O)c3nc4ccccc4s3)cc12,COc1cccc2[nH]c(C(=O)N[C@@H](CC(C)C)C(=O)N[C@H](C=O)C[C@@H]3CCNC3=O)cc12,UP,P0DTD1
ClCC(=O)N1CCN(Cc2ccc(Cl)s2)CC1,Oc1ccccc1NC(=O)C2CCN(CC2)C(=O)CCl,DOWN,P0DTD1
CC(C)C[C@H](NC(=O)OCc1ccccc1)C(=O)N[C@@H](C[C@@H]1CCNC1=O)C(=O)S(=O)(=O)[O-],Cc1onc(c1)C(=O)N[C@@H](C)C(=O)N[C@@H](C(C)C)C(=O)N[C@@H](CC(C)C)C(=O)N[C@@H](C[C@@H]2CCNC2=O)/C=C\C(=O)OCc3ccccc3,UP,P0DTD1
CC(C)C[C@H](NC(=O)[C@H](Cc1ccccc1)N=[N+]=[N-])C(=O)NCC(=O)N[C@H](C=CS(C)(=O)=O)Cc1ccc(CN)cc1,CC(C)C[C@H](NC(=O)[C@H](Cc1ccccc1)NC(=O)[C@H](CCC1CCCCC1)NC(=O)[C@H](Cc1ccccc1)N=[N+]=[N-])C(=O)[C@@]1(C)CO1,DOWN,P25043
CC(C)C(NC(=O)OCc1ccccc1)C(=O)NC(CC1CCCCC1)C(=O)NC(C=O)CC1CCNC1=O,CC(C)CC(NC(=O)OC(C)C1CCC(F)(F)CC1)C(=O)NC(C=O)CC1CCNC1=O,UP,P0DTD1
C=CC(=O)Nc1cc(-c2c[nH]c3ncnc(Nc4ccc(CN5C(=O)c6ccccc6C5=O)cc4)c23)ccc1OCCN(C)C,C=CC(=O)Nc1cc(-c2c[nH]c3ncnc(Nc4ccc(OCc5ccccn5)c(Cl)c4)c23)ccc1OCCO,UP,P00533
ClCC(=O)N1CCC(CC1)C(=O)N2CCCCC2,ClCC(=O)N1CCN(CC1)S(=O)(=O)c2ccc(Cl)cc2,DOWN,P0DTD1
CC(C)C[C@H](NC(=O)[C@H](CCC(=O)O)NC(=O)[C@@H](NC(=O)[C@@H](N)C(C)O)C(C)C)C(=O)N[C@@H](CCC(N)=O)C(=O)NCC(=O)N[C@H](C(=O)N[C@H](C(=O)N1CCC[C@H]1C(=O)N[C@@H](CCCNC(=N)N)C(=O)CCl)C(C)C)C(C)C,NC(=[NH2+])NCCC[C@H](NC(=O)[C@@H]1CCCN1C(=O)[C@H](N)Cc1ccccc1)C(=O)CCl,DOWN,P00734
CC(C)[C@H](NC(=O)[C@H](CCCNC(N)=O)NC(=O)N[C@H](C)c1ccc(Br)cc1)C(=O)N[C@@H](CCCNC(N)=N)C(=O)c1nccs1,Cc1cccc(c1)-c1ncc(N)c(=O)n1CC(=O)N[C@@H](CCCNC(N)=N)C(=O)c1nccs1,UP,P03951
CCOc(oc1=O)c(Cl)c(c12)ccc(c2)N,CCOc1oc(=O)c2cc(NC(N)=N)ccc2c1Cl,UP,P00772
CC(C)(C)OC(=O)Nc1cccn(C(CC2CC2)C(=O)NC(CC2CCNC2=O)C(=O)C(=O)NCc2ccccc2)c1=O,O=C[C@@H](C[C@@H]1CCNC1=O)NC(=O)[C@H](CC1CC1)NC(=O)OCc1cccc(F)c1,UP,P0DTD1
CC(C)C[C@H](NC(=O)OCc1ccccc1)C(=O)N[C@@H](C[C@@H]1CCNC1=O)[C@@H](O)S(O)(=O)=O,Clc1cc(ccc1)C[C@H]2OC(=O)N(C2)[C@@H](CC(C)C)C(=O)N[C@H](C=O)C[C@@H]3CCNC3=O,DOWN,Q83883
c1cccc(c12)cc(o2)C(=O)N[C@@H](CC(C)C)C(=O)N[C@H]3CCCN(CC3=O)S(=O)(=O)c4ccccn4,c1ccccc1-c2cc(ccc2)[C@@H](CC(C)C)C(=O)NCC(=O)CNS(=O)(=O)c3ccccn3,DOWN,P43235
CC(C)C[C@H](NC(=O)OC[C@H]1C[C@H]2C=C[C@@H]1C2)C(=O)N[C@@H](C[C@@H]1CCNC1=O)C(O)S(=O)(=O)O,COc1cccc(c12)[nH]c(c2)C(=O)N[C@@H](CC(C)C)C(=O)N[C@@H](C[C@@H]3CCNC3=O)C(=O)c(s4)nc(c45)cccc5,DOWN,P0DTD1
CC(C)[C@H](NC(=O)[C@@H](NC(=O)[C@@H]1OC(=O)[C@H]1C(C)C)C(C)C)C(=O)O,CC[C@H](C)[C@@H]1C(=O)O[C@H]1C(=O)N[C@H](C(=O)N[C@H](C(=O)OCc1ccccc1)C(C)C)C(C)C,DOWN,P25043
N#C[C@@H]1CCCN1C(=O)[C@@H](N)Cc2ccc(cc2)-c3ccccc3,OC12CC3CC(C1)CC(C3)(C2)NCC(=O)N1CCC[C@H]1C#N,UP,P27487
CC(C)C[C@H](NC(=O)OC[C@H]1C[C@H]2CCC[C@H](C2)C1)C(=O)N[C@H](C=O)C[C@@H]1CCNC1=O,CC(C)C[C@H](NC(=O)O[C@H]1CC[C@H](c2ccccc2)CC1)C(=O)N[C@@H](C[C@@H]1CCNC1=O)C(O)S(=O)(=O)O,UP,P0DTD1
c12cn(nn2)CCCCCCNC(=O)CC[C@@H](C=O)NC(=O)[C@H](CC3CCCCC3)NC(=O)[C@H](C1)NC(=O)OCc4ccccc4,c12cn(nn2)CCNC(=O)CC[C@@H](C=O)NC(=O)[C@H](CC3CCCCC3)NC(=O)[C@H](C1)NC(=O)OCc4ccccc4,UP,Q83883
NC(=O)C1CCC2CN1C(=O)N2OS(=O)(=O)O,OS(=O)(=O)ON1[C@H]2CN([C@@H](CC2)C(=O)NO[C@H]2CCNC2)C1=O,DOWN,Q6XEC0
CC(C)C[C@@H]1NC(=O)O[C@H](c2cccc(Cl)c2)CCCCCNC(=O)CC[C@@H](C=O)NC1=O,c12cn(nn2)CCNC(=O)CC[C@@H](C=O)NC(=O)[C@H](CC3CCCCC3)NC(=O)[C@H](C1)NC(=O)OCc4ccccc4,DOWN,Q83883
CC(C)C[C@H](NC(=O)[C@H](Cc1ccccc1)N=[N+]=[N-])C(=O)N[C@@H](C)C(=O)N[C@H](C=CS(C)(=O)=O)Cc1ccc(CN)cc1,COc1ccc(C[C@H](NC(=O)[C@H](C)NC(=O)CN2CCOCC2)C(=O)N[C@@H](Cc2ccccc2)C(=O)[C@@]2(C)CO2)cc1,DOWN,P40306
CCC[C@H]1CC[C@H](OC(=O)N[C@@H](CC(C)C)C(=O)N[C@@H](C[C@@H]2CCNC2=O)C(O)S(=O)(=O)O)CC1,O=C1NCC[C@H]1C[C@@H](/C=C/C(=O)OCC)NC(=O)[C@H](CC(C)C)NC(=O)[C@H]([C@@H](C)OC(C)(C)C)NC(=O)OCc2ccccc2,DOWN,P0DTD1
CC(C)CC(NC(=O)OCc1ccc(F)cc1)C(=O)NC(CC1CCNC1=O)C(O)S(=O)(=O)O,CCOC(=O)C=C[C@H](C[C@@H]1CCNC1=O)NC(=O)[C@@H](CC(=O)[C@@H](NC(=O)c1cc(C)on1)C(C)C)Cc1ccc(F)cc1,UP,P0DTD1
CC(C)C[C@H](NC(=O)OC[C@H]1C[C@H]2CCC[C@H](C2)C1)C(=O)N[C@H](C=O)C[C@@H]1CCNC1=O,O=CC(CC1CCNC1=O)NC(=O)C(Cc1ccccc1)NC(=O)OCc1ccccc1,UP,P0DTD1
CC(C)CC(NC(=O)OC(C)C1CCC(F)(F)CC1)C(=O)NC(C=O)CC1CCNC1=O,CSCC[C@@H](C=O)NC(=O)[C@H](CC(C)C)NC(=O)[C@H](CC(C)C)NC(=O)C,UP,P0DTD1
CC(C)C[C@H](NC(=O)OCC1=CC=CC=C1)C(=O)N[C@@H](C[C@@H]1CCNC1=O)[C@H](O)S(O)(=O)=O,COc1cccc2[nH]c(C(=O)NC(CC(C)C)C(=O)NC(CC3CCNC3=O)C(=O)c3nc4ccccc4s3)cc12,DOWN,P0DTD1
CC(C)CC(NC(=O)C(NC(=O)OCc1ccccc1)C(C)C)C(=O)NC(C=O)CC1CCNC1=O,CCOC(=O)C=C[C@H](C[C@@H]1CCNC1=O)NC(=O)[C@@H](CC(=O)[C@@H](NC(=O)c1cc(C)on1)C(C)C)Cc1ccc(F)cc1,UP,P0DTD1
COc1cccc(c12)sc(n2)NC(=O)CCl,ClCC(=O)Nc1cccc(c1)C(=O)N2CCSCC2,DOWN,P0DTD1
Cc1cccc(CN2CCN(CC2)C(=O)CCl)c1,ClCC(=O)N1CCN(CC1)S(=O)(=O)c2ccc(Cl)s2,DOWN,P0DTD1
CC(C)C[C@H](NC(=O)OCc1ccc(F)cc1)C(=O)N[C@@H](C[C@@H]1CCNC1=O)C(O)S(=O)(=O)O,COc1cccc2[nH]c(C(=O)NC(CC(C)C)C(=O)NC(CC3CCNC3=O)C(=O)c3nc4ccccc4s3)cc12,DOWN,P0DTD1
CC(C)C[C@H](NC(=O)[C@@H](Cc1ccccc1)N=[N+]=[N-])C(=O)N[C@H](C(=O)N[C@H](C=CS(C)(=O)=O)Cc1ccc(CN)cc1)[C@@H](C)O,CC(C)C[C@H](NC(=O)[C@H](Cc1ccccc1)N=[N+]=[N-])C(=O)NCC(=O)N[C@H](C=CS(C)(=O)=O)Cc1ccc(CN)cc1,DOWN,P25043
CC(C)C[C@H](NC(=O)OCC1=CC=CC=C1)C(=O)N[C@@H](C[C@@H]1CCNC1=O)[C@H](O)S(O)(=O)=O,CC(C)C[C@H](NC(=O)OC[C@H]1C[C@H]2CCC[C@H](C2)C1)C(=O)N[C@H](C=O)C[C@@H]1CCNC1=O,DOWN,P0DTD1
CC(=O)N[C@H](Cc1ccccc1)C(=O)N1CCC[C@H]1C(=O)N[C@@H](CCCNC(N)=N)B(O)O,N[C@H](Cc1ccccc1)C(=O)N1CCC[C@H]1C(=O)N[C@@H](CCCNC(N)=N)C(=O)CCl,UP,P00734
CCN(CC)/C(C)=N/P(C)(=O)F,CCN(CC)/C(C)=N/[P@](=O)(F)OC,UP,P22303
CC(C)C[C@H](NC(=O)OCc1ccccc1)C(=O)N[C@@H](CC(C)C)C(=O)N[C@@H](Cc1ccc(O)cc1)C(=O)C=O,Cc1ccc(CNC(=O)[C@H](Cc2ccccc2)NC(=O)[C@H](CC(C)C)NC(=O)[C@H](CNC(=O)CCl)NC(=O)CN2CCOCC2)cc1,UP,P30656
CC(C)C[C@H](NC(=O)OC[C@H]1C[C@H]2C=C[C@@H]1C2)C(=O)N[C@@H](C[C@@H]1CCNC1=O)C(O)S(=O)(=O)O,CCOC(=O)/C=C/C(CC1CCNC1=O)NC(=O)C(CC(C)C)NC(=O)C(NC(=O)OCc1ccccc1)C(C)OC(C)(C)C,DOWN,P0DTD1
CC(C)CCNC(=O)[C@H](CC(C)C)NC(=O)[C@@H]1O[C@H]1C(O)=O,CCCNC(=O)[C@@H]1O[C@H]1C(=O)N[C@@H]([C@@H](C)CC)C(=O)N1CCC[C@H]1C(O)=O,UP,P07688
CC(C)C[C@H](NC(=O)OC[C@@H]1C[C@H]2CCC[C@H](C2)C1)C(=O)N[C@H](C=O)C[C@@H]1CCNC1=O,CC(C)C[C@H](NC(=O)OCc1ccc(F)cc1)C(=O)N[C@@H](C[C@@H]1CCNC1=O)C(O)S(=O)(=O)O,UP,P0DTD1
CC(C)C[C@H](NC(=O)OCc1ccccc1)C(=O)N[C@@H](C[C@@H]1CCNC1=O)C(=O)C(=O)NCc1ccccc1,CC(C)[C@H](NC(=O)OCc1ccccc1)C(=O)N[C@@H](CC1CCCCC1)C(=O)N[C@H](C=O)Cc1ccc[nH]c1=O,UP,P0DTD1
CC(C)C[C@H](NC(=O)OCc1ccccc1)C(=O)N[C@@H](C[C@@H]1CCNC1=O)C(=O)C(=O)NCc1ccccc1,CC(C)C[C@H](NC(=O)OCc1ccccc1F)C(=O)N[C@@H](C[C@@H]1CCNC1=O)C(O)S(=O)(=O)O,UP,P0DTD1
CC(C)C(NC(=O)OCc1ccccc1)C(=O)NC(CC1CCCCC1)C(=O)NC(C=O)CC1CCNC1=O,c1cccc(c12)[nH]c(c2)C(=O)N[C@@H](CC3CCCCC3)C(=O)N[C@H](C=O)C[C@@H]4CCNC4=O,DOWN,P0DTD1
O=C1NCC[C@H]1C[C@@H](/C=C/C(=O)C)NC(=O)[C@H](CC(C)C)NC(=O)[C@H](CNC(=O)C(C)(C)C)NC(=O)OCc2ccccc2,O=C1NCC[C@H]1C[C@@H](/C=C/C(=O)OCC)NC(=O)[C@H](CC=C(C)C)CC(=O)[C@H](C(C)C)NC(=O)c2cc(on2)C,DOWN,P0C6X7
CC(C)C[C@H](NC(=O)OCc1ccc(F)cc1)C(=O)N[C@@H](C[C@@H]1CCNC1=O)C(O)S(=O)(=O)O,COc1cccc2[nH]c(C(=O)N[C@@H](CC(C)C)C(=O)N[C@H](C#N)C[C@@H]3CCNC3=O)cc12,UP,P0DTD1
C.CC(C)C.NC(CC1CCCCC1)C(=O)NC(C=O)CC1CCNC1=O.O=COCc1ccccc1,CC(C)C[C@H](NC(=O)OCC1=CC=CC=C1)C(=O)N[C@@H](C[C@@H]1CCNC1=O)[C@H](O)S(O)(=O)=O,UP,P0DTD1
CC(C)CC(NC(=O)OCc1ccc(F)cc1)C(=O)NC(CC1CCNC1=O)C(O)S(=O)(=O)O,O=C1NCC[C@H]1C[C@@H](C(=O)C(=O)NC2CC2)NC(=O)[C@H](CC(C)C)NC(=O)OCc3ccccc3,UP,P0DTD1
C1CN(C)CCC1(C#N)NC(=O)[C@H](CC2CCCCC2)NC(=O)N3CCOCC3,C1COCCN1C(=O)N[C@@H](C[Si](C)(C)C)C(=O)NC2(C#N)CCS(=O)(=O)CC2,DOWN,P25774
C[C@H]1[C@@H]2CCc3cnc(Nc4ccccc4)nc3[C@]2(C=C(C#N)C1=O)c1cccc(c1)C(O)=O,c1ccccc1[C@@]23[C@H]([C@H](C)C(=O)C(=C2)C#N)CCc4c3nn(c4)C(=O)c5ccccc5,UP,O75874
C=CC(=O)Nc1cc(-c2c[nH]c3ncnc(Nc4ccc(OCc5ccccn5)c(Cl)c4)c23)ccc1OCCCO,C=CC(=O)Nc1ccc2ncnc(Nc3cccc(Br)c3)c2c1,UP,P00533
CC(C)(C)OC(=O)N[C@@H](CCc(oc12)nn2)C(=O)N[C@@H](CC3CCCCC3)C(=O)N[C@H](C=O)CCC(=O)NCCCC1,c12cn(nn2)CCNC(=O)CC[C@@H](C=O)NC(=O)[C@H](CC3CCCCC3)NC(=O)[C@H](C1)NC(=O)OCc4ccccc4,UP,Q83883
CC(C)C[C@H](NC(=O)OC[C@H]1C[C@H]2C=C[C@@H]1C2)C(=O)N[C@@H](C[C@@H]1CCNC1=O)C(O)S(=O)(=O)O,O=C1NCC[C@H]1C[C@@H](C(=O)C(=O)NC2CC2)NC(=O)[C@H](CC(C)C)NC(=O)OCc3ccccc3,UP,P0DTD1
CC(C)C[C@H](NC(=O)[C@H](CCc1ccccc1)NC(=O)CN1CCOCC1)C(=O)N[C@@H](Cc1ccccc1)C(=O)N[C@@H](CC(C)C)C(=O)[C@@]1(C)CO1,CC1=C(C(=O)N[C@H](C)C(=O)N[C@@H](Cc2c[nH]c3ccccc23)C(=O)NC(Cc2ccccc2)C(=O)[C@@]2(C)CO2)Cc2ccccc21,UP,P28074
CC(C)C[C@H](NC(=O)OCc1ccccc1)C(=O)N[C@@H](C[C@@H]1CCNC1=O)C(=O)C(=O)NCc1ccccc1,CC(C)C[C@H](NC(=O)OCc1ccccc1)C(=O)N[C@@H](C[C@@H]1CCNC1=O)[C@H](O)S(=O)(=O)O,UP,P0DTD1
CC(=O)N[C@H](CC(C)C)C(=O)N[C@@H](C)C(=O)N[C@@H](CCC(=O)O)C(=O)C1(C)CO1,COc1ccc(C[C@H](NC(=O)[C@H](C)NC(=O)C2=CC3=CCC=CC3=C2C)C(=O)N[C@@H](Cc2ccccc2)C(=O)[C@@]2(C)CO2)cc1,UP,P25043
CN(C)C(=O)CCNc1nc(N2CCN(CC2)C(=O)C=C)c2cc(Cl)c(cc2n1)-c1ccccc1F,Oc1cccc(F)c1-c(c2F)c(Cl)cc(c23)c(ncn3)N4CCN(CC4)C(=O)C=C,UP,P01116
CC(C)C[C@H](NC(=O)OCC1CCC(F)(F)CC1)C(=O)N[C@@H](C[C@@H]1CCNC1=O)[C@H](O)S(O)(=O)=O,c1ccccc1COC(=O)N[C@@H]([C@@H](C)OC(C)(C)C)C(=O)N[C@@H](CC2CCCCC2)C(=O)N[C@H](C=O)C[C@@H]3CCNC3=O,DOWN,P0DTD1
CC(=O)OCC1=C(N2[C@H](SC1)[C@H](NC(=O)Cc1cccs1)C2=O)C(O)=O,CO\N=C(\C(=O)N[C@H]1[C@H]2SCC(COC(C)=O)=C(N2C1=O)C(O)=O)c1csc(N)n1,DOWN,P9WKD3
CC(C)C[C@H](NC(=O)OC[C@H]1C[C@H]2C=C[C@@H]1C2)C(=O)N[C@@H](C[C@@H]1CCNC1=O)C(O)S(=O)(=O)O,c1ccccc1COC(=O)N[C@@H]([C@@H](C)OC(C)(C)C)C(=O)N[C@@H](CC2CCCCC2)C(=O)N[C@H](C=O)C[C@@H]3CCNC3=O,DOWN,P0DTD1
O=C1NCC[C@H]1C[C@@H](/C=C/C(=O)OCC)NC(=O)[C@H](CC(C)C)NC(=O)[C@H]([C@@H](C)OC(C)(C)C)NC(=O)OCc2ccccc2,O=CC(CC1CCNC1=O)NC(=O)C(Cc1ccccc1)NC(=O)OCc1ccccc1,UP,P0DTD1
CC(C)C[C@H](NC(=O)OC[C@H]1C[C@H]2C=CC[C@H](C2)C1)C(=O)N[C@@H](C[C@@H]1CCNC1=O)C(=O)S(=O)(=O)O,CC(C)C[C@H](NC(=O)OCc1ccccc1)C(=O)N[C@@H](C[C@@H]1CCNC1=O)[C@H](O)S(=O)(=O)O,UP,P0DTD1
Clc1ccccc1S(=O)(=O)[C@@H]2C[C@@H](C(=O)NC3(C#N)CC3)N(C2)C(=O)C4(CC4)c5ccc(Br)cc5,c1cccc(c12)OC\C=C\COc3ccc(cc3Cl)C[C@H](NC2=O)C(=O)NC4(C#N)CC4,DOWN,P07711
CC(C)C[C@H](NC(=O)OC[C@@H]1C[C@H]2CCC[C@H](C2)C1)C(=O)N[C@H](C=O)C[C@@H]1CCNC1=O,O=C[C@@H](C[C@@H]1CCNC1=O)NC(=O)[C@H](CC1CC1)NC(=O)OCc1ccccc1,UP,P0DTD1
C.CC(C)C.NC(Cc1ccccc1)C(=O)NC(C=O)CC1CCNC1=O.O=COCc1ccccc1,O=C(N[C@@H](Cc1ccccc1)C(=O)N[C@@H](C[C@@H]1CCNC1=O)C(O)S(=O)(=O)[O-])OCc1ccccc1,UP,P0DTD1
CC(C)C[C@H](NC(=O)N1CCNCC1)C(=O)N[C@@H](CCc1ccccc1)\C=C\S(=O)(=O)c1ccccc1,c1ccccc1COC(=O)N[C@@H](CC(C)C)C(=O)NNC(=O)NNC(=O)[C@H](CC(C)C)NC(=O)OCc2ccccc2,DOWN,P43235
Cc1ccc(cc1)C2(CC2)C(=O)N3C[C@@H](C[C@H]3C(=O)NC4(C#N)CC4)S(=O)(=O)c5ccccc5Cl,Clc1ccccc1S(=O)(=O)[C@@H]2C[C@@H](C(=O)NC3(C#N)CC3)N(C2)C(=O)C4(CC4)c5ccc(Br)cc5,UP,P07711
Cc1cccc(CN2CCN(CC2)C(=O)CCl)c1,Fc1ccccc1S(=O)(=O)N2CCN(CC2)C(=O)CCl,DOWN,P0DTD1
CC(C)C[C@H](NC(=O)OC[C@H]1C[C@H]2C=CC[C@H](C2)C1)C(=O)N[C@@H](C[C@@H]1CCNC1=O)C(=O)S(=O)(=O)O,CC(C)C[C@H](NC(=O)OC[C@H]1C[C@H]2C=C[C@@H]1C2)C(=O)N[C@@H](C[C@@H]1CCNC1=O)C(O)S(=O)(=O)O,UP,P0DTD1
CC(C)CCNC(=O)[C@H](CC(C)C)NC(=O)[C@@H]1O[C@H]1C(O)=O,CCOC(=O)[C@H]1O[C@@H]1C(=O)N[C@@H]([C@@H](C)O)C(=O)N[C@@H]([C@@H](C)CC)C(O)=O,UP,P07688
CC(C)C[C@H](NC(=O)OCc1ccccc1)C(=O)N[C@@H](C[C@@H]1CCNC1=O)C(=O)S(=O)(=O)[O-],O=C(N[C@@H](Cc1ccccc1)C(=O)N[C@@H](C[C@@H]1CCNC1=O)C(O)S(=O)(=O)[O-])OCc1ccccc1,UP,P0DTD1
CC(C)C[C@H](NC(=O)OCc1ccccc1)C(=O)N[C@@H](C[C@@H]1CCNC1=O)[C@@H](O)S(O)(=O)=O,c1ccccc1COC(=O)N[C@@H](Cc(cn23)nn3)C(=O)N[C@@H](CC(C)C)C(=O)N[C@H](C=O)CCC(=O)NCCC2,DOWN,Q83883
O[C@H]1C[C@@H](O[C@@H]1COP(O)(O)=O)n1cc([N+]([O-])=O)c(=O)[nH]c1=O,O[C@H]1C[C@@H](O[C@@H]1COP(O)(O)=O)n1ccc(=O)[nH]c1=O,DOWN,P0A884
CC(=O)N[C@@H](CC(C)C)C(=O)N[C@@H](C)C(=O)N[C@@H](CC(C)C)C(=O)C1(C)CO1,CC(C)C[C@H](NC(=O)[C@H](CCc1ccccc1)NC(=O)CN1CCOCC1)C(=O)N[C@@H](Cc1ccccc1)C(=O)N[C@@H](CC(C)C)C(=O)[C@@]1(C)CO1,DOWN,P25043
CC(C)CC(NC(=O)OCc1ccc(F)cc1)C(=O)NC(CC1CCNC1=O)C(O)S(=O)(=O)O,CC(C)C[C@H](NC(=O)OC[C@@H]1C[C@H]2CCC[C@H](C2)C1)C(=O)N[C@H](C=O)C[C@@H]1CCNC1=O,DOWN,P0DTD1
CC(C)C[C@H](NC(=O)OC[C@H]1C[C@H]2CCC[C@H](C2)C1)C(=O)N[C@H](C=O)C[C@@H]1CCNC1=O,O=C(N[C@@H](Cc1ccccc1)C(=O)N[C@@H](C[C@@H]1CCNC1=O)C(O)S(=O)(=O)[O-])OCc1ccccc1,UP,P0DTD1
C[C@@H](O)[C@@H]1[C@H]2[C@@H](C)C(S[C@@H]3CN[C@@H](C3)C(=O)N(C)C)=C(N2C1=O)C(O)=O,C[C@@H](O)[C@@H]1[C@H]2[C@@H](C)C(S[C@@H]3CN[C@H](CNS(N)(=O)=O)C3)=C(N2C1=O)C(O)=O,DOWN,P9WKD3
COc1cccc2[nH]c(C(=O)N[C@@H](CC(C)C)C(=O)N[C@H](C#N)C[C@@H]3CCNC3=O)cc12,COc1cccc2[nH]c(C(=O)N[C@@H](CC(C)C)C(=O)N[C@H](C=O)C[C@@H]3CCNC3=O)cc12,DOWN,P0DTD1
CC(C)C[C@H](NC(=O)OC[C@@H]1C[C@H]2CCC[C@H](C2)C1)C(=O)N[C@H](C=O)C[C@@H]1CCNC1=O,CCC[C@H]1CC[C@H](OC(=O)N[C@@H](CC(C)C)C(=O)N[C@@H](C[C@@H]2CCNC2=O)C(O)S(=O)(=O)O)CC1,UP,P0DTD1
CC(C)CC(NC(=O)OCc1ccc(F)cc1)C(=O)NC(CC1CCNC1=O)C(O)S(=O)(=O)O,CC(C)C[C@H](NC(=O)OCC1=CC=CC=C1)C(=O)N[C@@H](C[C@@H]1CCNC1=O)[C@H](O)S(O)(=O)=O,UP,P0DTD1
CC(C)C[C@H](NC(=O)[C@H](Cc1ccccc1)N=[N+]=[N-])C(=O)N[C@@H](C)C(=O)N[C@H](C=CS(C)(=O)=O)Cc1ccc(CN)cc1,COc1ccc(C[C@H](NC(=O)[C@H](C)NC(=O)CN2CCOCC2)C(=O)N[C@@H](Cc2ccccc2)C(=O)[C@@]2(C)CO2)cc1,DOWN,P25043
CC(C)C[C@H](NC(=O)OC(C)(C)C1CCC(F)(F)CC1)C(=O)N[C@@H](C[C@@H]1CCNC1=O)C(O)S(=O)(=O)O,CC(C)C[C@H](NC(=O)OC[C@H]1C[C@H]2CC[C@@H]1C2)C(=O)N[C@@H](C[C@@H]1CCNC1=O)C(O)S(=O)(=O)O,DOWN,P0DTD1
CC(C)[C@H](NC(=O)c1ccc(C(=O)O)cc1)C(=O)N1CCC[C@H]1C(=O)N[C@H](C(=O)C(F)(F)F)C(C)C,FC(F)(F)C(F)(F)C(=O)[C@H](C(C)C)NC(=O)[C@@H]1CCCN1C(=O)[C@H](C(C)C)NC(=O)c2ccc(cc2)C(=O)N3CCOCC3,DOWN,P00772
CC(C)CCNC(=O)[C@H](CC(C)C)NC(=O)[C@@H]1O[C@H]1C(O)=O,COC(=O)CNC(=O)CNC(=O)[C@H](CC(C)C)NC(=O)[C@H]1O[C@@H]1C(=O)N[C@@H](CC(C)C)C(=O)N1CCC[C@H]1C(O)=O,DOWN,P07688
CC(C)C[C@H](NC(=O)OCC1CCC(F)(F)CC1)C(=O)N[C@@H](C[C@@H]1CCNC1=O)[C@H](O)S(O)(=O)=O,O=C(N[C@@H](Cc1ccccc1)C(=O)N[C@@H](C[C@@H]1CCNC1=O)C(O)S(=O)(=O)[O-])OCc1ccccc1,UP,P0DTD1
CC(C)C[C@H](NC(=O)OCc1cccc(F)c1)C(=O)N[C@@H](C[C@@H]1CCNC1=O)C(O)S(=O)(=O)O,CCOC(=O)/C=C/C(CC1CCNC1=O)NC(=O)C(CC(C)C)NC(=O)C(NC(=O)OCc1ccccc1)C(C)OC(C)(C)C,DOWN,P0DTD1
C.CC(C)C.NC(Cc1ccccc1)C(=O)NC(C=O)CC1CCNC1=O.O=COCc1ccccc1,O=CC(CC1CCNC1=O)NC(=O)C1C2CCCC2CN1C(=O)CCc1cc(F)cc(F)c1,DOWN,P0DTD1
O=C(CCl)Nc1ccc2c(Nc3ccccc3)ncnc2c1,O=C(CCl)c1ccc2c(Nc3ccccc3)ncnc2c1,UP,P54753
CC(C)C[C@H](NC(=O)OCc1ccccc1)C(=O)N[C@@H](C[C@@H]1CCNC1=O)[C@@H](O)S(O)(=O)=O,CCOC(=O)/C=C/C(CC1CCNC1=O)NC(=O)C(CC(C)C)NC(=O)C(NC(=O)OCc1ccccc1)C(C)OC(C)(C)C,DOWN,P0DTD1
CC1=C(C(=O)N[C@H](C)C(=O)N[C@@H](Cc2c[nH]c3ccccc23)C(=O)NC(Cc2ccccc2)C(=O)[C@@]2(C)CO2)Cc2ccccc21,COc1ccc(C[C@H](NC(=O)[C@H](C)NC(=O)C2=CC3=CCC=CC3=C2C)C(=O)N[C@@H](Cc2ccccc2)C(=O)[C@@]2(C)CO2)cc1,DOWN,P30656
CC1(C)S[C@@H]2[C@H](NC(=O)[C@H](C(O)=O)c3ccccc3)C(=O)N2[C@H]1C(O)=O,CC1(C)S[C@@H]2[C@H](NC(=O)[C@H](N)c3ccccc3)C(=O)N2[C@H]1C(O)=O,UP,Q8Y547
CC(=O)N1CCN(CC1)C(=O)CCl,Cc1ccc(cc1)S(=O)(=O)N2CCN(CC2)C(=O)CCl,DOWN,P0DTD1
CCCCOP(O)(=O)OC[C@@H]1O[C@H]([C@H](F)[C@H]1O)[n+]1cccc(c1)C(N)=O,O[C@H]1O[C@H](OP(O)(=O)OCCc2ccccc2)[C@@H](O)[C@@H]1F,UP,P28907
CC(=O)N[C@@H](CC(=O)O)C(=O)N[C@@H](CCC(=O)O)C(=O)N[C@H](C(=O)N[C@H](C=O)CC(=O)O)C(C)C,CC(=O)N[C@@H](CC(C)C)C(=O)N[C@@H](CC(=O)O)C(=O)N[C@@H](CCC(=O)O)C(=O)N[C@@H](CO)C(=O)N[C@H](C=O)CC(=O)O,UP,P42574
CC(=O)N[C@@H](Cc1c[nH]c2ccccc12)C(=O)N[C@@H](CCC(=O)O)C(=O)N[C@@H](Cc1c[nH]cn1)C(=O)N[C@H](C=O)CC(=O)O,CC[C@H](C)[C@H](NC(=O)[C@H](CCC(=O)O)NC(=O)[C@@H](NC(C)=O)C(C)C)C(=O)N[C@H](C=O)CC(=O)O,UP,P55210
CCOC(=O)C=C[C@H](C[C@@H]1CCNC1=O)NC(=O)[C@@H](NC(=O)[C@@H](NC(=O)OC(C)(C)C)C(C)C)c1ccccc1,c1ccccc1COC(=O)N[C@@H]([C@@H](C)OC(C)(C)C)C(=O)N[C@@H](CC2CCCCC2)C(=O)N[C@H](C=O)C[C@@H]3CCNC3=O,DOWN,P0C6X7
C/C=C/C(=O)CC[C@@H](C)[C@H]1CC[C@H]([C@@]12C)/C(CCC2)=C/C=C3\C[C@@H](O)C(=C)[C@H](O)C3,C=CC(=O)CC[C@@H](C)[C@H]1CC[C@H]2C(=CC=C3C[C@@H](O)C(=C)[C@H](O)C3)CCC[C@@]21C,UP,P13053
CCOC(=O)NC(CCCCN)C(=O)c1noc(Cc2ccc(C(=O)NC3Cc4ccccc4C3)cc2)n1,NCCCCC(NC(=O)OCc1ccccc1)C(=O)c1noc(CN2CCN(C(=O)CCCc3ccccc3)CC2)n1,UP,P20231
O=C(/C=C/c1ccccc1)NC(CC1CC1)C(=O)NC(CC1CCNC1=O)C(=O)C(=O)NCc1ccccc1,O=C1NCC[C@H]1C[C@@H](/C=C/C(=O)OCC)NC(=O)[C@H](Cc2ccccc2)NC(=O)[C@H](COC(C)(C)C)NC(=O)OCc3ccccc3,DOWN,P0C6X7
CC(C)CC(NC(=O)C(NC(=O)NC(Cc1ccccc1)C(=O)O)C1CCNC(=N)N1)C(=O)NC(C=O)Cc1ccccc1,Oc1ccc(cc1)C[C@H](NC(=O)CC(C)C)C(=O)N[C@H](C=O)Cc2ccc(O)cc2,UP,P42790
C.CC(C)C.NC(Cc1ccccc1)C(=O)NC(C=O)CC1CCNC1=O.O=COCc1ccccc1,CC(C)C[C@H](NC(=O)OC[C@H]1C[C@H]2CCC[C@H](C2)C1)C(=O)N[C@H](C=O)C[C@@H]1CCNC1=O,DOWN,P0DTD1
Fc1ccc(cc1)[C@H]2CN(CCO2)C(=O)CCl,Oc1ccccc1NC(=O)C2CCN(CC2)C(=O)CCl,DOWN,P0DTD1
CC(C)C[C@H](NC(=O)OCc1ccccc1)C(=O)N[C@@H](C[C@@H]1CCNC1=O)C(O)S(=O)(=O)O,COc1cccc(c12)[nH]c(c2)C(=O)N[C@@H](CC(C)C)C(=O)N[C@@H](C[C@@H]3CCNC3=O)C(=O)COC(=O)c4ccccc4C#N,DOWN,P0DTD1
CC(C)CC(NC(=O)OCc1ccccc1)C(=O)NC(CC1CCNC1=O)C(O)S(=O)(=O)O,CCOC(=O)/C=C/C(CC1CCNC1=O)NC(=O)C(CC(C)C)NC(=O)C(NC(=O)OCc1ccccc1)C(C)OC(C)(C)C,DOWN,P0DTD1
CC(C)C[C@H](NC(=O)OCc1ccccc1)C(=O)N[C@@H](C[C@@H]1CCNC1=O)C(=O)S(=O)(=O)[O-],O=C1NCC[C@H]1C[C@@H](C(=O)C(=O)NC2CC2)NC(=O)[C@H](CC(C)C)NC(=O)OCc3ccccc3,UP,P0DTD1
CC(C)C[C@H](NC(=O)OC[C@H]1C[C@H]2CC[C@@H]1C2)C(=O)N[C@@H](C[C@@H]1CCNC1=O)C(O)S(=O)(=O)O,Cc1onc(c1)C(=O)N[C@@H](C)C(=O)N[C@@H](C(C)C)C(=O)N[C@@H](CC(C)C)C(=O)N[C@@H](C[C@@H]2CCNC2=O)/C=C\C(=O)OCc3ccccc3,UP,P0DTD1
CC(C)C(NC(=O)OCc1ccccc1)C(=O)NC(CC1CCCCC1)C(=O)NC(C=O)CC1CCNC1=O,O=C1NCC[C@H]1C[C@@H](/C=C/C(=O)OCC)NC(=O)[C@H](CC(C)C)NC(=O)[C@H]([C@@H](C)OC(C)(C)C)NC(=O)OCc2ccccc2,DOWN,P0DTD1
CC(C)C[C@H](NC(=O)OCc1ccccc1)C(=O)N[C@@H](CC(C)C)C(=O)N[C@@H](CC(C)C)C(=O)[C@@]1(C)CO1,CC(C)[C@H](NC(=O)[C@@H]1OC(=O)[C@H]1C(C)C)C(=O)N[C@H](C(=O)OCc1ccccc1)C(C)C,DOWN,P25043
CC(C)C[C@H](NC(=O)[C@@H]1CCCN1C(=O)[C@H](C)N)C(=O)N[C@@H](CC(C)C)C(=O)C1(C)CO1,CC[C@H](C)[C@H](NC(=O)[C@H]([C@@H](C)CC)N(C)C(C)=O)C(=O)N[C@H](C(=O)N[C@@H](CC(C)C)C(=O)[C@@]1(C)CO1)[C@@H](C)O,UP,P30656
COc1ccc(C[C@H](NC(=O)[C@@H](C)NC(=O)C2=CC3=CCC=CC3=C2C)C(=O)N[C@@H](Cc2ccccc2)C(=O)[C@@]2(C)CO2)cc1,C[C@@H](NC(=O)CN1CCOCC1)C(=O)N[C@@H](Cc1c[nH]c2ccccc12)C(=O)N[C@@H](Cc1ccccc1)C(=O)[C@@]1(C)CO1,UP,P30656
O[C@@H]1[C@@H](COP(O)(O)=O)O[C@H]([C@@H]1F)n1c(I)cc(=O)[nH]c1=O,O[C@H]1[C@@H](O)[C@@H](O[C@@H]1COP(O)(O)=O)n1c(I)cc(=O)[nH]c1=O,UP,P11172
CC(C)C[C@H](NC(=O)OC[C@H]1C[C@H]2C=CC[C@H](C2)C1)C(=O)N[C@@H](C[C@@H]1CCNC1=O)C(=O)S(=O)(=O)O,CC(C)C[C@H](NC(=O)OC[C@H]1C[C@H]2CC[C@@H]1C2)C(=O)N[C@@H](C[C@@H]1CCNC1=O)C(O)S(=O)(=O)O,UP,P0DTD1
O=C(NNC(=O)C1CCC2CN1C(=O)N2OS(=O)(=O)O)C1CNC1,[C@@H]12CC[C@@H](C(=O)N)N(C1)C(=O)N2OS([O-])(=O)=O,UP,Q9EXV5
CC(C)CC(NC(=O)OC(C)C1CCC(F)(F)CC1)C(=O)NC(C=O)CC1CCNC1=O,c1ccccc1COC(=O)N[C@@H]([C@@H](C)OC(C)(C)C)C(=O)N[C@@H](CC2CCCCC2)C(=O)N[C@H](C=O)C[C@@H]3CCNC3=O,DOWN,P0DTD1
CC(=O)N1CCC[C@@H]1C(=O)N[C@@H](C)C(=O)N[C@@H](Cc1ccccc1)C(=O)C1(C)CO1,CC(=O)N1CCC[C@@H]1C(=O)N[C@@H](C)C(=O)N[C@H](Cc1ccc(O)cc1)C(=O)C1(C)CO1,UP,P30656
CC(C)C[C@H](NC(=O)OCc1ccccc1)C(=O)N[C@@H](C[C@@H]1CCNC1=O)[C@@H](O)S(O)(=O)=O,CCC1(CCN(CC1)C(=O)OC(C)(C)C)OC(=O)N[C@@H](CC(C)C)C(=O)N[C@@H](C[C@@H]1CCNC1=O)[C@H](O)S(O)(=O)=O,DOWN,K9N638
CC(C)C[C@H](NC(=O)OCc1ccccc1)C(=O)N[C@@H](CC(C)C)C(=O)N[C@@H](Cc1ccc(O)cc1)C(=O)C=O,CC[C@H](C)[C@@H]1C(=O)O[C@H]1C(=O)NCCC[C@H](NC(=O)[C@H](C)NC(=O)OCc1ccc2ccccc2c1)C(=O)OCc1ccccc1,DOWN,P30656
N#CN1C[C@@H](CC1)NC(=O)[C@H](CC(C)C)NC(=O)OCc2ccccc2,c1ccccc1COC(=O)N[C@@H](CC(C)C)CN2C[C@H](C(=O)C2)NC(=O)[C@H](CC(C)C)NC(=O)OCc3ccncc3,DOWN,P43235
CC(C)C[C@H](NC(=O)OC1CCC(C)(C)CC1)C(=O)N[C@@H](C[C@@H]1CCNC1=O)C(O)S(=O)(=O)O,O=C1NCC[C@H]1C[C@@H](/C=C/C(=O)OCC)NC(=O)[C@H](CC(C)C)NC(=O)[C@H]([C@@H](C)OC(C)(C)C)NC(=O)OCc2ccccc2,DOWN,P0DTD1
CC(C)C(NC(=O)OCc1ccccc1)C(=O)NC(CC1CCCCC1)C(=O)NC(C=O)CC1CCNC1=O,Cc1onc(c1)C(=O)N[C@@H](C)C(=O)N[C@@H](C(C)C)C(=O)N[C@@H](CC(C)C)C(=O)N[C@@H](C[C@@H]2CCNC2=O)/C=C\C(=O)OCc3ccccc3,UP,P0DTD1
CCCCOP(O)(=O)OC[C@@H]1O[C@H]([C@H](F)[C@H]1O)[n+]1cccc(c1)C(N)=O,O[C@H]1O[C@H](COP(O)(O)=O)[C@@H](O)[C@H]1F,UP,P28907
O=C1NCC[C@H]1C[C@@H](/C=C/C(=O)C2CC2)NC(=O)[C@H](CC(C)C)NC(=O)[C@H]([C@@H](C)OC(C)(C)C)NC(=O)OCc3ccccc3,O=C1NCC[C@H]1C[C@@H](/C=C/C(=O)OCC)NC(=O)[C@H](Cc2ccccc2)NC(=O)[C@H](COC(C)(C)C)NC(=O)OCc3ccccc3,DOWN,P0C6X7
CC(C)C[C@H](NC(=O)OCc1ccccc1)C(=O)N[C@@H](C[C@@H]1CCNC1=O)[C@H](O)S(=O)(=O)O,CC(C)[C@H](NC(=O)OCc1ccccc1)C(=O)N[C@@H](CC1CCCCC1)C(=O)N[C@H](C=O)Cc1ccc[nH]c1=O,UP,P0DTD1
CC(C)C[C@H](NC(=O)OC1(Cc2ccccc2)CCN(CC1)C(=O)OC(C)(C)C)C(=O)N[C@@H](C[C@@H]1CCNC1=O)[C@@H](O)S(O)(=O)=O,CC(C)C[C@H](NC(=O)OCC1=CC=CC=C1)C(=O)N[C@@H](C[C@@H]1CCNC1=O)[C@H](O)S(O)(=O)=O,UP,K9N638
CC(C)C[C@H](NC(=O)OCc1cccc(F)c1)C(=O)N[C@@H](C[C@@H]1CCNC1=O)C(O)S(=O)(=O)O,Cc1onc(c1)C(=O)N[C@@H](C)C(=O)N[C@@H](C(C)C)C(=O)N[C@@H](CC(C)C)C(=O)N[C@@H](C[C@@H]2CCNC2=O)/C=C\C(=O)OCc3ccccc3,UP,P0DTD1
O=C(C)N[C@@H](CC(C)C)C(=O)N[C@@H](C)C(=O)N[C@@H](C)C(=O)[C@@]1(C)OC1,c1ccccc1C[C@@H](C(=O)N[C@@H](CC(C)C)C(=O)[C@@]2(C)CO2)NC(=O)[C@H](CC(C)C)NC(=O)[C@H](CCc3ccccc3)NC(=O)CN4CCOCC4,DOWN,P23638
C=CC(=O)Nc1cc(-c2c[nH]c3ncnc(Nc4ccc(OCc5ccccn5)c(Cl)c4)c23)ccc1OCCN(C)C,C=CC(=O)Nc1cc(-c2c[nH]c3ncnc(Nc4ccc5c(cnn5Cc5ccccc5)c4)c23)ccc1OCCO,UP,P00533
CC(C)(O\N=C(\C(=O)N[C@H]1[C@@H](COC(=O)c2cc(no2)-c2cc(=O)c(O)cn2[O-])N(C1=O)S(O)(=O)=O)c1csc(N)n1)C(O)=O,CC1=C(C(=O)[O-])N2C(=O)C(NC(=O)/C(=N\OC(C)(C)C(=O)[O-])c3csc(N)n3)C2SC1,UP,Q51504
CO\N=C(\C(=O)N[C@H]1[C@H]2SCC(COC(C)=O)=C(N2C1=O)C(O)=O)c1csc(N)n1,C[C@H]1[C@H](NC(=O)C(=N/OC(C)(C)C(O)=O)\c2csc(N)n2)C(=O)N1S(O)(=O)=O,DOWN,Q47066
CN1CCN(C(=O)c2ccc3c(c2)B(O)OC3)C(C)(C)C1=O,COC(=O)[C@H](NC(=O)c1ccc2c(c1)B(O)OC2)c1ccccc1,UP,G3XD46
CC(=O)N1CCC[C@H]1C(=O)N[C@@H](C)C(=O)N[C@@H](CC(C)C)C(=O)C1(C)CO1,CC(=O)N[C@@H](CC(C)C)C(=O)N[C@@H](C)C(=O)N[C@@H](CC(C)C)C(=O)C1(C)CO1,DOWN,P25043
CC(C)C[C@H](NC(=O)OC[C@@H]1C[C@H]2C=CC[C@H](C2)C1)C(=O)N[C@@H](C[C@@H]1CCNC1=O)C(=O)S(=O)(=O)O,CC(C)C[C@H](NC(=O)OC[C@H]1C[C@H]2C=C[C@@H]1C2)C(=O)N[C@@H](C[C@@H]1CCNC1=O)C(O)S(=O)(=O)O,UP,P0DTD1
CC(C)C[C@H](NC(=O)OC1CCC(C)(C)CC1)C(=O)N[C@@H](C[C@@H]1CCNC1=O)C(O)S(=O)(=O)O,CC(C)C[C@H](NC(=O)OC[C@H]1C[C@H]2CCC[C@H](C2)C1)C(=O)N[C@H](C=O)C[C@@H]1CCNC1=O,DOWN,P0DTD1
CC(=O)N[C@H](Cc1ccccc1)C(=O)N1CCC[C@H]1C(=O)N[C@@H](CCCN)B(O)O,NC(=[NH2+])NCCC[C@H](NC(=O)[C@@H]1CCCN1C(=O)[C@H](N)Cc1ccccc1)C(=O)CCl,UP,P00734
Cc1ccc(C)c(c1)S(=O)(=O)N2CCN(CC2)C(=O)CCl,Fc1cccc(c1)S(=O)(=O)N2CCN(CC2)C(=O)CCl,DOWN,P0DTD1
CC[C@H](N)C(=O)N[C@@]1(C[C@@H]1c1ccc(cc1)-c1ccc(cc1)C(F)(F)F)C#N,c1ccsc1C[C@H](N)C(=O)N[C@]2(C#N)C[C@@H]2c3ccc(cc3)-c4ccc(cc4)S(=O)(=O)N5CCN(C)CC5,DOWN,P53634
CC(C)C[C@H](NC(=O)OC[C@H]1C[C@H]2CCC[C@H](C2)C1)C(=O)N[C@H](C=O)C[C@@H]1CCNC1=O,CC(C)C[C@H](NC(=O)OCc1ccccc1)C(=O)N[C@@H](C[C@@H]1CCNC1=O)[C@H](O)S(=O)(=O)O,UP,P0DTD1
ClCC(=O)Nc1cccc(c1)N2CCCC2=O,ClCC(=O)Nc1cccnc1Cl,UP,P0DTD1
C[C@@H](O)[C@@H]1[C@H]2[C@@H](C)C(S[C@@H]3CN[C@@H](C3)C(=O)N(C)C)=C(N2C1=O)C(O)=O,C[C@@H](O)[C@@H]1[C@H]2[C@@H](C)C(S[C@@H]3CN[C@H](CNS(N)(=O)=O)C3)=C(N2C1=O)C(O)=O,DOWN,Q6XEC0
OS(=O)(=O)ON1[C@H]2CN([C@@H](CC2)C(=O)NO[C@H]2CCNC2)C1=O,[C@@H]12CC[C@@H](C(=O)N)N(C1)C(=O)N2OS([O-])(=O)=O,UP,Q6XEC0
CC(C)C[C@H](NC(=O)OC[C@@H]1C[C@H]2C=CC[C@H](C2)C1)C(=O)N[C@@H](C[C@@H]1CCNC1=O)C(=O)S(=O)(=O)O,CC(C)C[C@H](NC(=O)OCc1ccccc1)C(=O)N[C@@H](C[C@@H]1CCNC1=O)C(O)S(=O)(=O)O,UP,P0DTD1
C=CC(=O)Nc1cc(-c2c[nH]c3ncnc(Nc4ccc(OCc5ccccn5)c(Cl)c4)c23)ccc1OCCCO,C=CC(=O)Nc1cc(-c2c[nH]c3ncnc(Nc4ccc5c(cnn5Cc5ccccc5)c4)c23)ccc1OCCO,UP,P00533
CC(C)C[C@H](NC(=O)OCc1ccccc1)C(=O)N[C@@H](C[C@@H]1CCNC1=O)C(=O)S(=O)(=O)[O-],CC(C)[C@H](NC(=O)OCc1ccccc1)C(=O)N[C@@H](CC1CCCCC1)C(=O)N[C@H](C=O)Cc1ccc[nH]c1=O,UP,P0DTD1
C=CC(=O)Nc(c1)ccc(c12)ncnc2Nc3cccc(Br)c3,C=CC(=O)Nc1cc(-c2c[nH]c3ncnc(Nc4ccc(OCc5ccccn5)c(Cl)c4)c23)ccc1OCCO,UP,P00533
ClCC(=O)N1CCN(CC1)S(=O)(=O)c2ccc(Cl)cc2,Fc1ccc(cc1)[C@H]2CN(CCO2)C(=O)CCl,UP,P0DTD1
N=C(N)NCCC[C@H](NC(=O)[C@@H]1CCCN1C(=O)[C@@H](Cc1ccccc1)NC(=O)CS)C(=O)CCl,N=C(N)NCCC[C@H](NC(=O)[C@@H]1CCCN1C(=O)[C@@H](N)Cc1ccccc1)C(=O)CCl,UP,P00734
CC(C)C[C@H](NC(=O)OCc1ccccc1)C(=O)N[C@@H](C[C@@H]1CCNC1=O)[C@@H](O)S(O)(=O)=O,CC(C)C[C@H](NC(=O)OCc1ccccc1)C(=O)N[C@@H](Cc1ccccc1)C(=O)N[C@H](C=O)CCC(=O)N(C)C,UP,Q83883
CC(C)C[C@H](NC(=O)OC1(Cc2ccccc2)CCN(CC1)C(=O)OC(C)(C)C)C(=O)N[C@@H](C[C@@H]1CCNC1=O)[C@@H](O)S(O)(=O)=O,CC(C)C[C@H](NC(=O)OCCc1cccc(Cl)c1)C(=O)N[C@@H](C[C@@H]1CCNC1=O)[C@H](O)S(O)(=O)=O,UP,K9N638
CC(C)C[C@H](NC(=O)OC(C)(C)C1CCC(F)(F)CC1)C(=O)N[C@@H](C[C@@H]1CCNC1=O)C(O)S(=O)(=O)O,O=C[C@@H](C[C@@H]1CCNC1=O)NC(=O)[C@H](CC1CC1)NC(=O)OCc1ccccc1,DOWN,P0DTD1
COc1cccc(c12)[nH]c(c2)C(=O)N[C@@H](CC(C)C)C(=O)N[C@@H](C[C@@H]3CCNC3=O)C(=O)c(s4)nc(c45)cccc5,O=C1NCC[C@H]1C[C@@H](C(=O)C(=O)NC2CC2)NC(=O)[C@H](CC(C)C)NC(=O)OCc3ccccc3,UP,P0DTD1
CCC[C@H]1CC[C@H](COC(=O)N[C@@H](CC(C)C)C(=O)N[C@@H](C[C@@H]2CCNC2=O)C(O)S(=O)(=O)O)CC1,COc1cccc(c12)[nH]c(c2)C(=O)N[C@@H](CC(C)C)C(=O)N[C@@H](C[C@@H]3CCNC3=O)C(=O)COC(=O)c4ccccc4C#N,DOWN,P0DTD1
CC(C)C[C@H](NC(=O)OC[C@@H]1C[C@H]2CCC[C@H](C2)C1)C(=O)N[C@H](C=O)C[C@@H]1CCNC1=O,O=C(N[C@@H](Cc1ccccc1)C(=O)N[C@@H](C[C@@H]1CCNC1=O)C(O)S(=O)(=O)[O-])OCc1ccccc1,UP,P0DTD1
COc1cccc(c12)[nH]c(c2)C(=O)N[C@@H](CC(C)C)C(=O)N[C@@H](C[C@@H]3CCNC3=O)C(=O)COC(=O)c4ccccc4C#N,c1ccccc1OC(=O)N[C@@H](CC(C)C)C(=O)N[C@@H](CC(C)C)C(=O)N[C@@H](C[C@@H]2CCNC2=O)C(=O)C(=O)NC3CC3,UP,P0DTD1
CC(=O)N[C@@H](CC(=O)O)C(=O)N[C@@H](CCC(=O)O)C(=O)N[C@H](C(=O)N[C@@H](CC(=O)O)C(=O)CCl)C(C)C,CC[C@H](C)[C@H](NC(C)=O)C(=O)N[C@@H](CCC(=O)O)C(=O)N1CCC[C@H]1C(=O)N[C@H](C=O)CC(=O)O,DOWN,P55210
CC(=O)N[C@@H](CC(C)C)C(=O)N[C@@H](C)C(=O)N[C@@H](CC(C)C)C(=O)C1(C)CO1,CC(C)C[C@H](NC(=O)OCc1ccccc1)C(=O)N[C@@H](CC(C)C)C(=O)N[C@@H](CC(C)C)C(=O)[C@@]1(C)CO1,UP,P25043
CC(=O)N1CCC[C@H]1C(=O)N[C@@H](CC(C)C)C(=O)N[C@@H](CC(C)C)C(=O)C1(C)CO1,CCCC[C@H](NC(=O)[C@@H]1CCCN1C(=O)[C@H](C)NC(=O)CN=[N+]=[N-])C(=O)N[C@@H](CC(C)C)C(=O)C1(C)CO1,UP,P25043
CC(C)C[C@H](NC(=O)[C@@H](Cc1ccc(CN)cc1)NC(=O)[C@H](Cc1ccccc1)N=[N+]=[N-])C(=O)N[C@H](C=CS(C)(=O)=O)Cc1ccc(CN)cc1,C[C@H](NC(=O)[C@H](Cc1ccccc1)NC(=O)[C@H](Cc1ccc(-c2ccccc2)cc1)NC(=O)[C@H](Cc1ccccc1)N=[N+]=[N-])C(=O)[C@@]1(C)CO1,DOWN,P30656
CC(C)C[C@H](NC(=O)OCC1CCC(F)(F)CC1)C(=O)N[C@@H](C[C@@H]1CCNC1=O)[C@H](O)S(O)(=O)=O,O=C1NCC[C@H]1C[C@@H](/C=C/C(=O)OCC)NC(=O)[C@H](CC(C)C)NC(=O)[C@H]([C@@H](C)OC(C)(C)C)NC(=O)OCc2ccccc2,DOWN,P0DTD1
CN1CCN(CC1)C(=O)N[C@@H](Cc1ccccc1)C(=O)N[C@@H](CCc1ccccc1)\C=C\S(=O)(=O)NOCc1ccccc1,O=CC(=O)C(CCc1ccccc1)NC(=O)C(Cc1ccccc1)NC(=O)OCc1cccnc1,UP,P25779
C=CC(=O)Nc1ccc2ncnc(Nc3cccc(Br)c3)c2c1,C=CC(=O)Nc1cccc(Nc2nc(Nc3ccc(N4CCN(C(C)=O)CC4)cc3OC)ncc2C(F)(F)F)c1,DOWN,P00533
O=CC(CC(=O)O)NC(=O)c1ccc(CNC(=O)c2ccc(Nc3cnc4ccccc4n3)cc2)nc1,OC(=O)C[C@H](NC(=O)[C@H](CCCCNC(=O)c1ccc(Oc2cnc3ccccc3n2)cc1)c1cccs1)C=O,DOWN,P29466
Cc1ccc(C)c(c1)S(=O)(=O)N2CCN(CC2)C(=O)CCl,Cc1cccc(CN2CCN(CC2)C(=O)CCl)c1,UP,P0DTD1
CC(C)C[C@H](NC(=O)OC[C@H]1C[C@H]2CCC[C@H](C2)C1)C(=O)N[C@@H](C[C@@H]1CCNC1=O)C(O)S(=O)(=O)O,O=CC(CC1CCNC1=O)NC(=O)C(Cc1ccccc1)NC(=O)OCc1ccccc1,UP,P0DTD1
ClCC(=O)N1CCN(Cc2ccc(Br)s2)CC1,Fc1ccccc1S(=O)(=O)N2CCN(CC2)C(=O)CCl,DOWN,P0DTD1
CC(C)C[C@H](NC(=O)OC1CCC(C)(C)CC1)C(=O)N[C@@H](C[C@@H]1CCNC1=O)C(O)S(=O)(=O)O,c1ccccc1OC(=O)N[C@@H](CC(C)C)C(=O)N[C@@H](CC(C)C)C(=O)N[C@@H](C[C@@H]2CCNC2=O)C(=O)C(=O)NC3CC3,UP,P0DTD1
COc1cc2ncnc(Nc3ccc(F)c(Cl)c3)c2cc1NC(=O)\C=C\CN1CCCCC1,O=C(Nc1cc2c(Nc3ccc(F)c(Cl)c3)ncnc2cc1OCCCN1CCOCC1)C1CCCN1C(=O)C(F)Cl,DOWN,P00533
O=C(C)N[C@@H](CC(C)C)C(=O)N[C@@H](C)C(=O)N[C@@H](C(C)C)C(=O)[C@@]1(C)OC1,c1ccccc1C[C@@H](C(=O)N[C@@H](CC(C)C)C(=O)[C@@]2(C)CO2)NC(=O)[C@H](CC(C)C)NC(=O)[C@H](CCc3ccccc3)NC(=O)CN4CCOCC4,DOWN,P23638
CC(C)CC(NC(=O)C1OC1C(=O)[O-])C(=O)NCCCCNC(N)=[NH2+],CC(C)C[C@H](NC(=O)[C@@H]1O[C@H]1C(O)=O)C(=O)NCCCCNC(N)=N,UP,P43235
CC(C)C[C@H](NC(=O)OCc1ccccc1)C(=O)N[C@@H](C[C@@H]1CCNC1=O)C(=O)C(=O)NCc1ccccc1,Cc1onc(c1)C(=O)N[C@@H](C)C(=O)N[C@@H](C(C)C)C(=O)N[C@@H](CC(C)C)C(=O)N[C@@H](C[C@@H]2CCNC2=O)/C=C\C(=O)OCc3ccccc3,UP,P0DTD1
C=COC(=O)c1scc(n1)C(=O)N[C@@H](CC/C=C/C(=O)OC)C(=O)N[C@@H](CC(C)C)C(=O)N[C@@H]([C@@H](C)CC)C(=O)N[C@@H](CC(C)C)C(=O)N2[C@@H](CCC2)C(=O)N[C@H](C(=O)N3[C@H](C)CCC3)Cc4c[nH]c(c45)cccc5,Cc1scc(n1)C(=O)N[C@@H](CC/C=C/C(=O)OC)C(=O)N[C@@H](C)C(=O)N[C@@H](C(C)C)C(=O)N[C@@H](CC(C)C)C(=O)N2[C@@H](CCC2)C(=O)N[C@H](C(=O)N)Cc3c[nH]c(c34)cccc4,UP,P00488
C=CC(=O)Nc1cc(Nc2ncc(Cl)c(Nc3ccccc3S(=O)(=O)C(C)C)n2)c(OC)cc1N1CCN(CC)CC1,C=CC(=O)Nc1cccc(Nc2nc(Nc3ccc(N4CCN(C(C)=O)CC4)cc3OC)ncc2C(F)(F)F)c1,DOWN,P00533
C.CC(C)C.CC(C)CC(N)C(=O)NC(C=O)CC1CCNC1=O.O=COCc1ccccc1,COc1cccc(c12)[nH]c(c2)C(=O)N[C@@H](CC(C)C)C(=O)N[C@@H](C[C@@H]3CCNC3=O)C(=O)c(s4)nc(c45)cccc5,DOWN,P0DTD1
CC(C)CC(NC(=O)OCc1ccccc1)C(=O)NC(CC1CCNC1=O)C(O)S(=O)(=O)O,COc1cccc(c12)[nH]c(c2)C(=O)N[C@@H](CC(C)C)C(=O)N[C@@H](C[C@@H]3CCNC3=O)C(=O)c(s4)nc(c45)cccc5,DOWN,P0DTD1
C=CC(=O)Nc(c1)ccc(c12)ncnc2Nc3cccc(Br)c3,C=CC(=O)Nc1ccc2ncnc(Nc3cccc(Br)c3)c2c1,UP,P00533
CCCNC(=O)[C@@H]1[C@H](O1)C(=O)N[C@@H]([C@@H](C)CC)C(=O)N2CCC[C@H]2C(=O)OCc3ccccc3,CCOC(=O)[C@H]1O[C@@H]1C(=O)N[C@@H]([C@@H](C)CC)C(O)=O,UP,P07688
CC(=O)N1CCC[C@@H]1C(=O)N[C@@H](C)C(=O)N[C@@H](CCC(=O)O)C(=O)C1(C)CO1,CC(C)C[C@H](NC(=O)[C@H](CCc1ccccc1)NC(=O)CN1CCOCC1)C(=O)N[C@@H](Cc1ccccc1)C(=O)N[C@@H](CC(C)C)C(=O)[C@@]1(C)CO1,DOWN,P38624
CC(C)C[C@H](NC(=O)OC[C@H]1C[C@H]2CCC[C@H](C2)C1)C(=O)N[C@@H](C[C@@H]1CCNC1=O)C(O)S(=O)(=O)O,COc1cccc2[nH]c(C(=O)N[C@@H](CC(C)C)C(=O)N[C@@H](C[C@@H]3CCCNC3=O)C(=O)COC(=O)c3c(C)cc(C)nc3C)cc12,UP,P0DTD1
CC(C)C[C@H](NC(=O)c1ccncc1)C(=O)NCC(=O)CNS(=O)(=O)c1ccc(Oc2ccccc2)cc1,c1ccccc1COC(=O)N[C@@H](CC(C)C)C(=O)NNC(=O)NNC(=O)c2cccc(c2)OCc3ccccc3,DOWN,P43235
CC(C)C(NC(=O)OCc1ccccc1)C(=O)NC(Cc1ccccc1)C(=O)NC(C=O)CC1CCNC1=O,CCOC(=O)C=C[C@H](C[C@@H]1CCNC1=O)NC(=O)[C@@H](CC(=O)[C@@H](NC(=O)c1cc(C)on1)C(C)C)Cc1ccc(F)cc1,UP,P0DTD1
C1CC1NC(=O)C(=O)[C@H](CCCC)NC(=O)[C@H]([C@H]([C@H]23)C3(C)C)N(C2)C(=O)[C@H](C(C)(C)C)NC(=O)NC4(CS(=O)(=O)C(C)(C)C)CCCCC4,CC(C)(C)[C@H](NC(=O)C(F)(F)F)C(=O)N1C[C@H]2[C@@H]([C@H]1C(=O)N[C@H](C#N)C[C@@H]1CCNC1=O)C2(C)C,UP,P0DTD1
COc1cccc(c12)[nH]c(c2)C(=O)N[C@@H](CC(C)C)C(=O)N[C@@H](C[C@@H]3CCNC3=O)C(=O)COC(=O)c4ccccc4C#N,O=C[C@@H](C[C@@H]1CCNC1=O)NC(=O)[C@H](CC1CC1)NC(=O)OCc1cccc(F)c1,UP,P0DTD1
CC(C)C(NC(=O)OCc1ccccc1)C(=O)NC(Cc1ccccc1)C(=O)NC(C=O)CC1CCNC1=O,COc1cccc2[nH]c(C(=O)N[C@@H](CC(C)C)C(=O)N[C@H](C#N)C[C@@H]3CCNC3=O)cc12,UP,P0DTD1
CC(C)C[C@H](NC(=O)[C@H](Cc1ccccc1)NC(=O)[C@H](CCC1CCCCC1)NC(=O)[C@H](Cc1ccccc1)N=[N+]=[N-])C(=O)[C@@]1(C)CO1,CC[C@H](C)[C@H](NC(=O)[C@H](C)NC(=O)[C@H](CC(C)C)NC(C)=O)C(=O)C1(C)CO1,DOWN,P25043
CC(C)C(NC(=O)OCc1ccccc1)C(=O)NC(Cc1ccccc1)C(=O)NC(C=O)CC1CCNC1=O,O=C1NCC[C@H]1C[C@@H](C(=O)C(=O)NC2CC2)NC(=O)[C@H](CC(C)C)NC(=O)OCc3ccccc3,UP,P0DTD1
CCCOC(=O)CSC1=C(N2[C@@H]([C@@H]([C@@H](C)O)C2=O)[C@H]1C)C(O)=O,C[C@@H](O)[C@@H]1[C@H]2[C@@H](C)C(S[C@@H]3CN[C@@H](C3)C(=O)N(C)C)=C(N2C1=O)C(O)=O,DOWN,I6Y9J2
CC(C)C[C@H](NC(=O)OCc1ccccc1F)C(=O)N[C@@H](C[C@@H]1CCNC1=O)C(O)S(=O)(=O)O,COc1cccc(c12)[nH]c(c2)C(=O)N[C@@H](CC(C)C)C(=O)N[C@@H](C[C@@H]3CCNC3=O)C(=O)c(s4)nc(c45)cccc5,DOWN,P0DTD1
CC(C)C[C@H](NC(=O)OCc1ccc(F)cc1)C(=O)N[C@@H](C[C@@H]1CCNC1=O)C(O)S(=O)(=O)O,c1ccccc1COC(=O)N[C@@H]([C@@H](C)OC(C)(C)C)C(=O)N[C@@H](CC2CCCCC2)C(=O)N[C@H](C=O)C[C@@H]3CCNC3=O,DOWN,P0DTD1
CC(C)C[C@H](NC(=O)OC[C@@H]1C[C@H]2CCC[C@H](C2)C1)C(=O)N[C@H](C=O)C[C@@H]1CCNC1=O,COc1cccc2[nH]c(C(=O)N[C@@H](CC(C)C)C(=O)N[C@H](C#N)C[C@@H]3CCNC3=O)cc12,UP,P0DTD1
CCC[C@H]1CC[C@H](COC(=O)N[C@@H](CC(C)C)C(=O)N[C@@H](C[C@@H]2CCNC2=O)C(O)S(=O)(=O)O)CC1,O=C(N[C@@H](Cc1ccccc1)C(=O)N[C@@H](C[C@@H]1CCNC1=O)C(O)S(=O)(=O)[O-])OCc1ccccc1,UP,P0DTD1
CC(C)C[C@H](NC(=O)OCc1ccccc1)C(=O)N[C@@H](C[C@@H]1CCNC1=O)C(O)S(=O)(=O)O,O=C(N[C@@H](Cc1ccccc1)C(=O)N[C@@H](C[C@@H]1CCNC1=O)C(O)S(=O)(=O)[O-])OCc1ccccc1,UP,P0DTD1
C[C@H]1[C@@H]2CCc3cnc(Nc4ccccc4)nc3[C@]2(C=C(C#N)C1=O)c1cccc(c1)C(O)=O,N#CC(=C1)C(=O)[C@@H](C)[C@@H]([C@]12C)CCc3c2nc(nc3)Nc4ccccc4,UP,O75874
CC(C)C[C@H](NC(=O)OC1CCC(C)(C)CC1)C(=O)N[C@@H](C[C@@H]1CCNC1=O)C(O)S(=O)(=O)O,CC(C)C[C@H](NC(=O)OC[C@H]1C[C@H]2C=CC[C@H](C2)C1)C(=O)N[C@@H](C[C@@H]1CCNC1=O)C(=O)S(=O)(=O)O,DOWN,P0DTD1
C1COCCN1C(=O)N[C@@H](Cc2ccccc2)C(=O)N[C@@H](CCc3ccccc3)/C=C/S(=O)(=O)c4ccccc4,CN1CCN(CC1)C(=O)N[C@@H](CCCNC(N)=N)C(=O)N[C@@H](CCc1ccccc1)\C=C\S(=O)(=O)c1ccccc1,DOWN,P25779
O=C1NCC[C@H]1C[C@@H](/C=C/C(=O)C)NC(=O)[C@H](CC(C)C)NC(=O)[C@H](CNC(=O)C(C)(C)C)NC(=O)OCc2ccccc2,O=C1NCC[C@H]1C[C@@H](/C=C/C(=O)OCC)NC(=O)[C@H](Cc2ccccc2)NC(=O)[C@H](CCC(=O)OC(C)(C)C)NC(=O)OCc3ccccc3,DOWN,P0C6X7
CC(=O)N[C@@H](CC(C)C)C(=O)N[C@@H](C)C(=O)N[C@@H](CC(C)C)C(=O)C1(C)CO1,COc1ccc(C[C@H](NC(=O)[C@H](C)NC(=O)CN2CCOCC2)C(=O)N[C@@H](CCC2CCCCC2)C(=O)[C@@]2(C)CO2)cc1,UP,P25043
CC(C)C[C@H](NC(=O)OCc1ccccc1)C(=O)N[C@@H](C[C@@H]1CCNC1=O)C(O)S(=O)(=O)O,c1cccnc1CNC(=O)C(=O)[C@H](CCC)NC(=O)[C@H](CC(C)C)NC(=O)Oc2ccccc2,DOWN,P0DTD1
Cc1ccc(cc1)C(=O)N2CCN(CC2)C(=O)CCl,ClCC(=O)N1CCN(Cc2ccc(Cl)s2)CC1,UP,P0DTD1
CC(=O)N[C@@H](CC(C)C)C(=O)N[C@@H](C)C(=O)N[C@@H](CC(C)C)C(=O)C1(C)CO1,COc1ccc(C[C@H](NC(=O)[C@H](C)NC(=O)CN2CCOCC2)C(=O)N[C@@H](CC2CCC3CCCCC3C2)C(=O)[C@@]2(C)CO2)cc1,UP,P25043
CC(=O)N1CCC[C@H]1C(=O)N[C@@H](C)C(=O)N[C@@H](CC(=O)O)C(=O)C1(C)CO1,COc1ccc(C[C@H](NC(=O)[C@H](C)NC(=O)CN2CCOCC2)C(=O)N[C@@H](Cc2ccccc2)C(=O)[C@@]2(C)CO2)cc1,DOWN,P38624
CC(C)C[C@H](NC(=O)OC[C@H]1C[C@H]2CCC[C@H](C2)C1)C(=O)N[C@@H](C[C@@H]1CCNC1=O)C(O)S(=O)(=O)O,O=C(N[C@@H](Cc1ccccc1)C(=O)N[C@@H](C[C@@H]1CCNC1=O)C(O)S(=O)(=O)[O-])OCc1ccccc1,UP,P0DTD1
CC(C)(O)[C@H]1[C@H]2SC(C)(C)[C@@H](N2C1=O)C(O)=O,CC1(C)S[C@@H]2[C@H](NC(=O)[C@H](N)c3ccccc3)C(=O)N2[C@H]1C(O)=O,UP,P14489
C1COCCN1C(=O)N[C@@H](CC(C)C)C(=O)N[C@H](CCc2ccccc2)/C=C/S(=O)(=O)c3ccccc3,CCOC(=O)C1CCN(CC1)C(=O)N[C@@H](Cc2ccc(O)cc2)C(=O)N[C@@H](CCc3ccccc3)/C=C/S(=O)(=O)c4ccccn4,DOWN,Q8MNY2
CC[C@H]1O[C@@H]1C\C=C/C\C=C/C\C=C/C\C=C/CCCC(O)=O,CC\C=C/C[C@H]1O[C@@H]1C\C=C/C\C=C/C\C=C/CCCC(O)=O,UP,A0A0H2ZD27
CC(C)[C@H](NC(=O)[C@H](CC(N)=O)NC(=O)N[C@H](C)c1ccc(Br)cc1)C(=O)N[C@@H](CCCNC(N)=N)C(=O)[C@H]1NC=CS1,CC(C)[C@H](NC(=O)[C@H](CCCNC(N)=O)NC(=O)N[C@H](C)c1ccc(Br)cc1)C(=O)N[C@@H](CCCNC(N)=N)C(=O)c1nccs1,DOWN,P03951
c1ccccc1COC(=O)N[C@@H](CC(C)C)CN2C[C@H](C(=O)C2)NC(=O)[C@H](CC(C)C)NC(=O)OCc3ccncc3,c1ccccc1COC(=O)N[C@@H](CC(C)C)c2nc(cs2)C(=O)NNC(=O)[C@H](CC(C)C)NC(=O)OCc3ccccc3,DOWN,P43235
CN1CCN(CC1)c1ccc(Nc2ncc(Cl)c(Nc3ccccc3NC(=O)C=C)n2)cc1,CN1CCN(CC1)c1ccc(Nc2ncc(Cl)c(Nc3ccccc3OC(=O)C=C)n2)cc1,DOWN,O43318
NC(=N)NCCC[C@H](NC(=O)[C@@H]1CCN2CC[C@@](N)(Cc3ccccc3)C(=O)N12)C(=O)C(=O)NCCc1ccccc1,NC(=N)NCCC[C@H](NC(=O)[C@@H]1CCN2CC[C@@](N)(Cc3ccccc3)C(=O)N12)C(=O)c1nccs1,UP,P00734
CC(C)CC(NC(=O)OCc1ccccc1)C(=O)NC(CC1CCNC1=O)C(O)S(=O)(=O)O,CC(C)C[C@H](NC(=O)OCc1ccccc1)C(=O)N[C@@H](C[C@@H]1CCNC1=O)C(=O)C(=O)NCc1ccccc1,DOWN,P0DTD1
CC(C)[C@H](NC(=O)C(=O)c1cccc(Cl)c1)C(=O)N[C@@H](CCCNC(=N)N)C(=O)c1nccs1,CC(C)[C@H](NC(=O)[C@H](CCCNC(N)=O)NC(=O)N[C@H](C)c1ccc(Br)cc1)C(=O)N[C@@H](CCCNC(N)=N)C(=O)c1nccs1,DOWN,P03951
CC(=O)N1CCN(CC1)C(=O)CCl,Oc1ccccc1NC(=O)C2CCN(CC2)C(=O)CCl,DOWN,P0DTD1
CC(C)C[C@H](NC(=O)OCc1ccccc1)C(=O)N[C@@H](C[C@@H]1CCNC1=O)C(=O)C(=O)NCc1ccccc1,O=CC(CC1CCNC1=O)NC(=O)C(Cc1ccccc1)NC(=O)OCc1ccccc1,UP,P0DTD1
CC(C)[C@H](NC(=O)[C@@H](NC(=O)[C@@H]1OC(=O)[C@H]1C(C)C)C(C)C)C(=O)O,CC(C)[C@H](NC(=O)[C@@H]1OC(=O)[C@H]1C(C)C)C(=O)N[C@H](C(=O)OCc1ccccc1)C(C)C,DOWN,P25043
Cc1ccc(C)c(c1)S(=O)(=O)N2CCN(CC2)C(=O)CCl,ClCC(=O)N1CCN(CC1)S(=O)(=O)c2ccc(Cl)s2,DOWN,P0DTD1
C=C(F)C(=O)Nc1cccc(C)c1Nc1ncc(OCc2c(Cl)c(OC)cc(OC)c2Cl)cn1,Cc1cccc(NC(=O)C=C)c1Nc2cc(ncn2)-c3cccnc3Nc4c(Cl)c(OC)cc(c4Cl)OC,UP,P22455
CC(C)C[C@H](NC(=O)OC[C@H]1C[C@H]2CCC[C@H](C2)C1)C(=O)N[C@H](C=O)C[C@@H]1CCNC1=O,CC(C)C[C@H](NC(=O)OCc1ccccc1F)C(=O)N[C@@H](C[C@@H]1CCNC1=O)C(O)S(=O)(=O)O,UP,P0DTD1
CC(=O)N[C@@H](CC(=O)O)C(=O)N[C@@H](CCC(=O)O)C(=O)N[C@H](C(=O)N[C@H](C=O)CC(=O)O)C(C)C,CSCC[C@H](NC(=O)[C@H](CC(=O)O)NC(C)=O)C(=O)N[C@@H](CCC(N)=O)C(=O)N[C@H](C=O)CC(=O)O,UP,P42574
CC(C)CC(NC(=O)OCc1ccccc1)C(=O)NC(CC1CCNC1=O)C(O)S(=O)(=O)O,O=C(N[C@@H](Cc1ccccc1)C(=O)N[C@@H](C[C@@H]1CCNC1=O)C(O)S(=O)(=O)[O-])OCc1ccccc1,UP,P0DTD1
O=C1NCC[C@H]1C[C@@H](/C=C/C(=O)OCC)NC(=O)[C@H](Cc2ccccc2)NC(=O)OCc3ccccc3,O=C1NCC[C@H]1C[C@@H](/C=C/C(=O)OCC)NC(=O)[C@H](Cc2ccccc2)NC(=O)[C@H](CC(=O)OC(C)(C)C)NC(=O)OCc3ccccc3,DOWN,A1E4A3
Cc1ccc(C)c(c1)S(=O)(=O)N2CCN(CC2)C(=O)CCl,Cc1ccc(c(C)c1)S(=O)(=O)N2CCN(CC2)C(=O)CCl,DOWN,P0DTD1
O=C(/C=C/c1ccccc1)NC(CC1CC1)C(=O)NC(CC1CCNC1=O)C(=O)C(=O)NCc1ccccc1,O=C1NCC[C@H]1C[C@@H](/C=C/C(=O)C2CC2)NC(=O)[C@H](CC(C)C)NC(=O)[C@H]([C@@H](C)OC(C)(C)C)NC(=O)OCc3ccccc3,DOWN,P0C6X7
CC(=O)NNC(=O)[C@@H]1CC[C@@H]2CN1C(=O)N2OS(O)(=O)=O,[C@@H]12CC[C@@H](C(=O)N)N(C1)C(=O)N2OS([O-])(=O)=O,UP,Q6XEC0
CC[C@H](CCCCNC(=O)c1ccc(Nc2cnc3ccccc3n2)cc1)C(=O)N[C@@H](CC(O)=O)C=O,OC(=O)C[C@H](NC(=O)[C@H](CCCCNC(=O)c1ccc(Oc2cnc3ccccc3n2)cc1)c1cccs1)C=O,DOWN,P29466
CC(C)C(NC(=O)OCc1ccccc1)C(=O)NC(Cc1ccccc1)C(=O)NC(C=O)CC1CCNC1=O,CC(C)[C@H](NS(C)(=O)=O)C(=O)N1C[C@H]2[C@@H]([C@H]1C(=O)N[C@@H](C[C@@H]1CCNC1=O)C(=O)c1nc3ccccc3s1)C2(C)C,DOWN,P0DTD1
CC(C)C[C@H](NC(=O)OCC1=CC=CC=C1)C(=O)N[C@@H](C[C@@H]1CCNC1=O)[C@H](O)S(O)(=O)=O,CC(C)C[C@H](NC(=O)OCC1CCC(F)(F)CC1)C(=O)N[C@@H](C[C@@H]1CCNC1=O)[C@H](O)S(O)(=O)=O,DOWN,P0DTD1
C.CC(C)C.CC(C)CC(N)C(=O)NC(C=O)CC1CCNC1=O.O=COCc1ccccc1,CC(C)C[C@H](NC(=O)OCC1CCC(F)(F)CC1)C(=O)N[C@@H](C[C@@H]1CCNC1=O)[C@H](O)S(O)(=O)=O,DOWN,P0DTD1
CC(C)C[C@H](NC(=O)OC[C@H]1C[C@H]2C=C[C@@H]1C2)C(=O)N[C@@H](C[C@@H]1CCNC1=O)C(O)S(=O)(=O)O,COc1cccc(c12)[nH]c(c2)C(=O)N[C@@H](CC(C)C)C(=O)N[C@@H](C[C@@H]3CCNC3=O)C(=O)COC(=O)c4ccccc4C#N,DOWN,P0DTD1
C=CC(=O)Nc1cccc(-n2c(=O)cc(C)c3cnc(Nc4ccc(N5CCN(C)CC5)cc4OC)nc32)c1,C=CC(=O)Nc1cccc(Oc2nc(Nc3ccc(N4CCN(C)CC4)cc3OC)ncc2Cl)c1,DOWN,P00533
CC(C)C[C@H](NC(=O)OC[C@H]1C[C@H]2CCC[C@H](C2)C1)C(=O)N[C@H](C=O)C[C@@H]1CCNC1=O,COc1cccc2[nH]c(C(=O)N[C@@H](CC(C)C)C(=O)N[C@H](C#N)C[C@@H]3CCNC3=O)cc12,UP,P0DTD1
C=CC(=O)Nc1cc(-c2c[nH]c3ncnc(Nc4ccc(CN5C(=O)c6ccccc6C5=O)cc4)c23)ccc1OCCN(C)C,C=CC(=O)Nc1cc(-c2c[nH]c3ncnc(Nc4ccc(CN5C(=O)c6ccccc6C5=O)cc4)c23)ccc1OCCO,UP,P00533
CC(=O)N[C@H](Cc1ccccc1)C(=O)N1CCC[C@H]1C(=O)N[C@@H](CCCNC(N)=N)B(O)O,N=C(N)NCCC[C@H](NC(=O)[C@@H]1CCCN1C(=O)[C@H](N)Cc1ccccc1)C(=O)CCl,UP,P00734
O=C1NCC[C@H]1C[C@@H](/C=C/C(=O)OCC)NC(=O)[C@H](Cc2ccccc2)NC(=O)OCc3ccccc3,O=C1NCC[C@H]1C[C@@H](/C=C/C(=O)OCC)NC(=O)[C@H](Cc2ccccc2)NC(=O)[C@H]([C@@H](C)OC(C)(C)C)NC(=O)OCC3c(cccc4)c4c(c35)cccc5,DOWN,Q5UEA2
CC(C)C[C@H](NC(=O)OC(C)(C)C1CCC(F)(F)CC1)C(=O)N[C@@H](C[C@@H]1CCNC1=O)C(O)S(=O)(=O)O,O=C1NCC[C@H]1C[C@@H](C(=O)C(=O)NC2CC2)NC(=O)[C@H](CC(C)C)NC(=O)OCc3ccccc3,UP,P0DTD1
CC(C)C[C@H](NC(=O)OCc1ccccc1F)C(=O)N[C@@H](C[C@@H]1CCNC1=O)C(O)S(=O)(=O)O,CCOC(=O)/C=C/C(CC1CCNC1=O)NC(=O)C(CC(C)C)NC(=O)C(NC(=O)OCc1ccccc1)C(C)OC(C)(C)C,DOWN,P0DTD1
C.CC(C)C.CC(C)CC(N)C(=O)NC(C=O)CC1CCNC1=O.O=COCc1ccccc1,CC(C)C[C@H](NC(=O)OC[C@@H]1C[C@H]2C=CC[C@H](C2)C1)C(=O)N[C@@H](C[C@@H]1CCNC1=O)C(=O)S(=O)(=O)O,DOWN,P0DTD1
CC(C)C[C@H](NC(=O)N1CCNCC1)C(=O)N[C@@H](CCc1ccccc1)\C=C\S(=O)(=O)c1ccccc1,N#CN1C[C@@H](CC1)NC(=O)[C@H](CC(C)C)NC(=O)OCc2ccccc2,UP,P43235
C=CC(=O)Nc1cccc(-c2c[nH]c3ncc(C(N)=O)cc23)c1,NC(=O)c1cnn2cccc2c1NCc1cccc(NC(=O)C=C)c1,UP,P52333
CC(C)C[C@H](NC(=O)OCc1ccccc1)C(=O)N[C@H](C=O)C[C@@H]1CCNC1=O,O=C1NCC[C@H]1C[C@@H](/C=C/C(=O)OCC)NC(=O)[C@H](CC=C(C)C)CC(=O)[C@H](C(C)C)NC(=O)c2cc(on2)C,DOWN,P0C6X7
CC(C)N(C)C(=O)C1CCN(CC1)C(=O)CCl,c1ccccc1N(C)C(=O)C2CCN(CC2)C(=O)CCl,DOWN,P0DTD1
CC1(C)[C@H](NC(=O)C(=N/OCc2cc(=O)c(O)cn2[O-])\c2csc(N)n2)C(=O)N1OS(O)(=O)=O,Nc1nc(cs1)C(=N\OCc1cc(=O)c(O)cn1[O-])\C(=O)N[C@@H]1CON(C1=O)[C@@]1(CCC(=O)O1)C(O)=O,UP,-
COc1cccc(c12)[nH]c(c2)C(=O)N[C@@H](CC(C)C)C(=O)N[C@@H](C[C@@H]3CCNC3=O)C(=O)c(s4)nc(c45)cccc5,COc1cccc2[nH]c(C(=O)N[C@@H](CC(C)C)C(=O)N[C@H](C=O)C[C@@H]3CCNC3=O)cc12,UP,P0DTD1
CC(C)C[C@H](NC(=O)OCc1ccccc1)C(=O)N[C@@H](C[C@@H]1CCNC1=O)C(=O)C(=O)NCc1ccccc1,CC(C)C[C@H](NC(=O)OCc1ccccc1)C(=O)N[C@@H](C[C@@H]1CCNC1=O)C(O)S(=O)(=O)O,UP,P0DTD1
C=CC(=O)N1C[C@@H](CCC1)n2nc(c(c23)c(N)ncn3)-c4ccc(cc4)Oc5ccccc5,Oc1ccc(cc1)-c2nn(c(c23)ncnc3N)[C@@H]4CCCN(C4)C(=O)C=C,UP,O14733
CC(=O)OCC1=C(N2[C@H](SC1)[C@H](NC(=O)Cc1cccs1)C2=O)C(O)=O,Cn1nnnc1SCC1=C(N2[C@H](SC1)[C@H](NC(=O)[C@H](O)c1ccccc1)C2=O)C(O)=O,DOWN,P9WKD3
Cc1ccc(C)c(c1)S(=O)(=O)N2CCN(CC2)C(=O)CCl,ClCC(=O)N1CCN(CC1)S(=O)(=O)c2cccs2,DOWN,P0DTD1
CC(C)CC(NC(=O)OCc1ccc(F)cc1)C(=O)NC(CC1CCNC1=O)C(O)S(=O)(=O)O,Cc1onc(c1)C(=O)N[C@@H](C)C(=O)N[C@@H](C(C)C)C(=O)N[C@@H](CC(C)C)C(=O)N[C@@H](C[C@@H]2CCNC2=O)/C=C\C(=O)OCc3ccccc3,UP,P0DTD1
CC(=O)N1CCC[C@@H]1C(=O)N[C@@H](C)C(=O)N[C@@H](C)C(=O)C1(C)CO1,C[C@H](NC(=O)[C@H](Cc1ccccc1)NC(=O)[C@H](Cc1ccc(-c2ccccc2)cc1)NC(=O)[C@H](Cc1ccccc1)N=[N+]=[N-])C(=O)[C@@]1(C)CO1,DOWN,P30656
COc1cccc2[nH]c(C(=O)NC(CC(C)C)C(=O)NC(CC3CCNC3=O)C(=O)c3nc4ccccc4s3)cc12,O=CC(CC1CCNC1=O)NC(=O)C(Cc1ccccc1)NC(=O)OCc1ccccc1,UP,P0DTD1
CC[C@H](C)[C@H](NC(=O)[C@H]1O[C@@H]1C(=O)NCc1ccccc1)C(=O)N1CCC[C@H]1C(O)=O,c1ccccc1CNC(=O)[C@H]2O[C@@H]2C(=O)N[C@@H]([C@@H](C)CC)C(=O)N3CCC[C@H]3C(=O)OCc4ccccc4,DOWN,P07688
CCCCC(NC(=O)C1C2C(CN1C(=O)C(NC(=O)NC1(CS(=O)(=O)C(C)(C)C)CCCCC1)C(C)(C)C)C2(C)C)C(=O)C(=O)NC1CC1,CCC[C@H](NC(=O)[C@@H]1[C@H]2CCC[C@H]2CN1C(=O)[C@@H](NC(=O)[C@@H](NC(=O)c1cnccn1)C1CCCCC1)C(C)(C)C)C(=O)C(=O)NC1CC1,DOWN,P0DTD1
CC(C)C[C@H](NC(=O)OC[C@@H]1C[C@H]2C=CC[C@H](C2)C1)C(=O)N[C@@H](C[C@@H]1CCNC1=O)C(=O)S(=O)(=O)O,COc1cccc(c12)[nH]c(c2)C(=O)N[C@@H](CC(C)C)C(=O)N[C@@H](C[C@@H]3CCNC3=O)C(=O)COC(=O)c4ccccc4C#N,DOWN,P0DTD1
COc1cccc(c12)[nH]c(c2)C(=O)N[C@@H](CC(C)C)C(=O)N[C@@H](C[C@@H]3CCNC3=O)C(=O)c(s4)nc(c45)cccc5,Cc1onc(c1)C(=O)N[C@@H](C)C(=O)N[C@@H](C(C)C)C(=O)N[C@@H](CC(C)C)C(=O)N[C@@H](C[C@@H]2CCNC2=O)/C=C\C(=O)OCc3ccccc3,UP,P0DTD1
C=CC(=O)Nc1ccc(CN(C(=O)Nc2c(Cl)c(OC)cc(OC)c2Cl)c2cc(Nc3ccc(N4CCN(C)CC4)cc3)ncn2)cc1,CC(=O)N1CCN(CC1)c2ccc(c(c2)OC)Nc3ncc(C(F)(F)F)c(n3)Nc4cccc(c4)NC(=O)C=C,DOWN,P00533
[O-][N+](=O)c1ccccc1N2CCN(CC2)C(=O)CCl,c1cccc(c12)[C@@H](CN(C2)C(=O)CCl)c3ccccc3,UP,P0DTD1
CN(C)C/C=C/C(=O)Nc1cc2c(Nc3ccc(F)c(Cl)c3)ncnc2cc1OC1CCOC1,O=C(Nc1cc2c(Nc3ccc(F)c(Cl)c3)ncnc2cc1OCCCN1CCOCC1)C1CCCN1C(=O)C(F)Cl,DOWN,P00533
COc1cccc2[nH]c(C(=O)N[C@@H](CC(C)C)C(=O)N[C@@H](C[C@@H]3CCCNC3=O)C(=O)COC(=O)c3c(C)cc(C)nc3C)cc12,Cc1onc(c1)C(=O)N[C@@H](C)C(=O)N[C@@H](C(C)C)C(=O)N[C@@H](CC(C)C)C(=O)N[C@@H](C[C@@H]2CCNC2=O)/C=C\C(=O)OCc3ccccc3,UP,P0DTD1
CC(C)CC(NC(=O)OC(C)C1CCC(F)(F)CC1)C(=O)NC(C=O)CC1CCNC1=O,Cc1onc(c1)C(=O)N[C@@H](C)C(=O)N[C@@H](C(C)C)C(=O)N[C@@H](CC(C)C)C(=O)N[C@@H](C[C@@H]2CCNC2=O)/C=C\C(=O)OCc3ccccc3,UP,P0DTD1
C#CCNC(=O)C(CC(C)C)NC(c1ccc(-c2ccc(S(C)(=O)=O)cc2)cc1)C(F)(F)F,N#CCNC(=O)[C@H](CC(C)C)N[C@H](C(F)(F)F)c1ccc(cc1)-c2ccc(cc2)S(=O)(=O)N,DOWN,P43235
ClCC(=O)N1CCN(Cc2cccc(Cl)c2)CC1,c1ccccc1N(C)C(=O)C2CCN(CC2)C(=O)CCl,DOWN,P0DTD1
COc1ccc(C[C@H](NC(=O)[C@H](C)NC(=O)CN2CCOCC2)C(=O)N[C@@H](CCC2CCCCC2)C(=O)[C@@]2(C)CO2)cc1,COc1ccc(C[C@H](NC(=O)[C@H](C)NC(=O)CN2CCOCC2)C(=O)N[C@@H](Cc2ccccc2)C(=O)[C@@]2(C)CO2)cc1,DOWN,P25043
CC(=O)N1CCN(CC1)C(=O)CCl,Cc1ccc(c(C)c1)S(=O)(=O)N2CCN(CC2)C(=O)CCl,DOWN,P0DTD1
CC(C)C(NC(=O)OCc1ccccc1)C(=O)NC(Cc1ccccc1)C(=O)NC(C=O)CC1CCNC1=O,c1ccccc1COC(=O)N[C@@H]([C@@H](C)OC(C)(C)C)C(=O)N[C@@H](CC2CCCCC2)C(=O)N[C@H](C=O)C[C@@H]3CCNC3=O,DOWN,P0DTD1
CC(C)C[C@H](NC(=O)OC1CCC(C)(C)CC1)C(=O)N[C@@H](C[C@@H]1CCNC1=O)C(O)S(=O)(=O)O,O=C(N[C@@H](Cc1ccccc1)C(=O)N[C@@H](C[C@@H]1CCNC1=O)C(O)S(=O)(=O)[O-])OCc1ccccc1,UP,P0DTD1
CC(C)C[C@H](NC(=O)OCc1ccccc1)C(=O)N[C@@H](C[C@@H]1CCNC1=O)C(=O)C(=O)NCc1ccccc1,c1ccccc1OC(=O)N[C@@H](CC(C)C)C(=O)N[C@@H](CC(C)C)C(=O)N[C@@H](C[C@@H]2CCNC2=O)C(=O)C(=O)NC3CC3,UP,P0DTD1
CN1CCN(Cc2ccc(cc2)C(=O)NCc2cccc(COc3ccccc3NC(=O)c3cc(ccc3Cl)[N+]([O-])=O)c2)CC1,COc1ccc2nccc(NC(=O)c3cc([N+](=O)[O-])ccc3Cl)c2c1,UP,P37231
O=C1NCC[C@H]1C[C@@H](/C=C/C(=O)OCC)NC(=O)[C@H](Cc2ccccc2)NC(=O)[C@H](CC(=O)OC(C)(C)C)NC(=O)OCc3ccccc3,c1ccccc1COC(=O)N[C@@H]([C@@H](C)OC(C)(C)C)C(=O)N[C@@H](CC2CCCCC2)C(=O)N[C@H](C=O)C[C@@H]3CCNC3=O,DOWN,P0C6X7
CC(C)C[C@H](NC(=O)[C@@H](NC(=O)c1cc2ccccc2[nH]1)C(C)C)C(=O)N[C@H](C=O)C[C@@H]1CCNC1=O,O=C1NCC[C@H]1C[C@@H](/C=C/C(=O)OCC)NC(=O)[C@H](Cc2ccccc2)NC(=O)[C@H](CC(=O)OC(C)(C)C)NC(=O)OCc3ccccc3,DOWN,P0C6X7
COc1cccc(c12)[nH]c(c2)C(=O)N[C@@H](CC(C)C)C(=O)N[C@@H](C[C@@H]3CCNC3=O)C(=O)COC(=O)c4ccccc4C#N,COc1cccc2[nH]c(C(=O)N[C@@H](CC(C)C)C(=O)N[C@@H](C[C@@H]3CCCNC3=O)C(=O)COC(=O)c3c(C)cc(C)nc3C)cc12,UP,P0DTD1
O=C1NCC[C@H]1C[C@@H](/C=C/C(=O)OCC)NC(=O)[C@H](CC(C)C)NC(=O)[C@H]([C@@H](C)OC(C)(C)C)NC(=O)OCc2ccccc2,c1cccc(c12)[nH]c(c2)C(=O)N[C@@H](CC3CCCCC3)C(=O)N[C@H](C=O)C[C@@H]4CCNC4=O,UP,P0DTD1
CC(C)C[C@H](NC(=O)[C@H](Cc1ccccc1)NC(=O)[C@H](CCC1CCCCC1)NC(=O)[C@H](Cc1ccccc1)N=[N+]=[N-])C(=O)[C@@]1(C)CO1,CCCC[C@H](NC(=O)[C@@H]1CC(F)(F)CN1C(=O)[C@H](C)NC(=O)CN=[N+]=[N-])C(=O)N[C@@H](CC(C)C)C(=O)C1(C)CO1,UP,P25043
N#Cc1nc(nc(n1)N1CCOCC1)N(Cc1cn2ccccc2n1)C1CCCC1,c1nccnc1CN(C2CCCC2)c3nc(C#N)nc(n3)N4CCOCC4,DOWN,P07711
O=C[C@@H](C[C@@H]1CCNC1=O)NC(=O)[C@H](CC1CC1)NC(=O)OCc1cccc(F)c1,c1cccc(c12)[nH]c(c2)C(=O)N[C@@H](CC3CCCCC3)C(=O)N[C@H](C=O)C[C@@H]4CCNC4=O,DOWN,P0DTD1
CC(C)C[C@H](NC(=O)OCc1ccccc1)C(=O)N[C@@H](C[C@@H]1CCNC1=O)C(=O)C(=O)NCc1ccccc1,c1ccccc1COC(=O)N[C@@H]([C@@H](C)OC(C)(C)C)C(=O)N[C@@H](CC2CCCCC2)C(=O)N[C@H](C=O)C[C@@H]3CCNC3=O,DOWN,P0DTD1
CC(C)C(NC(=O)OCc1ccccc1)C(=O)NC(CC1CCCCC1)C(=O)NC(C=O)CC1CCNC1=O,COc1cccc(c12)[nH]c(c2)C(=O)N[C@@H](CC(C)C)C(=O)N[C@@H](C[C@@H]3CCNC3=O)C(=O)COC(=O)c4ccccc4C#N,DOWN,P0DTD1
CC(C)C[C@H](NC(=O)OC[C@H]1C[C@H]2C=CC[C@H](C2)C1)C(=O)N[C@@H](C[C@@H]1CCNC1=O)C(=O)S(=O)(=O)O,CC(C)C[C@H](NC(=O)OCc1ccccc1)C(=O)N[C@@H](C[C@@H]1CCNC1=O)C(O)S(=O)(=O)O,UP,P0DTD1
C1OCOCC1(CC)OC(=O)N[C@@H](CC(C)C)C(=O)N[C@H](C=O)C[C@@H]2CCNC2=O,CC(C)C[C@H](NC(=O)OCC1CCC(F)(F)CC1)C(=O)N[C@@H](C[C@@H]1CCNC1=O)[C@H](O)S(O)(=O)=O,UP,T2B9U0
CC(C)C[C@H](NC(=O)OCc1ccc(F)cc1)C(=O)N[C@@H](C[C@@H]1CCNC1=O)C(O)S(=O)(=O)O,O=C1NCC[C@H]1C[C@@H](C(=O)C(=O)NC2CC2)NC(=O)[C@H](CC(C)C)NC(=O)OCc3ccccc3,UP,P0DTD1
CC(C)[C@H](NC(=O)[C@H](CCC(O)=O)NC(=O)[C@H](CC(O)=O)NC(=O)OCc1ccccc1)C(=O)NN(CC(O)=O)C(=O)[C@H]1O[C@@H]1C(=O)NCc1ccccc1,CC(C)[C@H](NC(=O)[C@H](CCC(O)=O)NC(=O)[C@H](CC(O)=O)NC(=O)OCc1ccccc1)C(=O)NN(CC(O)=O)C(=O)\C=C\C(=O)OCc1ccccc1,DOWN,P42574
CC(C)C[C@H](NC(=O)OC[C@@H]1C[C@H]2C=CC[C@H](C2)C1)C(=O)N[C@@H](C[C@@H]1CCNC1=O)C(=O)S(=O)(=O)O,CCOC(=O)/C=C/C(CC1CCNC1=O)NC(=O)C(CC(C)C)NC(=O)C(NC(=O)OCc1ccccc1)C(C)OC(C)(C)C,DOWN,P0DTD1
CC(C)CC(NC(=O)OCc1ccccc1)C(=O)NC(CC1CCNC1=O)C(O)S(=O)(=O)O,CC(C)C[C@H](NC(=O)OC[C@@H]1C[C@H]2C=CC[C@H](C2)C1)C(=O)N[C@@H](C[C@@H]1CCNC1=O)C(=O)S(=O)(=O)O,DOWN,P0DTD1
CC(C)C[C@H](NC(=O)OCc1ccccc1)C(=O)N[C@@H](CC(C)C)C(=O)N[C@@H](CC(C)C)C(=O)[C@@]1(C)CO1,CC(C)C[C@H](NC(=O)[C@H](CCc1ccccc1)NC(=O)CN1CCOCC1)C(=O)N[C@@H](Cc1ccccc1)C(=O)N[C@@H](CC(C)C)C(=O)[C@@]1(C)CO1,DOWN,P25043
COc1cccc(c12)[nH]c(c2)C(=O)N[C@@H](CC(C)C)C(=O)N[C@@H](C[C@@H]3CCNC3=O)C(=O)COC(=O)c4ccccc4C#N,Cc1onc(c1)C(=O)N[C@@H](C)C(=O)N[C@@H](C(C)C)C(=O)N[C@@H](CC(C)C)C(=O)N[C@@H](C[C@@H]2CCNC2=O)/C=C\C(=O)OCc3ccccc3,UP,P0DTD1
CC(C)C[C@H](NC(=O)OCc1ccccc1)C(=O)N[C@H](C=O)C[C@@H]1CCNC1=O,O=C1NCC[C@H]1C[C@@H](/C=C/C(=O)OCC)NC(=O)[C@H](Cc2ccccc2)NC(=O)OCc3ccccc3,DOWN,P0C6X7
COc1ccc(C[C@H](NC(=O)[C@@H](C)NC(=O)C2=CC3=CCC=CC3=C2C)C(=O)N[C@@H](Cc2ccccc2)C(=O)[C@@]2(C)CO2)cc1,COc1ccc(C[C@H](NC(=O)[C@H](C)NC(=O)C2=CC3=CCC=CC3=C2C)C(=O)N[C@@H](Cc2ccccc2)C(=O)[C@@]2(C)CO2)cc1,DOWN,P30656
CC(C)CC(NC(=O)C(NC(=O)OCc1ccccc1)C(C)C)C(=O)NC(C=O)CC1CCNC1=O,Cc1onc(c1)C(=O)N[C@@H](C)C(=O)N[C@@H](C(C)C)C(=O)N[C@@H](CC(C)C)C(=O)N[C@@H](C[C@@H]2CCNC2=O)/C=C\C(=O)OCc3ccccc3,UP,P0DTD1
ClCC(=O)N1CCN(Cc2ccc(Cl)s2)CC1,Fc1ccccc1S(=O)(=O)N2CCN(CC2)C(=O)CCl,DOWN,P0DTD1
COc1cccc2[nH]c(C(=O)N[C@@H](CC(C)C)C(=O)N[C@H](C=O)C[C@@H]3CCNC3=O)cc12,O=C1NCC[C@H]1C[C@@H](C(=O)C(=O)NC2CC2)NC(=O)[C@H](CC(C)C)NC(=O)OCc3ccccc3,UP,P0DTD1
C=CC(=O)Nc1cc(Nc2ncc(Cl)c(Nc3ccccc3S(=O)(=O)C(C)C)n2)c(OC)cc1N1CCN(CC)CC1,C=CC(=O)Nc1cccc(Oc2nc(Nc3ccc(N4CCN(C)CC4)cc3OC)ncc2Cl)c1,DOWN,P00533
C=CC(=O)N1CCN(C(=O)COc2ccc(Cl)cc2Cl)CC1,FC(F)(F)c1ccccc1-c(c2F)c(Cl)cc(c23)c(ncn3)N4CCN(CC4)C(=O)C=C,UP,P01116
C=CC(=O)Nc1cc(-c2c[nH]c3ncnc(Nc4ccc(CN5C(=O)c6ccccc6C5=O)cc4)c23)ccc1OCCN(C)C,C=CC(=O)Nc1cc(-c2c[nH]c3ncnc(Nc4ccc5c(cnn5Cc5ccccc5)c4)c23)ccc1OCCO,UP,P00533
CC(C)C[C@H](NC(=O)OC1(Cc2ccccc2)CCN(CC1)C(=O)OC(C)(C)C)C(=O)N[C@@H](C[C@@H]1CCNC1=O)[C@H](O)S(O)(=O)=O,CC(C)C[C@H](NC(=O)OCCc1cccc(Cl)c1)C(=O)N[C@@H](C[C@@H]1CCNC1=O)[C@H](O)S(O)(=O)=O,UP,K9N638
O=C([O-])c1nnn(c1)C[C@@H](B(O)O)NC(=O)Cc2cccs2,OB(O)[C@@H](NC(=O)Cc1cccs1)c1cccc(c1)C(O)=O,UP,Q6DRA1
C#CC1CCC(C#N)N1C(=O)C(N)C1CCCC1,CC#CC1CCC(C#N)N1C(=O)C(N)C1CCCC1,UP,P14740
CC(C)N(C)C(=O)C1CCN(CC1)C(=O)CCl,ClCC(=O)N1CCC(CC1)C(=O)N2CCCCC2,DOWN,P0DTD1
CC(C)C[C@H](NC(=O)[C@@H](Cc1ccc(CN)cc1)NC(=O)[C@H](Cc1ccccc1)N=[N+]=[N-])C(=O)N[C@H](C=CS(C)(=O)=O)Cc1ccc(CN)cc1,CC(C)C[C@H](NC(=O)[C@H](CCc1ccccc1)NC(=O)CN1CCOCC1)C(=O)N[C@@H](Cc1ccccc1)C(=O)N[C@@H](CC(C)C)C(=O)[C@@]1(C)CO1,DOWN,P30656
CC[C@H](C)[C@@H]1C(=O)O[C@H]1C(=O)NCCCC[C@H](NC(=O)[C@H](C)NC(=O)OCc1ccccc1)C(=O)OCc1ccccc1,CC[C@H](C)[C@@H]1C(=O)O[C@H]1C(=O)N[C@H]1C[C@H]1C[C@@H](CCc1ccccc1)NC(=O)[C@H](C)NC(=O)OCc1ccccc1,DOWN,P30656
N=C(N)NCCC[C@H](NC(=O)[C@@H]1CCCN1C(=O)[C@@H](Cc1ccccc1)NC(=O)CS)C(=O)CCl,N[C@H](Cc1ccccc1)C(=O)N([C@@H](CCCNC(N)=N)C(=O)c1nc2ccccc2s1)C(=O)[C@@H]1CCCN1,UP,P00734
Fc1ccccc1-c(c(Cl)c2)cc(c23)ncnc3N4CCN(CC4)C(=O)C=C,Oc1cccc(F)c1-c(c2F)c(Cl)cc(c23)c(ncn3)N4CCN(CC4)C(=O)C=C,UP,P01116
OB(O)[C@H](Cc1cccc(c1)C(O)=O)NC(=O)Cc1cccs1,OB(O)[C@H](Cn1cc(nn1)-c1cccc(c1)C(O)=O)NC(=O)Cc1cccs1,DOWN,Q6DRA1
CC(C)C[C@H](NC(=O)OC[C@@H]1C[C@H]2CCC[C@H](C2)C1)C(=O)N[C@H](C=O)C[C@@H]1CCNC1=O,CC(C)[C@H](NC(=O)OCc1ccccc1)C(=O)N[C@@H](CC1CCCCC1)C(=O)N[C@H](C=O)Cc1ccc[nH]c1=O,UP,P0DTD1
CC(C)C[C@H](NC(=O)OCc1ccccc1)C(=O)N[C@@H](CC(C)C)C(=O)N[C@@H](CC(C)C)C(=O)[C@@]1(C)CO1,CC(C)C[C@H](NC(=O)[C@@H](NC(=O)[C@@H](NC(=O)[C@H](C)C(=O)N[C@@H](Cc1ccccc1)C(=O)O)[C@@H](C)O)[C@H](C)O)C(=O)[C@H]1CO1,DOWN,P25043
CCOC(=O)[C@H]1O[C@@H]1C(=O)N[C@@H]([C@@H](C)CC)C(=O)N[C@@H]([C@@H](C)CC)C(O)=O,c1ccccc1CNC(=O)[C@H]2O[C@@H]2C(=O)N[C@@H]([C@@H](C)CC)C(=O)N3CCC[C@H]3C(=O)OCc4ccccc4,DOWN,P07688
CC(C)C[C@@H]1NC(=O)O[C@H](c2cccc(Cl)c2)CCCCCNC(=O)CC[C@@H](C=O)NC1=O,c12cn(nn2)CCCCCCNC(=O)CC[C@@H](C=O)NC(=O)[C@H](CC3CCCCC3)NC(=O)[C@H](C1)NC(=O)OCc4ccccc4,DOWN,Q83883
CCC[C@H]1CC[C@H](OC(=O)N[C@@H](CC(C)C)C(=O)N[C@@H](C[C@@H]2CCNC2=O)C(O)S(=O)(=O)O)CC1,Cc1onc(c1)C(=O)N[C@@H](C)C(=O)N[C@@H](C(C)C)C(=O)N[C@@H](CC(C)C)C(=O)N[C@@H](C[C@@H]2CCNC2=O)/C=C\C(=O)OCc3ccccc3,UP,P0DTD1
NC(=N)NCCC[C@H](NC(=O)[C@@H]1CCN2CC[C@@](N)(Cc3ccccc3)C(=O)N12)C(=O)C(=O)NCCc1ccccc1,NC(=[NH2+])NCCC[C@H](NC(=O)[C@@H]1CCCN1C(=O)[C@H](N)Cc1ccccc1)C(=O)CCl,UP,P00734
COc1cccc2[nH]c(C(=O)NC(CC(C)C)C(=O)NC(CC3CCNC3=O)C(=O)c3nc4ccccc4s3)cc12,O=C1NCC[C@H]1C[C@@H](/C=C/C(=O)OCC)NC(=O)[C@H](CC(C)C)NC(=O)[C@H]([C@@H](C)OC(C)(C)C)NC(=O)OCc2ccccc2,DOWN,P0DTD1
CC(=O)N[C@H](Cc1ccccc1)C(=O)N1CCC[C@H]1C(=O)N[C@@H](CCCN)B(O)O,N[C@H](Cc1ccccc1)C(=O)N1CCC[C@H]1C(=O)N[C@@H](CCCNC(N)=N)C(=O)CCl,UP,P00734
CC(C)C[C@H](NC(=O)OC(C)(C)C1CCC(F)(F)CC1)C(=O)N[C@@H](C[C@@H]1CCNC1=O)C(O)S(=O)(=O)O,Cc1onc(c1)C(=O)N[C@@H](C)C(=O)N[C@@H](C(C)C)C(=O)N[C@@H](CC(C)C)C(=O)N[C@@H](C[C@@H]2CCNC2=O)/C=C\C(=O)OCc3ccccc3,UP,P0DTD1
CCCCCC(=O)N[C@H](C(=O)N[C@@H](CCC(=O)N(C)C)C(=O)N[C@@H](CC(C)C)C(=O)C(C)C)C(C)C,CCCCCC(=O)N[C@H](C(=O)N[C@@H](CCC(=O)N(C)C)C(=O)N[C@@H](CC(C)C)C(=O)[C@]1(C)CO1)C(C)C,DOWN,P30656
O=C(/C=C/c1ccccc1)NC(CC1CC1)C(=O)NC(CC1CCNC1=O)C(=O)C(=O)NCc1ccccc1,O=C1NCC[C@H]1C[C@@H](/C=C/C(=O)OCC)NC(=O)[C@H](Cc2ccccc2)NC(=O)[C@H](CCC(=O)OC(C)(C)C)NC(=O)OCc3ccccc3,DOWN,P0C6X7
CC(C)C[C@H](NC(=O)OC[C@@H]1C[C@H]2C=CC[C@H](C2)C1)C(=O)N[C@@H](C[C@@H]1CCNC1=O)C(=O)S(=O)(=O)O,CC(C)C[C@H](NC(=O)OCc1ccc(F)cc1)C(=O)N[C@@H](C[C@@H]1CCNC1=O)C(O)S(=O)(=O)O,UP,P0DTD1
CC(C)C[C@H](NC(=O)OC[C@H]1C[C@H]2C=C[C@@H]1C2)C(=O)N[C@@H](C[C@@H]1CCNC1=O)C(O)S(=O)(=O)O,COc1cccc2[nH]c(C(=O)N[C@@H](CC(C)C)C(=O)N[C@H](C#N)C[C@@H]3CCNC3=O)cc12,UP,P0DTD1
CCCNC(=O)[C@@H]1O[C@H]1C(=O)N[C@@H]([C@@H](C)CC)C(=O)N1CCC[C@H]1C(O)=O,CC[C@H](C)[C@H](NC(=O)[C@H]1O[C@@H]1C(=O)NCc1ccccc1)C(=O)N1CCC[C@H]1C(O)=O,DOWN,P07688
N=C(N)NCCC[C@H](NC(=O)[C@@H]1CCCN1C(=O)[C@H](N)Cc1ccccc1)C(=O)CCl,NCCCC[C@H](NC(=O)[C@@H]1CCN2CC[C@@](N)(Cc3ccccc3)C(=O)N12)C(=O)C(=O)NC1CCCCC1,DOWN,P00734
CC(C)C[C@H](NC(=O)OC[C@H]1C[C@H]2C=CC[C@H](C2)C1)C(=O)N[C@@H](C[C@@H]1CCNC1=O)C(=O)S(=O)(=O)O,CCOC(=O)/C=C/C(CC1CCNC1=O)NC(=O)C(CC(C)C)NC(=O)C(NC(=O)OCc1ccccc1)C(C)OC(C)(C)C,DOWN,P0DTD1
CC(C)C(NC(=O)OCc1ccccc1)C(=O)NC(CC1CCCCC1)C(=O)NC(C=O)CC1CCNC1=O,CC(C)C[C@H](NC(=O)OC[C@@H]1C[C@H]2C=CC[C@H](C2)C1)C(=O)N[C@@H](C[C@@H]1CCNC1=O)C(=O)S(=O)(=O)O,DOWN,P0DTD1
CC(C)C[C@H](NC(=O)OCc1ccccc1)C(=O)N[C@H](C=O)C[C@@H]1CCNC1=O,Cc1onc(c1)C(=O)N[C@@H](C)C(=O)N[C@@H](C(C)C)C(=O)N[C@@H](CC(C)C)C(=O)N[C@@H](C[C@@H]2CCNC2=O)/C=C\C(=O)OCc3ccccc3,UP,P0C6X7
CC(C)C[C@H](NC(=O)OCc1ccccc1)C(=O)N[C@@H](C[C@@H]1CCNC1=O)C(O)S(=O)(=O)O,O=C1NCC[C@H]1C[C@@H](C(=O)C(=O)NC2CC2)NC(=O)[C@H](CC(C)C)NC(=O)OCc3ccccc3,UP,P0DTD1
CC(C)C[C@H](NC(=O)OC[C@@H]1C[C@H]2CCC[C@H](C2)C1)C(=O)N[C@H](C=O)C[C@@H]1CCNC1=O,CC(C)C[C@H](NC(=O)OCc1ccccc1F)C(=O)N[C@@H](C[C@@H]1CCNC1=O)C(O)S(=O)(=O)O,UP,P0DTD1
N#[N+]CC(=O)/C(=C\c1ccccc1)NC(=O)OCc1ccccc1,c1ccc([N+]([O-])=O)cc1CC(C(=O)C=[N+]=N)NC(=O)OCc2ccccc2,DOWN,P0C0J0
NCCN1CCC[C@@H](CC1)NC(=O)N1CC[C@@H]2[C@H]1C(=O)N2S(O)(=O)=O,OS(=O)(=O)N1[C@@H]2CCN([C@@H]2C1=O)C(=O)N[C@H]1CCCNCC1,UP,P24735
CC(C)(C)C(=O)OCOC(=O)C1=C([C@H](C)[C@@H](N12)[C@H](C2=O)[C@@H](C)O)SC3CN(C3)C4=NCCS4,C[C@@H](O)[C@@H]1[C@H]2[C@@H](C)C(S[C@@H]3CN[C@H](CNS(N)(=O)=O)C3)=C(N2C1=O)C(O)=O,DOWN,P9WKD3
CCCOC(=O)CSC1=C(N2[C@@H]([C@@H]([C@@H](C)O)C2=O)[C@H]1C)C(O)=O,C[C@@H](O)[C@@H]1[C@H]2[C@@H](C)C(S[C@H]3Cn4cnc[n+]4C3)=C(N2C1=O)C(O)=O,UP,I6Y9J2
CC(C)C[C@H](NC(=O)OC[C@@H]1C[C@H]2CCC[C@H](C2)C1)C(=O)N[C@H](C=O)C[C@@H]1CCNC1=O,CC(C)C[C@H](NC(=O)OCc1cccc(F)c1)C(=O)N[C@@H](C[C@@H]1CCNC1=O)C(O)S(=O)(=O)O,UP,P0DTD1
CC(=O)N1CCC[C@H]1C(=O)N[C@@H](C)C(=O)N[C@@H](CC(C)C)C(=O)C1(C)CO1,CCCC[C@H](NC(=O)[C@@H]1CCCN1C(=O)[C@H](C)NC(=O)CN=[N+]=[N-])C(=O)N[C@@H](CC(C)C)C(=O)C1(C)CO1,UP,P25043
O=C1NCC[C@H]1C[C@@H](/C=C/C(=O)OCC)NC(=O)[C@H](Cc2ccccc2)NC(=O)[C@H](CC(=O)OC(C)(C)C)NC(=O)OCc3ccccc3,O=C1NCC[C@H]1C[C@@H](/C=C/C(=O)OCC)NC(=O)[C@H](Cc2ccccc2)NC(=O)[C@H](CCC(=O)OC(C)(C)C)NC(=O)OCc3ccccc3,DOWN,P0C6X7
N#CN[C@H]1CCc(c12)ccc(c2)-c(ncn3)c(c34)cc[nH]4,N#CN[C@H]1CCc(c12)ccc(c2)-c3ncnc(c34)[nH]cc4-c5ccccc5,UP,P52333
CC(C)C[C@H](NC(=O)[C@@H]1CCCN1C(=O)[C@H](C)N)C(=O)N[C@@H](CC(C)C)C(=O)C1(C)CO1,CC(C)C[C@H](NC(=O)[C@H](CCc1ccccc1)NC(=O)CN1CCOCC1)C(=O)N[C@@H](Cc1ccccc1)C(=O)N[C@@H](CC(C)C)C(=O)[C@@]1(C)CO1,DOWN,P30656
CC(C)CCNC(=O)[C@H](CC(C)C)NC(=O)[C@@H]1O[C@H]1C(O)=O,CCOC(=O)[C@H]1O[C@@H]1C(=O)N[C@@H]([C@@H](C)CC)C(=O)N[C@@H]([C@@H](C)CC)C(O)=O,UP,P07688
CC(C)C(NC(=O)OCc1ccccc1)C(=O)NC(CC1CCCCC1)C(=O)NC(C=O)CC1CCNC1=O,CC(C)[C@H](NC(=O)OCc1ccccc1)C(=O)N[C@@H](CC1CCCCC1)C(=O)N[C@H](C=O)Cc1ccc[nH]c1=O,UP,P0DTD1
COc1cccc(c1)-c1ccc2[C@H]3[C@H](Cc2c1)OC(=O)[C@@H]3CCCCC(N)=N,NC(=N)CCCC[C@@H]1[C@@H]2[C@H](Cc3ccc(cc23)-c2ccc(O)cc2)OC1=O,UP,P01050
C=C(F)C(=O)Nc1cccc(C)c1Nc1ncc(OCc2c(Cl)c(OC)cc(OC)c2Cl)cn1,COc1cc(OC)c(Cl)c(c1Cl)COc2cnc(nc2)Nc3c(NC(=O)C=C)cccc3F,UP,P22455
C1OCOCC1(CC)OC(=O)N[C@@H](CC(C)C)C(=O)N[C@H](C=O)C[C@@H]2CCNC2=O,FC1(F)CCC(CC1)OC(=O)N[C@@H](CC(C)C)C(=O)N[C@H](C=O)C[C@@H]2CCNC2=O,UP,T2B9U0
C[C@@H](O)[C@@H]1[C@H]2CC(SCCNC=N)=C(N2C1=O)C(O)=O,C[C@@H](O)[C@@H]1[C@H]2[C@@H](C)C(S[C@@H]3CN[C@@H](C3)C(=O)N(C)C)=C(N2C1=O)C(O)=O,DOWN,Q51400
CC(=O)N[C@H](Cc1ccccc1)C(=O)N1CCC[C@H]1C(=O)N[C@@H](CCCCCN)B(O)O,N=C(N)NCCC[C@H](NC(=O)[C@@H]1CCCN1C(=O)[C@@H](N)Cc1ccccc1)C(=O)CCl,UP,P00734
CC(=O)N[C@H](Cc1ccccc1)C(=O)N1CCC[C@H]1C(=O)N[C@@H](CCCCC(N)=N)B(O)O,NC(=[NH2+])NCCC[C@H](NC(=O)[C@@H]1CCCN1C(=O)[C@H](N)Cc1ccccc1)C(=O)CCl,UP,P00734
COc1cccc2[nH]c(C(=O)NC(CC(C)C)C(=O)NC(CC3CCNC3=O)C(=O)c3nc4ccccc4s3)cc12,O=C[C@@H](C[C@@H]1CCNC1=O)NC(=O)[C@H](CC1CC1)NC(=O)OCc1cccc(F)c1,UP,P0DTD1
CC(C)C[C@H](NC(=O)OC[C@H]1C[C@H]2CCC[C@H](C2)C1)C(=O)N[C@@H](C[C@@H]1CCNC1=O)C(O)S(=O)(=O)O,c1ccccc1OC(=O)N[C@@H](CC(C)C)C(=O)N[C@@H](CC(C)C)C(=O)N[C@@H](C[C@@H]2CCNC2=O)C(=O)C(=O)NC3CC3,UP,P0DTD1
CC(C)CC(NC(=O)OCc1ccc(F)cc1)C(=O)NC(CC1CCNC1=O)C(O)S(=O)(=O)O,COc1cccc2[nH]c(C(=O)N[C@@H](CC(C)C)C(=O)N[C@H](C#N)C[C@@H]3CCNC3=O)cc12,UP,P0DTD1
COc1ccc(C[C@H](NC(=O)[C@H](C)NC(=O)CN2CCOCC2)C(=O)N[C@@H](C[C@@H]2CCC[C@@H]3CCCC[C@H]32)C(=O)[C@@]2(C)CO2)cc1,COc1ccc(C[C@H](NC(=O)[C@H](C)NC(=O)CN2CCOCC2)C(=O)N[C@@H](Cc2ccccc2)C(=O)[C@@]2(C)CO2)cc1,DOWN,P25043
CC(C)CCNC(=O)[C@H](CCc1ccccc1)NC(=O)[C@H]1O[C@@H]1C(O)=O,c1ccccc1CC(=O)N[C@@H](CCc2ccccc2)/C=C/S(=O)(=O)c3ccccc3,DOWN,P25779
CC(C)C[C@H](NC(=O)OC[C@H]1C[C@H]2CCC[C@H](C2)C1)C(=O)N[C@@H](C[C@@H]1CCNC1=O)C(O)S(=O)(=O)O,c1ccccc1COC(=O)N[C@@H]([C@@H](C)OC(C)(C)C)C(=O)N[C@@H](CC2CCCCC2)C(=O)N[C@H](C=O)C[C@@H]3CCNC3=O,DOWN,P0DTD1
Cc1ccccc1S(=O)(=O)[C@@H]2C[C@@H](C(=O)NC3(C#N)CC3)N(C2)C(=O)C4(CC4)c5ccc(F)cc5,Clc1ccccc1S(=O)(=O)[C@@H]2C[C@@H](C(=O)NC3(C#N)CC3)N(C2)C(=O)C4(CC4)c5ccc(Br)cc5,UP,P07711
C=CC(=O)Nc(c1)ccc(c12)ncnc2Nc3cccc(Br)c3,C=CC(=O)Nc1cccc(Nc2nc(Nc3ccc(N4CCN(C(C)=O)CC4)cc3OC)ncc2C(F)(F)F)c1,DOWN,P00533
CCCNC(=O)[C@@H]1O[C@H]1C(=O)N[C@@H]([C@@H](C)CC)C(=O)N1CCC[C@H]1C(O)=O,COC(=O)CNC(=O)CNC(=O)[C@H](CC(C)C)NC(=O)[C@H]1O[C@@H]1C(=O)N[C@@H](CC(C)C)C(=O)N1CCC[C@H]1C(O)=O,DOWN,P07688
C/C=C/[C@H]1[C@@H](C)[C@@H](O)C[C@H](O1)[C@@H](O)/C=C/C=C(\C)C[C@H](C)/C=C(\C)/C=C/[C@H]2CC=CC(=O)O2,C[C@H](C\C=C\C(\C)=C\[C@@H](C)C(=O)[C@@H](C)[C@H](O)[C@@H](C)C\C(C)=C\C(O)=O)\C=C(\C)/C=C/[C@H]1CC=CC(=O)O1,DOWN,P62826
CC(=O)N[C@H](Cc1ccccc1)C(=O)N1CCC[C@H]1C(=O)N[C@@H](CCCNC(N)=N)B(O)O,NC(=[NH2+])NCCC[C@H](NC(=O)[C@@H]1CCCN1C(=O)[C@H](N)Cc1ccccc1)C(=O)CCl,UP,P00734
COc1ccc(cc1)Cn2nnc(c2[C@@]34CO3)[C@@H](CC4)OC(=O)NC(C)C,COc1ccc(cc1)Cn2nnc(c2[C@]34CO3)[C@@H](CC4)OC(=O)NC(C)C,UP,P50579
FC(F)(F)C(=O)[C@H](C(C)C)NC(=O)Cn1c(-c2ccccc2)ccc(c1=O)NS(=O)(=O)NC,O=c1c(N)cnc(-c2cccs2)n1CC(=O)N[C@@H](C(C)C)C(=O)C(F)(F)C(=O)NCCN3CCOCC3,DOWN,P00772
CC(C)C[C@H](NC(=O)OCC12C[C@H]3C[C@@H](C1)C[C@@H](C2)C3)C(=O)N[C@@H](C[C@@H]1CCNC1=O)C(O)S(=O)(=O)O,CCC[C@H]1CC[C@H](COC(=O)N[C@@H](CC(C)C)C(=O)N[C@@H](C[C@@H]2CCNC2=O)C(O)S(=O)(=O)O)CC1,DOWN,P0DTD1
CC(NC(=O)C(Cc1ccccc1)NC(=O)OCc1ccccc1)C(=O)CCl,O=C(CCl)CNC(=O)[C@H](Cc1ccccc1)NC(=O)CNC(=O)OCc1ccccc1,DOWN,P00784
CC(=O)N[C@H](Cc1ccccc1)C(=O)N1CCC[C@H]1C(=O)N[C@@H](CCCNC(N)=N)B(O)O,N[C@H](Cc1ccccc1)C(=O)N([C@@H](CCCNC(N)=N)C(=O)c1nc2ccccc2s1)C(=O)[C@@H]1CCCN1,UP,P00734
CC(=O)OC([C@H](C[C@@H]1CCNC1=O)NC(=O)[C@H](CC1CCCCC1)NC(=O)OCC(C)(C)c1cccc(Cl)c1)S(=O)(=O)[O-],CC(C)C[C@H](NC(=O)OCc1ccccc1)C(=O)N[C@@H](C[C@@H]1CCNC1=O)[C@@H](O)S(O)(=O)=O,UP,Q83883
CC(C)C[C@H](NC(=O)OCc1c(F)c(F)c(F)c(F)c1F)C(=O)N[C@@H](C[C@@H]1CCNC1=O)C(O)S(=O)(=O)O,CC(C)C[C@H](NC(=O)OCc1ccccc1)C(=O)N[C@@H](C[C@@H]1CCNC1=O)C(=O)S(=O)(=O)[O-],UP,P0DTD1
OB(Cn1cc(nn1)-c1cccc(c1)C(O)=O)OP(O)(O)=O,OB(O)[C@H](Cn1cc(nn1)-c1cccc(c1)C(O)=O)NC(=O)Cc1cccs1,DOWN,Q6DRA1
CNCCCCNC(=O)N1CC[C@@H]2[C@H]1C(=O)N2S(O)(=O)=O,OS(=O)(=O)N1[C@@H]2CCN([C@@H]2C1=O)C(=O)N[C@@H]1CCCNCC1,UP,P24735
CC(C)C[C@H](NC(=O)OC[C@H]1C[C@H]2CC[C@@H]1C2)C(=O)N[C@@H](C[C@@H]1CCNC1=O)C(O)S(=O)(=O)O,O=C(N[C@@H](Cc1ccccc1)C(=O)N[C@@H](C[C@@H]1CCNC1=O)C(O)S(=O)(=O)[O-])OCc1ccccc1,UP,P0DTD1
ClCC(=O)N1CCN(CC1)S(=O)(=O)c2ccccc2C#N,ClCC(=O)N1CCN(CC1)S(=O)(=O)c2cccs2,DOWN,P0DTD1
COc1cccc(c12)[nH]c(c2)C(=O)N[C@@H](CC(C)C)C(=O)N[C@@H](C[C@@H]3CCNC3=O)C(=O)COC(=O)c4ccccc4C#N,COc1cccc2[nH]c(C(=O)N[C@@H](CC(C)C)C(=O)N[C@H](C=O)C[C@@H]3CCNC3=O)cc12,UP,P0DTD1
CC(C)C[C@H](NC(=O)OC[C@H]1C[C@H]2CCC[C@H](C2)C1)C(=O)N[C@H](C=O)C[C@@H]1CCNC1=O,O=CC(CC1CCNC1=O)NC(=O)C1C2CCCC2CN1C(=O)CCc1cc(F)cc(F)c1,UP,P0DTD1
CS(=O)(=O)c1ccc(s1)C(=O)NCCSSCc1cccc(c1)S(=O)(=O)N[C@@H](CC(O)=O)C(=O)COC(=O)c1c(Cl)cccc1Cl,Cc1ccc(cc1)S(=O)(=O)N[C@H](C(=O)CCl)Cc2ccccc2,DOWN,P42574
CC(=O)N[C@H](Cc1ccccc1)C(=O)N1CCC[C@H]1C(=O)N[C@@H](CCCCCN)B(O)O,NC(=[NH2+])NCCC[C@H](NC(=O)[C@@H]1CCCN1C(=O)[C@H](N)Cc1ccccc1)C(=O)CCl,UP,P00734
CC(C)C[C@H](NC(=O)OCc1ccccc1)C(=O)N[C@@H](C[C@@H]1CCNC1=O)C(=O)C(=O)NCc1ccccc1,O=C1NCC[C@H]1C[C@@H](/C=C/C(=O)OCC)NC(=O)[C@H](CC(C)C)NC(=O)[C@H]([C@@H](C)OC(C)(C)C)NC(=O)OCc2ccccc2,DOWN,P0DTD1
CC(C)C[C@H](NC(=O)OC1(Cc2ccccc2)CCN(CC1)C(=O)OC(C)(C)C)C(=O)N[C@@H](C[C@@H]1CCNC1=O)[C@H](O)S(O)(=O)=O,CC(C)C[C@H](NC(=O)OCc1ccccc1)C(=O)N[C@@H](C[C@@H]1CCNC1=O)[C@@H](O)S(O)(=O)=O,UP,K9N638
OS(=O)(=O)ON1[C@H]2CN([C@@H](CC2)C(=O)NNC(=O)[C@@H]2CCCNC2)C1=O,[C@@H]12CC[C@@H](C(=O)N)N(C1)C(=O)N2OS([O-])(=O)=O,UP,Q9F663
CC(C)(C)OC(=O)Nc1cccn(C(CC2CC2)C(=O)NC(CC2CCNC2=O)C(=O)C(=O)NCc2ccccc2)c1=O,CC(C)C[C@H](NC(=O)O[C@H]1CC[C@H](c2ccccc2)CC1)C(=O)N[C@@H](C[C@@H]1CCNC1=O)C(O)S(=O)(=O)O,UP,P0DTD1
CC(C)C[C@H](NC(=O)O[C@H]1CC[C@H](c2ccccc2)CC1)C(=O)N[C@@H](C[C@@H]1CCNC1=O)C(O)S(=O)(=O)O,c1ccccc1OC(=O)N[C@@H](CC(C)C)C(=O)N[C@@H](CC(C)C)C(=O)N[C@@H](C[C@@H]2CCNC2=O)C(=O)C(=O)NC3CC3,UP,P0DTD1
ClCC(=O)N1CCC(CC1)C(=O)N2CCCCC2,Fc1ccc(cc1)[C@H]2CN(CCO2)C(=O)CCl,UP,P0DTD1
O[C@@H]1[C@@H](COP(O)(O)=O)O[C@H]([C@@H]1F)n1c(I)cc(=O)[nH]c1=O,O[C@@H]1[C@@H](COP(O)(O)=O)O[C@H]([C@@H]1O)n1c(cc(=O)[nH]c1=O)C#N,UP,P11172
CC(C)CC(NC(=O)C(NC(=O)OCc1ccccc1)C(C)C)C(=O)NC(C=O)CC1CCNC1=O,CC(C)[C@H](NC(=O)OCc1ccccc1)C(=O)N[C@@H](CC1CCCCC1)C(=O)N[C@H](C=O)Cc1ccc[nH]c1=O,UP,P0DTD1
CC(C)C[C@H](NC(=O)OC(C)(C)C1CCC(F)(F)CC1)C(=O)N[C@@H](C[C@@H]1CCNC1=O)C(O)S(=O)(=O)O,CC(C)C[C@H](NC(=O)OCc1ccc(F)cc1)C(=O)N[C@@H](C[C@@H]1CCNC1=O)C(O)S(=O)(=O)O,DOWN,P0DTD1
CC(C)C[C@H](NC(=O)OC[C@H]1C[C@H]2CC[C@@H]1C2)C(=O)N[C@@H](C[C@@H]1CCNC1=O)C(O)S(=O)(=O)O,c1ccccc1OC(=O)N[C@@H](CC(C)C)C(=O)N[C@@H](CC(C)C)C(=O)N[C@@H](C[C@@H]2CCNC2=O)C(=O)C(=O)NC3CC3,UP,P0DTD1
CC(C)CC(NC(=O)C(NC(=O)OCc1ccccc1)C(C)C)C(=O)NC(C=O)CC1CCNC1=O,c1ccccc1OC(=O)N[C@@H](CC(C)C)C(=O)N[C@@H](CC(C)C)C(=O)N[C@@H](C[C@@H]2CCNC2=O)C(=O)C(=O)NC3CC3,UP,P0DTD1
OB(O)c(c1)sc(c12)cccc2,OB(O)c1cc2ccccc2s1,UP,Q47066
CC(=O)N[C@H](Cc1ccccc1)C(=O)N[C@@H](Cc1ccccc1)C(=O)N[C@@H](CCCNC(N)=[NH2+])C(=O)CCl,N[C@H](Cc1ccccc1)C(=O)N1CCC[C@H]1C(=O)N[C@@H](CCCNC(N)=N)C(=O)CCl,UP,P08709
C.CC(C)C.CC(C)CC(N)C(=O)NC(C=O)CC1CCNC1=O.O=COCc1ccccc1,CC(C)C[C@H](NC(=O)OC[C@H]1C[C@H]2CCC[C@H](C2)C1)C(=O)N[C@H](C=O)C[C@@H]1CCNC1=O,DOWN,P0DTD1
C[C@@]12OC(=O)[C@]1([C@@H](O)[C@@H]1C=CCCC1)NC(=O)[C@@H]2CCCCl,C[C@@]12OC(=O)[C@]1([C@@H](O)[C@@H]1C=CCCC1)NC(=O)[C@@H]2CCF,UP,P25043
CC(C)[C@H]1C=CC(=O)NCCC=C[C@H](NC(=O)[C@@H](NC(=O)N[C@H](C(=O)O)C(C)C)C(C)C)C(=O)N1,C[C@H]1/C=C/C(=O)NCC[C@H](O)C[C@H](NC(=O)[C@@H](NC(=O)/C=C/c2ccccc2)[C@@H](C)O)C(=O)N1,UP,P25043
CC1=C(C(=O)N[C@H](C)C(=O)N[C@@H](Cc2c[nH]c3ccccc23)C(=O)NC(Cc2ccccc2)C(=O)[C@@]2(C)CO2)Cc2ccccc21,COc1ccc(C[C@H](NC(=O)[C@H](C)NC(=O)CN2CCOCC2)C(=O)N[C@@H](Cc2ccccc2)C(=O)[C@@]2(C)CO2)cc1,DOWN,P30656
O=C1NCC[C@H]1C[C@@H](/C=C/C(=O)OCC)NC(=O)[C@H](Cc2ccccc2)NC(=O)OCc3ccccc3,c1ccccc1COC(=O)N[C@@H]([C@@H](C)OC(C)(C)C)C(=O)N[C@@H](CC2CCCCC2)C(=O)N[C@H](C=O)C[C@@H]3CCNC3=O,DOWN,P0C6X7
CCCCC[C@H](O)\C=C\[C@H]1C=CC(=O)[C@@H]1CCCCCCC(O)=O,CCCCC[C@H](O)\C=C\[C@H]1C=CC(=O)[C@@H]1C\C=C/CCCC(O)=O,UP,P43354
CC(C)C[C@H](NC(=O)OCc1cccc(F)c1)C(=O)N[C@@H](C[C@@H]1CCNC1=O)C(O)S(=O)(=O)O,CC(C)[C@H](NC(=O)OCc1ccccc1)C(=O)N[C@@H](CC1CCCCC1)C(=O)N[C@H](C=O)Cc1ccc[nH]c1=O,UP,P0DTD1
CC(C)C[C@H](NC(=O)O[C@H]1CC[C@H](c2ccccc2)CC1)C(=O)N[C@@H](C[C@@H]1CCNC1=O)C(O)S(=O)(=O)O,Cc1onc(c1)C(=O)N[C@@H](C)C(=O)N[C@@H](C(C)C)C(=O)N[C@@H](CC(C)C)C(=O)N[C@@H](C[C@@H]2CCNC2=O)/C=C\C(=O)OCc3ccccc3,UP,P0DTD1
CC1(C)S[C@@H]2[C@H](NC(=O)Cc3ccccc3)C(=O)N2[C@H]1C(O)=O,C[C@@H](NC(=O)[C@@H](C)NC(=O)[C@H](CCC1=C(N2[C@H](SC1)[C@H](NC(=O)Cc1ccccc1)C2=O)C(O)=O)NC(=O)CC[C@@H](NC(C)=O)C(O)=O)C(O)=O,DOWN,P15555
CCOC(=O)/C=C/C(CC1CCNC1=O)NC(=O)C(CC(C)C)NC(=O)C(NC(=O)OCc1ccccc1)C(C)OC(C)(C)C,c1ccccc1COC(=O)N[C@@H]([C@@H](C)OC(C)(C)C)C(=O)N[C@@H](CC2CCCCC2)C(=O)N[C@H](C=O)C[C@@H]3CCNC3=O,DOWN,P0DTD1
CC(C)C[C@H](NC(=O)OCc1ccccc1)C(=O)N[C@@H](CC(C)C)C(=O)N[C@@H](Cc1ccc(O)cc1)C(=O)C=O,CC(C)C[C@H](NC(=O)[C@@H](Cc1ccc(CN)cc1)NC(=O)[C@H](Cc1ccccc1)N=[N+]=[N-])C(=O)N[C@H](C=CS(C)(=O)=O)Cc1ccc(CN)cc1,UP,P30656
COc1cc(OC)c(Cl)c(c1Cl)COc2cnc(nc2)Nc3c(NC(=O)C=C)cc(F)cc3Cl,Cc1cccc(NC(=O)C=C)c1Nc2cc(ncn2)-c3cccnc3Nc4c(Cl)c(OC)cc(c4Cl)OC,UP,P22455
NC(=O)C1CCC2CN1C(=O)N2OS(=O)(=O)O,NCCONC(=O)C1CCC2CN1C(=O)N2OS(=O)(=O)O,UP,A0A0B6VPP7
CC(C)C[C@H](NC(=O)OC[C@H]1C[C@H]2CCC[C@H](C2)C1)C(=O)N[C@H](C=O)C[C@@H]1CCNC1=O,CC(C)C[C@H](NC(=O)OC[C@H]1C[C@H]2CC[C@@H]1C2)C(=O)N[C@@H](C[C@@H]1CCNC1=O)C(O)S(=O)(=O)O,UP,P0DTD1
C=CC(=O)Nc1ccc2[nH]c(=O)n(C3CCN(Cc4ccc(C5=N/C(=C\c6ccc(O)cc6)C(=O)N=C5c5ccccc5)cc4)CC3)c2c1,C=CC(=O)Nc1cccc(C(=O)NC2CCN(Cc3ccc(-c4nc5cc[nH]c(=O)c5cc4-c4ccccc4)cc3)CC2)c1,DOWN,P31749
CC(C)C[C@H](NC(=O)OCc1ccccc1)C(=O)N[C@@H](CC(C)C)C(=O)N[C@@H](CC(C)C)C(=O)[C@@]1(C)CO1,COc1ccc(C[C@H](NC(=O)[C@H](C)NC(=O)CN2CCOCC2)C(=O)N[C@@H](Cc2ccccc2)C(=O)[C@@]2(C)CO2)cc1,DOWN,P25043
COc1cc(OC)c(Cl)c(c1Cl)COc2cnc(nc2)Nc3c(NC(=O)C=C)cccc3F,Clc1c(OC)cc(OC)c(Cl)c1-c(c2)c(=O)n(C)c(c23)nc(nc3)N[C@@H]4COC[C@@H]4NC(=O)C=C,UP,P22455
Cc1ccc2[nH]ncc2c1-c1c(Cl)cc2c(ncnc2c1F)N1CCN(CC1)C(=O)[C@@H]1CN1,FC(F)(F)c1ccccc1-c(c2F)c(Cl)cc(c23)c(ncn3)N4CCN(CC4)C(=O)C=C,UP,P01116
COc1cc(OC)c(Cl)c(c1Cl)COc2cnc(nc2)Nc3c(NC(=O)C=C)cc(Cl)cc3Cl,COc1cc(OC)c(Cl)c(c1Cl)COc2cnc(nc2)Nc3c(NC(=O)C=C)cccc3F,UP,P22455
CCCCC\C=C/C\C=C\C=C\C(=O)CCCCC(O)=O,CC\C=C/C\C=C\C\C=C/C\C=C\C\C=C\C=C\C(=O)CCCC(O)=O,UP,P37231
N=C(N)NCCC[C@H](NC(=O)[C@@H]1CCCN1C(=O)[C@@H](Cc1ccccc1)NC(=O)CS)C(=O)CCl,NC(=N)NCCC[C@H](NC(=O)[C@@H]1CCN2CC[C@@](N)(Cc3ccccc3)C(=O)N12)C(=O)c1nccs1,UP,P00734
CC(C)C[C@H](NC(=O)O[C@H]1CC[C@H](c2ccccc2)CC1)C(=O)N[C@@H](C[C@@H]1CCNC1=O)C(O)S(=O)(=O)O,O=C(N[C@@H](Cc1ccccc1)C(=O)N[C@@H](C[C@@H]1CCNC1=O)C(O)S(=O)(=O)[O-])OCc1ccccc1,UP,P0DTD1
CC(C)N(C)C(=O)C1CCN(CC1)C(=O)CCl,Cc1ccc(c(C)c1)S(=O)(=O)N2CCN(CC2)C(=O)CCl,DOWN,P0DTD1
CC(C)CC(NC(=O)OC(C)C1CCC(F)(F)CC1)C(=O)NC(C=O)CC1CCNC1=O,O=C[C@@H](C[C@@H]1CCNC1=O)NC(=O)[C@H](CC1CC1)NC(=O)OCc1ccccc1,DOWN,P0DTD1
CC(C)C[C@H](NC(=O)c1ccncc1)C(=O)NCC(=O)CNS(=O)(=O)c1ccc(Oc2ccccc2)cc1,c1ccccc1COC(=O)N[C@@H](CC(C)C)C(=O)NNC(=O)NNC(=O)[C@H](CC(C)C)NC(=O)OCc2ccccc2,DOWN,P43235
CC(C)C[C@H](NC(=O)OCC1=CC=CC=C1)C(=O)N[C@@H](C[C@@H]1CCNC1=O)[C@H](O)S(O)(=O)=O,c1cccc(c12)[nH]c(c2)C(=O)N[C@@H](CC3CCCCC3)C(=O)N[C@H](C=O)C[C@@H]4CCNC4=O,DOWN,P0DTD1
CCN1CCN(CC1)c1ccc(Nc2cc(ncn2)N(C)C(=O)Nc2c(Cl)c(OC)cc(OC)c2Cl)c(NC(=O)C=C)c1,COc1cc(OC)c(Cl)c(NC(=O)N(CCCN2CCN(C)CC2)c2cc(Nc3ccccc3NC(=O)C=C)ncn2)c1Cl,UP,P11362
CC(C)C[C@H](NC(=O)OC[C@H]1C[C@H]2CC[C@@H]1C2)C(=O)N[C@@H](C[C@@H]1CCNC1=O)C(O)S(=O)(=O)O,O=C1NCC[C@H]1C[C@@H](/C=C/C(=O)OCC)NC(=O)[C@H](CC(C)C)NC(=O)[C@H]([C@@H](C)OC(C)(C)C)NC(=O)OCc2ccccc2,DOWN,P0DTD1
CC(C)C[C@H](NC(=O)OC1CCC(C)(C)CC1)C(=O)N[C@@H](C[C@@H]1CCNC1=O)C(O)S(=O)(=O)O,O=C[C@@H](C[C@@H]1CCNC1=O)NC(=O)[C@H](CC1CC1)NC(=O)OCc1cccc(F)c1,UP,P0DTD1
CCC[C@H]1CC[C@H](COC(=O)N[C@@H](CC(C)C)C(=O)N[C@@H](C[C@@H]2CCNC2=O)C(O)S(=O)(=O)O)CC1,CCOC(=O)/C=C/C(CC1CCNC1=O)NC(=O)C(CC(C)C)NC(=O)C(NC(=O)OCc1ccccc1)C(C)OC(C)(C)C,DOWN,P0DTD1
CO\N=C(\C(=O)N[C@H]1[C@H]2SCC(COC(C)=O)=C(N2C1=O)C(O)=O)c1csc(N)n1,C[C@@H](NC(=O)[C@@H](C)NC(=O)[C@H](CCC1=C(N2[C@H](SC1)[C@H](NC(=O)Cc1ccccc1)C2=O)C(O)=O)NC(=O)CC[C@@H](NC(C)=O)C(O)=O)C(O)=O,DOWN,P15555
CCOC(=O)/C=C/C(CC1CCNC1=O)NC(=O)C(CC(C)C)NC(=O)C(NC(=O)OCc1ccccc1)C(C)OC(C)(C)C,O=C1NCC[C@H]1C[C@@H](C(=O)C(=O)NC2CC2)NC(=O)[C@H](CC(C)C)NC(=O)OCc3ccccc3,UP,P0DTD1
CC(=O)N[C@@H](CC(=O)O)C(=O)N[C@@H](CCC(=O)O)C(=O)N[C@H](C(=O)N[C@@H](CCC(=O)O)C(=O)CCl)C(C)C,CSCC[C@H](NC(=O)[C@H](CC(=O)O)NC(C)=O)C(=O)N[C@@H](CCC(N)=O)C(=O)N[C@H](C=O)CC(=O)O,UP,P42574
CC(C)CC(NC(=O)OCc1ccc(F)cc1)C(=O)NC(CC1CCNC1=O)C(O)S(=O)(=O)O,O=C(N[C@@H](Cc1ccccc1)C(=O)N[C@@H](C[C@@H]1CCNC1=O)C(O)S(=O)(=O)[O-])OCc1ccccc1,UP,P0DTD1
CC(C)C[C@H](NC(=O)OCc1c(F)c(F)c(F)c(F)c1F)C(=O)N[C@@H](C[C@@H]1CCNC1=O)C(O)S(=O)(=O)O,O=C(N[C@@H](Cc1ccccc1)C(=O)N[C@@H](C[C@@H]1CCNC1=O)C(O)S(=O)(=O)[O-])OCc1ccccc1,UP,P0DTD1
Cc1ccccc1S(=O)(=O)[C@@H]2C[C@@H](C(=O)NC3(C#N)CC3)N(C2)C(=O)C4(CC4)c5ccc(F)cc5,Clc1ccccc1S(=O)(=O)[C@@H]2C[C@@H](C(=O)NC3(C#N)CC3)N(C2)C(=O)C4(CC4)c5ccc(I)cc5,UP,P07711
CC(C)C[C@H](NC(=O)OC[C@H]1C[C@H]2CC[C@@H]1C2)C(=O)N[C@@H](C[C@@H]1CCNC1=O)C(O)S(=O)(=O)O,CCOC(=O)/C=C/C(CC1CCNC1=O)NC(=O)C(CC(C)C)NC(=O)C(NC(=O)OCc1ccccc1)C(C)OC(C)(C)C,DOWN,P0DTD1
CC(C)C(NC(=O)OCc1ccccc1)C(=O)NC(CC1CCCCC1)C(=O)NC(C=O)CC1CCNC1=O,c1ccccc1OC(=O)N[C@@H](CC(C)C)C(=O)N[C@@H](CC(C)C)C(=O)N[C@@H](C[C@@H]2CCNC2=O)C(=O)C(=O)NC3CC3,UP,P0DTD1
CC(C)C[C@H](NC(=O)OC[C@H]1C[C@H]2CCC[C@H](C2)C1)C(=O)N[C@H](C=O)C[C@@H]1CCNC1=O,CC(C)C[C@H](NC(=O)OCc1ccccc1)C(=O)N[C@@H](C[C@@H]1CCNC1=O)C(=O)S(=O)(=O)[O-],UP,P0DTD1
CC(C)CC(NC(=O)OCc1ccc(F)cc1)C(=O)NC(CC1CCNC1=O)C(O)S(=O)(=O)O,COc1cccc2[nH]c(C(=O)NC(CC(C)C)C(=O)NC(CC3CCNC3=O)C(=O)c3nc4ccccc4s3)cc12,DOWN,P0DTD1
CC(C)(C)OC(=O)N[C@@H](CCc(oc12)nn2)C(=O)N[C@@H](CC3CCCCC3)C(=O)N[C@H](C=O)CCC(=O)NCCCCC1,c12cn(nn2)CCNC(=O)CC[C@@H](C=O)NC(=O)[C@H](CC3CCCCC3)NC(=O)[C@H](C1)NC(=O)OCc4ccccc4,UP,Q83883
O=CC(CC1CCNC1=O)NC(=O)C(Cc1ccccc1)NC(=O)OCc1ccccc1,c1ccccc1OC(=O)N[C@@H](CC(C)C)C(=O)N[C@@H](CC(C)C)C(=O)N[C@@H](C[C@@H]2CCNC2=O)C(=O)C(=O)NC3CC3,UP,P0DTD1
CC(C)C(NC(=O)OCc1ccccc1)C(=O)NC(CC1CCCCC1)C(=O)NC(C=O)CC1CCNC1=O,O=C(N[C@@H](Cc1ccccc1)C(=O)N[C@@H](C[C@@H]1CCNC1=O)C(O)S(=O)(=O)[O-])OCc1ccccc1,UP,P0DTD1
CC(C)C[C@H](NC(=O)OC[C@H]1C[C@H]2CCC[C@H](C2)C1)C(=O)N[C@@H](C[C@@H]1CCNC1=O)C(O)S(=O)(=O)O,CC(C)C[C@H](NC(=O)OCc1ccccc1F)C(=O)N[C@@H](C[C@@H]1CCNC1=O)C(O)S(=O)(=O)O,UP,P0DTD1
OCC(=O)COP(O)(O)=O,O[C@H](COP(O)(O)=O)[C@@H](O)[C@H](O)C(=O)COP(O)(O)=O,UP,P63705
CC(C)C[C@H](NC(=O)OC[C@H]1C[C@H]2CCC[C@H](C2)C1)C(=O)N[C@@H](C[C@@H]1CCNC1=O)C(O)S(=O)(=O)O,COc1cccc2[nH]c(C(=O)N[C@@H](CC(C)C)C(=O)N[C@H](C#N)C[C@@H]3CCNC3=O)cc12,UP,P0DTD1
[O-][N+](=O)c1ccccc1N2CCN(CC2)C(=O)CCl,c1ccccc1N(C)C(=O)C2CCN(CC2)C(=O)CCl,DOWN,P0DTD1
N=C(N)NCCC[C@H](NC(=O)[C@@H]1CCCN1C(=O)[C@@H](Cc1ccccc1)NC(=O)CS)C(=O)CCl,N=C(N)NCCC[C@H](NC(=O)[C@@H]1CCCN1C(=O)[C@H](N)Cc1ccccc1)C(=O)CCl,UP,P00734
CC(C)C[C@H](NC(=O)OCc1ccccc1)C(=O)N[C@@H](C[C@@H]1CCNC1=O)[C@@H](O)S(O)(=O)=O,COc1cccc(c12)[nH]c(c2)C(=O)N[C@@H](CC(C)C)C(=O)N[C@@H](C[C@@H]3CCNC3=O)C(=O)COC(=O)c4ccccc4C#N,DOWN,P0DTD1
CC(=O)N[C@H](Cc1ccccc1)C(=O)N1CCC[C@H]1C(=O)N[C@@H](CCCCC(N)=N)B(O)O,N[C@H](Cc1ccccc1)C(=O)N1CCC[C@H]1C(=O)N[C@@H](CCCNC(N)=N)C(=O)CCl,UP,P00734
CC(C)C[C@H](NC(=O)OC[C@H]1C[C@H]2C=CC[C@H](C2)C1)C(=O)N[C@@H](C[C@@H]1CCNC1=O)C(=O)S(=O)(=O)O,CC(C)C[C@H](NC(=O)OCc1ccccc1)C(=O)N[C@@H](C[C@@H]1CCNC1=O)C(=O)S(=O)(=O)[O-],UP,P0DTD1
CC(C)C[C@H](NC(=O)OCc1ccccc1)C(=O)N[C@@H](C[C@@H]1CCNC1=O)[C@@H](O)S(O)(=O)=O,O=C(N[C@@H](Cc1ccccc1)C(=O)N[C@@H](C[C@@H]1CCNC1=O)C(O)S(=O)(=O)[O-])OCc1ccccc1,UP,P0DTD1
CC(C)C[C@H](NC(=O)OCC1CCC(F)(F)CC1)C(=O)N[C@@H](C[C@@H]1CCNC1=O)[C@H](O)S(O)(=O)=O,CC(C)C[C@H](NC(=O)OCc1ccccc1)C(=O)N[C@@H](C[C@@H]1CCNC1=O)C(=O)C(=O)NCc1ccccc1,DOWN,P0C6U8
C.CC(C)C.CC(C)CC(N)C(=O)NC(C=O)CC1CCNC1=O.O=COCc1ccccc1,O=C1NCC[C@H]1C[C@@H](C(=O)C(=O)NC2CC2)NC(=O)[C@H](CC(C)C)NC(=O)OCc3ccccc3,UP,P0DTD1
Cc1cccc(CN2CCN(CC2)C(=O)CCl)c1,ClCC(=O)N1CCN(CC1)S(=O)(=O)c2cccs2,DOWN,P0DTD1
CN1CCN(CC1)c1ccc(Nc2ncc(Cl)c(Nc3ccccc3NC(=O)C=C)n2)cc1,CN1CCN(CC1)c1ccc(Nc2ncc(Cl)c(Oc3ccccc3NC(=O)CCl)n2)cc1,DOWN,O43318
Cc1nc2ccccc2n1CCNC(=O)CC(C(=O)NC(C=O)CC(=O)O)C(C)C,OC(=O)C[C@H](NC(=O)[C@H](CCCCNC(=O)c1ccc(Oc2cnc3ccccc3n2)cc1)c1cccs1)C=O,DOWN,P29466
C=C(CCN(C)C)C(=O)NC[C@@H](NC(=O)[C@H](Cc1nc2ccc(C(C)C)cc2s1)NC(=O)CC)C1CCCCC1,C=C(Cn1ccnc1)C(=O)NC[C@@H](NC(=O)[C@H](Cc1nc2ccc(C(C)C)cc2s1)NC(=O)CC)C1CCCCC1,UP,Q96GG9
CC(C)C[C@H](NC(=O)OC[C@@H]1C[C@H]2C=CC[C@H](C2)C1)C(=O)N[C@@H](C[C@@H]1CCNC1=O)C(=O)S(=O)(=O)O,c1ccccc1OC(=O)N[C@@H](CC(C)C)C(=O)N[C@@H](CC(C)C)C(=O)N[C@@H](C[C@@H]2CCNC2=O)C(=O)C(=O)NC3CC3,UP,P0DTD1
CC(C)C[C@H](NC(=O)OC[C@H]1C[C@H]2C=C[C@@H]1C2)C(=O)N[C@@H](C[C@@H]1CCNC1=O)C(O)S(=O)(=O)O,O=C1NCC[C@H]1C[C@@H](/C=C/C(=O)OCC)NC(=O)[C@H](CC(C)C)NC(=O)[C@H]([C@@H](C)OC(C)(C)C)NC(=O)OCc2ccccc2,DOWN,P0DTD1
O=C1NCC[C@H]1C[C@@H](/C=C/C(=O)C2CC2)NC(=O)[C@H](CC(C)C)NC(=O)[C@H]([C@@H](C)OC(C)(C)C)NC(=O)OCc3ccccc3,O=C1NCC[C@H]1C[C@@H](/C=C/C(=O)OCC)NC(=O)[C@H](CC=C(C)C)CC(=O)[C@H](C(C)C)NC(=O)c2cc(on2)C,DOWN,P0C6X7
CC(C)C[C@H](NC(=O)OC[C@@H]1C[C@H]2CCC[C@H](C2)C1)C(=O)N[C@H](C=O)C[C@@H]1CCNC1=O,CC(C)C[C@H](NC(=O)OC[C@H]1C[C@H]2CC[C@@H]1C2)C(=O)N[C@@H](C[C@@H]1CCNC1=O)C(O)S(=O)(=O)O,UP,P0DTD1
C1COCCN1C(=O)N[C@@H](C[Si](C)(C)C)C(=O)NC2(C#N)CCS(=O)(=O)CC2,Fc1ccc(cc1)[C@@H](C(F)(F)F)N[C@H](C(=O)NC2(C#N)CC2)CS(=O)(=O)N3CCOCC3,UP,P25774
Cc1cccc(CN2CCN(CC2)C(=O)CCl)c1,Fc1cccc(F)c1S(=O)(=O)N2CCN(CC2)C(=O)CCl,DOWN,P0DTD1
CC(C)[C@H](NC(=O)[C@@H](NC(=O)[C@@H]1OC(=O)[C@H]1C(C)C)C(C)C)C(=O)O,CC(C)[C@H]1C=CC(=O)NCCC=C[C@H](NC(=O)[C@@H](NC(=O)N[C@H](C(=O)O)C(C)C)C(C)C)C(=O)N1,DOWN,P25043
CC(=O)N[C@@H](CC(=O)O)C(=O)N[C@@H](CCC(=O)O)C(=O)N[C@H](C(=O)N[C@@H](CCC(=O)O)C(=O)CCl)C(C)C,CC(=O)N[C@@H](CC(C)C)C(=O)N[C@@H](CC(=O)O)C(=O)N[C@@H](CCC(=O)O)C(=O)N[C@@H](CO)C(=O)N[C@H](C=O)CC(=O)O,UP,P42574
COc1cc(OC)c(Cl)c(NC(=O)N(Cc2ccc(NC(=O)C=C)cc2)c2cc(Nc3ccc(cc3)N3CCN(C)CC3)ncn2)c1Cl,COc1cc(OC)c(Cl)c(c1Cl)-c(c2)ccc(c23)nc(nc3)Nc4c(C)cccc4NC(=O)C=C,DOWN,P22455
C=CC(=O)Nc1cc(-c2c[nH]c3ncnc(Nc4ccc(OCc5ccccn5)c(Cl)c4)c23)ccc1OCCN(C)C,C=CC(=O)Nc1cccc(-c2c[nH]c3ncnc(Nc4ccc5c(cnn5Cc5ccccc5)c4)c23)c1,UP,P00533
C.CC(C)C.NC(Cc1ccccc1)C(=O)NC(C=O)CC1CCNC1=O.O=COCc1ccccc1,CC(C)[C@H](NC(=O)OCc1ccccc1)C(=O)N[C@@H](CC1CCCCC1)C(=O)N[C@H](C=O)Cc1ccc[nH]c1=O,UP,P0DTD1
COc1ccc(C[C@H](NC(=O)[C@H](C)NC(=O)CN2CCOCC2)C(=O)N[C@@H](CC2CCC3CCCCC3C2)C(=O)[C@@]2(C)CO2)cc1,C[C@@H](NC(=O)CN1CCOCC1)C(=O)N[C@@H](Cc1c[nH]c2ccccc12)C(=O)N[C@@H](Cc1ccccc1)C(=O)[C@@]1(C)CO1,UP,P30656
CC1=C(C(=O)N[C@H](C)C(=O)N[C@@H](Cc2c[nH]c3ccccc23)C(=O)NC(Cc2ccccc2)C(=O)[C@@]2(C)CO2)Cc2ccccc21,C[C@@H](NC(=O)CN1CCOCC1)C(=O)N[C@@H](Cc1c[nH]c2ccccc12)C(=O)N[C@@H](Cc1ccccc1)C(=O)[C@@]1(C)CO1,UP,P30656
CC(=O)N[C@@H](CC(=O)O)C(=O)N[C@@H](CCC(=O)O)C(=O)N[C@H](C(=O)N[C@H](C=O)CC(=O)O)C(C)C,CC(C)[C@H](NC(=O)[C@H](CCC(O)=O)NC(=O)[C@H](CC(O)=O)NC(=O)OCc1ccccc1)C(=O)NN(CC(O)=O)C(=O)[C@H]1O[C@@H]1C(=O)NCc1ccccc1,DOWN,P42574
CC(=O)N1CCN(CC1)C(=O)CCl,Fc1cccc(c1)S(=O)(=O)N2CCN(CC2)C(=O)CCl,DOWN,P0DTD1
CC(C)(O\N=C(/C(=O)N[C@H]1[C@@H](CNC(=O)NCc2cc(=O)c(O)cn2[O-])N(C1=O)S(O)(=O)=O)c1csc(N)n1)C(O)=O,C[C@H]1[C@H](NC(=O)C(=N/OC(C)(C)C(O)=O)\c2csc(N)n2)C(=O)N1S(O)(=O)=O,UP,Q51504
CC(C)C[C@H](NC(=O)OC[C@@H]1C[C@H]2C=CC[C@H](C2)C1)C(=O)N[C@@H](C[C@@H]1CCNC1=O)C(=O)S(=O)(=O)O,O=C[C@@H](C[C@@H]1CCNC1=O)NC(=O)[C@H](CC1CC1)NC(=O)OCc1cccc(F)c1,UP,P0DTD1
Cc1ccc(C)c(c1)S(=O)(=O)N2CCN(CC2)C(=O)CCl,ClCC(=O)N1CCN(CC1)S(=O)(=O)c2ccc(Cl)cc2,DOWN,P0DTD1
O=C1NCC[C@H]1C[C@@H](C(=O)C(=O)NC2CC2)NC(=O)[C@H](CC(C)C)NC(=O)OCc3ccccc3,c1cccc(c12)[nH]c(c2)C(=O)N[C@@H](CC3CCCCC3)C(=O)N[C@H](C=O)C[C@@H]4CCNC4=O,DOWN,P0DTD1
COC(=O)[C@H](NC(=O)c1ccc2c(c1)B(O)OC2)c1ccccc1,O=C(O)c1ccc2c(c1)B(O)OC2,UP,G3XD46
Cc1cccc(CN2CCN(CC2)C(=O)CCl)c1,ClCC(=O)N1CCN(Cc2ccc(Cl)s2)CC1,DOWN,P0DTD1
CN1CCN(CC1)c1ccc(Cc2cc3cnc(nc3n2C2CCCCC2)C#N)cc1,CN1CCN(CCCOc2ccccc2Nc2nc(nc3n(cnc23)C2CCCC2)C#N)CC1,DOWN,P43235
CC(C)C[C@H](NC(=O)OC[C@@H]1C[C@H]2C=CC[C@H](C2)C1)C(=O)N[C@@H](C[C@@H]1CCNC1=O)C(=O)S(=O)(=O)O,CC(C)C[C@H](NC(=O)OCc1ccccc1)C(=O)N[C@@H](C[C@@H]1CCNC1=O)C(=O)S(=O)(=O)[O-],UP,P0DTD1
C[C@H]1[C@@H]2CCc3cnc(Nc4ccccc4)nc3[C@]2(C=C(C#N)C1=O)c1cccc(c1)C(O)=O,c1ccccc1[C@@]23[C@H]([C@H](C)C(=O)C(=C2)C#N)CCc4c3nc(nc4)Nc5ccccc5,UP,O75874
CCCC[C@H](NC(=O)[C@@H]1CCCN1C(=O)[C@H](C)NC(=O)CN=[N+]=[N-])C(=O)N[C@@H](CC(C)C)C(=O)C1(C)CO1,CC[C@H](C)[C@H](NC(=O)[C@H](C)NC(=O)[C@H](CC(C)C)NC(C)=O)C(=O)C1(C)CO1,DOWN,P25043
CC(C)C[C@H](NC(=O)OCC1CCC(F)(F)CC1)C(=O)N[C@@H](C[C@@H]1CCNC1=O)[C@H](O)S(O)(=O)=O,CC(C)C[C@H](NC(=O)OC[C@H]1C[C@H]2CCC[C@H](C2)C1)C(=O)N[C@@H](C[C@@H]1CCNC1=O)C(O)S(=O)(=O)O,DOWN,P0DTD1
CN(C)C(=O)CCNc1nc(N2CCN(CC2)C(=O)C=C)c2cc(Cl)c(cc2n1)-c1cc(O)cc2ccccc12,C[C@@H](CN(C)C)Oc1nc2CN(CCc2c(n1)N1CCN(CC1)C(=O)C=C)c1cc(O)cc2ccccc12,UP,P01116
C=CC(=O)Nc1cc(-c2c[nH]c3ncnc(Nc4ccc(OCc5ccccn5)c(Cl)c4)c23)ccc1OCCN(C)C,CCOc1cc2ncc(C#N)c(Nc3ccc(OCc4ccccn4)c(Cl)c3)c2cc1NC(=O)\C=C\CN(C)C,DOWN,P00533
Fc1ccccc1-c(c(Cl)c2)cc(c23)ncnc3N4CCN(CC4)C(=O)C=C,Fc1ccccc1-c(c2F)c(Cl)cc(c23)c(ncn3)N4CCN(CC4)C(=O)C=C,UP,P01116
CC(C)C[C@H](NC(=O)OCc1cccc(F)c1)C(=O)N[C@@H](C[C@@H]1CCNC1=O)C(O)S(=O)(=O)O,COc1cccc(c12)[nH]c(c2)C(=O)N[C@@H](CC(C)C)C(=O)N[C@@H](C[C@@H]3CCNC3=O)C(=O)c(s4)nc(c45)cccc5,DOWN,P0DTD1
CC(=O)N[C@@H](CC(C)C)C(=O)N[C@@H](C)C(=O)N[C@@H](CC(C)C)C(=O)C1(C)CO1,CC(=O)N[C@H](CC(C)C)C(=O)N[C@@H](C)C(=O)N[C@@H](CCC(=O)O)C(=O)C1(C)CO1,DOWN,P25043
COc1cccc2[nH]c(C(=O)N[C@@H](CC(C)C)C(=O)N[C@H](C#N)C[C@@H]3CCNC3=O)cc12,Cc1onc(c1)C(=O)N[C@@H](C)C(=O)N[C@@H](C(C)C)C(=O)N[C@@H](CC(C)C)C(=O)N[C@@H](C[C@@H]2CCNC2=O)/C=C\C(=O)OCc3ccccc3,UP,P0DTD1
C=CC(=O)N(c1ccc(C(C)(C)C)cc1)C(C(=O)NC1CCOCC1)c1cccnc1,C[C@H](NC(=O)[C@@H](c1cccnc1)N(C(=O)C(Cl)Cl)c1ccc(-c2ccccc2)cc1)c1ccccc1,DOWN,P0DTD1
O=C([O-])c1nnn(c1)C[C@@H](B(O)O)NC(=O)Cc2cccs2,OB(O)[C@H](Cn1cc(nn1)-c1cccc(c1)C(O)=O)NC(=O)Cc1cccs1,DOWN,Q6DRA1
CCCOC(=O)CSC1=C(N2[C@@H]([C@@H]([C@@H](C)O)C2=O)[C@H]1C)C(O)=O,C[C@@H](O)[C@@H]1[C@H]2[C@@H](C)C(S[C@@H]3CN[C@H](CNS(N)(=O)=O)C3)=C(N2C1=O)C(O)=O,UP,I6Y9J2
CC(C)C[C@H](NC(=O)OC1CCC(C)(C)CC1)C(=O)N[C@@H](C[C@@H]1CCNC1=O)C(O)S(=O)(=O)O,COc1cccc(c12)[nH]c(c2)C(=O)N[C@@H](CC(C)C)C(=O)N[C@@H](C[C@@H]3CCNC3=O)C(=O)c(s4)nc(c45)cccc5,DOWN,P0DTD1
CC(C)CC(NC(=O)OC(C)C1CCC(F)(F)CC1)C(=O)NC(C=O)CC1CCNC1=O,c1cccc(c12)[nH]c(c2)C(=O)N[C@@H](CC3CCCCC3)C(=O)N[C@H](C=O)C[C@@H]4CCNC4=O,DOWN,P0DTD1
N=C(N)NCCC[C@H](NC(=O)[C@@H]1CCCN1C(=O)[C@@H](Cc1ccccc1)NC(=O)CS)C(=O)CCl,N[C@H](Cc1ccccc1)C(=O)N1CCC[C@H]1C(=O)N[C@@H](CCCNC(N)=N)C(=O)CCl,UP,P00734
COc1cccc2[nH]c(C(=O)N[C@@H](CC(C)C)C(=O)N[C@H](C=O)C[C@@H]3CCNC3=O)cc12,Cc1onc(c1)C(=O)N[C@@H](C)C(=O)N[C@@H](C(C)C)C(=O)N[C@@H](CC(C)C)C(=O)N[C@@H](C[C@@H]2CCNC2=O)/C=C\C(=O)OCc3ccccc3,UP,P0DTD1
CC(C)C[C@H](NC(=O)OCc1ccccc1F)C(=O)N[C@@H](C[C@@H]1CCNC1=O)C(O)S(=O)(=O)O,O=C1NCC[C@H]1C[C@@H](C(=O)C(=O)NC2CC2)NC(=O)[C@H](CC(C)C)NC(=O)OCc3ccccc3,UP,P0DTD1
BrC(Br)CC[C@@H](B(O)O)NC(=O)[C@@H]1CCCN1C(=O)[C@@H](NC(=O)CCCC=O)Cc2ccccc2,CN[C@H](Cc1ccccc1)C(=O)N1CCC[C@H]1C(=O)N[C@@H](CCCNC(N)=N)C(=O)c1nc2ccc(cc2s1)C(O)=O,UP,P28504
CC(=O)N[C@@H](Cc1c[nH]c2ccccc12)C(=O)N[C@@H](CCC(=O)O)C(=O)N[C@@H](Cc1c[nH]cn1)C(=O)N[C@H](C=O)CC(=O)O,CSCC[C@H](NC(=O)[C@H](CC(=O)O)NC(C)=O)C(=O)N[C@@H](CCC(N)=O)C(=O)N[C@H](C=O)CC(=O)O,UP,P55210
C=CC(=O)N(C)c1cc(Oc2ccccc2OCCn2ccc(=O)[nH]c2=O)c(C)c2cc(C#N)ccc12,N#CC=Cc1cc(Cl)cc(Oc2ccc(OS(=O)(=O)F)cc2OCCn2ccc(=O)[nH]c2=O)c1,UP,P03366
CC(C)C[C@H](NC(=O)OC(C)(C)C1CCC(F)(F)CC1)C(=O)N[C@@H](C[C@@H]1CCNC1=O)C(O)S(=O)(=O)O,CC(C)C[C@H](NC(=O)OCc1ccccc1F)C(=O)N[C@@H](C[C@@H]1CCNC1=O)C(O)S(=O)(=O)O,DOWN,P0DTD1
CC(C)C[C@H](NC(=O)OCc1ccccc1)C(=O)N[C@@H](C[C@@H]1CCNC1=O)[C@H](O)S(=O)(=O)O,Cc1onc(c1)C(=O)N[C@@H](C)C(=O)N[C@@H](C(C)C)C(=O)N[C@@H](CC(C)C)C(=O)N[C@@H](C[C@@H]2CCNC2=O)/C=C\C(=O)OCc3ccccc3,UP,P0DTD1
COc1cccc(c12)[nH]c(c2)C(=O)N[C@@H](CC(C)C)C(=O)N[C@@H](C[C@@H]3CCNC3=O)C(=O)c(s4)nc(c45)cccc5,O=CC(CC1CCNC1=O)NC(=O)C(Cc1ccccc1)NC(=O)OCc1ccccc1,UP,P0DTD1
Cc1ccc(cc1)C(=O)N2CCN(CC2)C(=O)CCl,Oc1ccccc1NC(=O)C2CCN(CC2)C(=O)CCl,UP,P0DTD1
CC(C)CC(NC(=O)OCc1ccc(F)cc1)C(=O)NC(CC1CCNC1=O)C(O)S(=O)(=O)O,c1cccc(c12)[nH]c(c2)C(=O)N[C@@H](CC3CCCCC3)C(=O)N[C@H](C=O)C[C@@H]4CCNC4=O,DOWN,P0DTD1
CCCNC(=O)[C@@H]1O[C@H]1C(=O)N[C@@H]([C@@H](C)CC)C(=O)N1CCC[C@H]1C(O)=O,CCOC(=O)[C@H]1O[C@@H]1C(=O)N[C@@H]([C@@H](C)CC)C(=O)N[C@@H]([C@@H](C)CC)C(O)=O,UP,P07688
CN1CCN(CC1)c1ccc(Nc2ncc(Cl)c(Oc3ccccc3NC(=O)CCl)n2)cc1,Cn1cc(cn1)Nc2ncc(Cl)c(n2)Oc3ccccc3NC(=O)C=C,UP,O43318
CC(C)CC(NC(=O)OCc1ccc(F)cc1)C(=O)NC(CC1CCNC1=O)C(O)S(=O)(=O)O,COc1cccc(c12)[nH]c(c2)C(=O)N[C@@H](CC(C)C)C(=O)N[C@@H](C[C@@H]3CCNC3=O)C(=O)c(s4)nc(c45)cccc5,DOWN,P0DTD1
C=CC(=O)N1C[C@@H](CCC1)n2nc(c(c23)c(N)ncn3)-c4ccc(cc4)Oc5ccccc5,CC(=O)c1ccc(cc1)-n2cc(nn2)-c3nn(c(c34)ncnc4N)[C@@H]5CCCN(C5)C(=O)C=C,UP,O14733
CC(C)C[C@H](NC(=O)OC[C@H]1C[C@H]2C=CC[C@H](C2)C1)C(=O)N[C@@H](C[C@@H]1CCNC1=O)C(=O)S(=O)(=O)O,CCC[C@H]1CC[C@H](OC(=O)N[C@@H](CC(C)C)C(=O)N[C@@H](C[C@@H]2CCNC2=O)C(O)S(=O)(=O)O)CC1,UP,P0DTD1
CC(C)CCNC(=O)[C@H](CC(C)C)NC(=O)[C@@H]1O[C@H]1C(O)=O,CCOC(=O)[C@H]1O[C@@H]1C(=O)N[C@@H]([C@@H](C)CC)C(O)=O,UP,P07688
C1COCCN1C(=O)N[C@@H](CC(C)C)C(=O)N[C@H](CCc2ccccc2)/C=C/S(=O)(=O)c3ccccc3,CN1CCN(CC1)C(=O)N[C@@H](Cc1ccccc1)C(=O)N[C@@H](CCc1ccccc1)\C=C\S(=O)(=O)NOCc1ccccc1,DOWN,Q8MNY2
CN1CCN(CC1)C(=O)N[C@@H](CCCONC(N)=N)C(=O)N[C@@H](CCc1ccccc1)\C=C\S(=O)(=O)c1ccccc1,CN1CCN(CC1)C(=O)N[C@@H](Cc1ccccc1)C(=O)N[C@@H](CCc1ccccc1)\C=C\S(=O)(=O)NOCc1ccccc1,DOWN,P25779
COc1cccc2[nH]c(C(=O)N[C@@H](CC(C)C)C(=O)N[C@H](C#N)C[C@@H]3CCNC3=O)cc12,c1ccccc1OC(=O)N[C@@H](CC(C)C)C(=O)N[C@@H](CC(C)C)C(=O)N[C@@H](C[C@@H]2CCNC2=O)C(=O)C(=O)NC3CC3,UP,P0DTD1
CC(=O)N[C@H](Cc1ccccc1)C(=O)N[C@@H](Cc1ccccc1)C(=O)N[C@@H](CCCNC(N)=[NH2+])C(=O)CCl,C[C@@H](O)[C@H](NC(=O)[C@H](Cc1ccc(O)cc1)NC(=O)C(N)Cc1c[nH]c2ccccc12)C(=O)N[C@@H](CCCNC(N)=[NH2+])C(=O)CCl,UP,P08709
C.CC(C)C.CC(C)CC(N)C(=O)NC(C=O)CC1CCNC1=O.O=COCc1ccccc1,Cc1onc(c1)C(=O)N[C@@H](C)C(=O)N[C@@H](C(C)C)C(=O)N[C@@H](CC(C)C)C(=O)N[C@@H](C[C@@H]2CCNC2=O)/C=C\C(=O)OCc3ccccc3,UP,P0DTD1
CC(C)C[C@H](NC(=O)OC[C@@H]1C[C@H]2CCC[C@H](C2)C1)C(=O)N[C@H](C=O)C[C@@H]1CCNC1=O,CCOC(=O)/C=C/C(CC1CCNC1=O)NC(=O)C(CC(C)C)NC(=O)C(NC(=O)OCc1ccccc1)C(C)OC(C)(C)C,DOWN,P0DTD1
CC(C)C[C@H](NC(=O)OCC1CCC(F)(F)CC1)C(=O)N[C@@H](C[C@@H]1CCNC1=O)[C@H](O)S(O)(=O)=O,CC(C)C[C@H](NC(=O)OCc1ccccc1)C(=O)N[C@@H](C[C@@H]1CCNC1=O)C(O)S(=O)(=O)O,UP,P0DTD1
CC(=O)N[C@H](Cc1ccccc1)C(=O)N1CCC[C@H]1C(=O)N[C@@H](CCCCCN)B(O)O,N=C(N)NCCC[C@H](NC(=O)[C@@H]1CCCN1C(=O)[C@H](N)Cc1ccccc1)C(=O)CCl,UP,P00734
CC(=O)N1CCC[C@H]1C(=O)N[C@@H](C)C(=O)N[C@@H](CC(C)C)C(=O)C1(C)CO1,CC(C)C[C@H](NC(=O)[C@H](CCc1ccccc1)NC(=O)CN1CCOCC1)C(=O)N[C@@H](Cc1ccccc1)C(=O)N[C@@H](CC(C)C)C(=O)[C@@]1(C)CO1,DOWN,P25043
CC(=O)N1CCC[C@H]1C(=O)N[C@@H](CC(C)C)C(=O)N[C@@H](CC(C)C)C(=O)C1(C)CO1,CC(=O)N[C@H](CC(C)C)C(=O)N[C@@H](C)C(=O)N[C@@H](CCC(=O)O)C(=O)C1(C)CO1,DOWN,P25043
CC(=O)N[C@H](CC(C)C)C(=O)N[C@@H](CC(C)C)C(=O)N[C@@H](CC(C)C)C(=O)C1(C)CO1,CC(C)C[C@H](NC(=O)[C@H](CCc1ccccc1)NC(=O)CN1CCOCC1)C(=O)N[C@@H](Cc1ccccc1)C(=O)N[C@@H](CC(C)C)C(=O)[C@@]1(C)CO1,DOWN,P25043
CC(=O)N[C@@H](Cc1c[nH]c2ccccc12)C(=O)N[C@@H](CCC(=O)O)C(=O)N[C@@H](Cc1c[nH]cn1)C(=O)N[C@H](C=O)CC(=O)O,CSCC[C@H](NC(=O)[C@H](CCC(N)=O)NC(=O)[C@H](CC(=O)O)NC(C)=O)C(=O)N[C@H](C=O)CC(=O)O,UP,P55210
C=CC(=O)Nc1cccc(C)c1Nc1ncc(OCc2c(Cl)c(OC)cc(OC)c2Cl)cn1,CCN1CCN(CC1)c1ccc(Nc2cc(ncn2)N(C)C(=O)Nc2c(Cl)c(OC)cc(OC)c2Cl)c(NC(=O)C=C)c1,DOWN,P11362
COc1ccc(C[C@H](NC(=O)[C@@H](C)NC(=O)C2=CC3=CCC=CC3=C2C)C(=O)N[C@@H](Cc2ccccc2)C(=O)[C@@]2(C)CO2)cc1,COc1ccc(C[C@H](NC(=O)[C@H](C)NC(=O)CN2CCOCC2)C(=O)N[C@@H](CC2CCC3CCCCC3C2)C(=O)[C@@]2(C)CO2)cc1,DOWN,P30656
C.CC(C)C.CC(C)CC(N)C(=O)NC(C=O)CC1CCNC1=O.O=COCc1ccccc1,COc1cccc2[nH]c(C(=O)N[C@@H](CC(C)C)C(=O)N[C@H](C#N)C[C@@H]3CCNC3=O)cc12,UP,P0DTD1
ClCC(=O)N1CCN(CC1)C(=O)c2cccs2,Fc1cccc(c1)S(=O)(=O)N2CCN(CC2)C(=O)CCl,DOWN,P0DTD1
CC1(C)S[C@@H]2[C@H](NC(=O)[C@H](N)c3ccccc3)C(=O)N2[C@H]1C(O)=O,CCN1CCN(N[C@@H](C(=O)N[C@H]2[C@H]3SC(C)(C)[C@@H](N3C2=O)C(O)=O)c2ccccc2)C(=O)C1=O,DOWN,A8E0K8
CC(C)CC(NC(=O)OC(C)C1CCC(F)(F)CC1)C(=O)NC(C=O)CC1CCNC1=O,CC(C)C[C@H](NC(=O)OC1CCC(C)(C)CC1)C(=O)N[C@@H](C[C@@H]1CCNC1=O)C(O)S(=O)(=O)O,DOWN,P0DTD1
CC(C)C[C@H](NC(=O)[C@@H](Cc1ccc(CN)cc1)NC(=O)[C@H](Cc1ccccc1)N=[N+]=[N-])C(=O)N[C@H](C=CS(C)(=O)=O)Cc1ccc(CN)cc1,CC(C)C[C@H](NC(=O)[C@H](Cc1ccccc1)N=[N+]=[N-])C(=O)N[C@@H](CC(C)C)C(=O)N[C@H](C=CS(C)(=O)=O)Cc1ccc(CN)cc1,DOWN,P30656
N#CCNC(=O)C(Cc1ccccc1)NC(=O)c1ccccc1,O=CC(=O)C(CCc1ccccc1)NC(=O)C(Cc1ccccc1)NC(=O)OCc1cccnc1,DOWN,P25779
C.CC(C)C.NC(Cc1ccccc1)C(=O)NC(C=O)CC1CCNC1=O.O=COCc1ccccc1,CC(C)C[C@H](NC(=O)OC[C@@H]1C[C@H]2CCC[C@H](C2)C1)C(=O)N[C@H](C=O)C[C@@H]1CCNC1=O,DOWN,P0DTD1
CC(C)[C@H](NC(=O)OCc1ccccc1)C(=O)N[C@@H](CC1CCCCC1)C(=O)N[C@H](C=O)Cc1ccc[nH]c1=O,O=C(N[C@@H](Cc1ccccc1)C(=O)N[C@@H](C[C@@H]1CCNC1=O)C(O)S(=O)(=O)[O-])OCc1ccccc1,UP,P0DTD1
CC(C)C[C@H](NC(=O)OC[C@H]1C[C@H]2C=C[C@@H]1C2)C(=O)N[C@@H](C[C@@H]1CCNC1=O)C(O)S(=O)(=O)O,CC(C)C[C@H](NC(=O)OC[C@H]1C[C@H]2CCC[C@H](C2)C1)C(=O)N[C@H](C=O)C[C@@H]1CCNC1=O,DOWN,P0DTD1
CN1CCN(CC1)c1ccc(Nc2ncc(Cl)c(Nc3ccccc3NC(=O)C=C)n2)cc1,CN1CCN(CC1)c1ccc(Nc2ncc(Cl)c(Oc3ccccc3NC(=O)C=C)n2)cc1,DOWN,O43318
CC(C)CC(NC(=O)C(NC(=O)OCc1ccccc1)C(C)C)C(=O)NC(C=O)CC1CCNC1=O,CC(C)C[C@H](NC(=O)OCC1=CC=CC=C1)C(=O)N[C@@H](C[C@@H]1CCNC1=O)[C@H](O)S(O)(=O)=O,UP,P0DTD1
Cc1ccc(cc1)C(=O)N2CCN(CC2)C(=O)CCl,ClCC(=O)N1CCN(CC1)S(=O)(=O)c2ccc(Cl)cc2,UP,P0DTD1
CC(C)C(NC(=O)OCc1ccccc1)C(=O)NC(CC1CCCCC1)C(=O)NC(C=O)CC1CCNC1=O,O=C1NCC[C@H]1C[C@@H](C(=O)C(=O)NC2CC2)NC(=O)[C@H](CC(C)C)NC(=O)OCc3ccccc3,UP,P0DTD1
C=CC(=O)Nc(c1)ccc(c12)ncnc2Nc3cccc(Br)c3,CN(C)C\C=C\C(=O)Nc1ccc2ncnc(Nc3cccc(Br)c3)c2c1,UP,P00523
CC(C)C[C@H](NC(=O)OCc1ccccc1)C(=O)N[C@@H](C[C@@H]1CCNC1=O)[C@@H](O)S(O)(=O)=O,CC(C)[C@H](NC(=O)OCc1ccccc1)C(=O)N[C@@H](CC1CCCCC1)C(=O)N[C@H](C=O)Cc1ccc[nH]c1=O,UP,P0DTD1
COc1cccc(c12)CN(CC2)C(=O)c3cn(c(c34)ccc(Br)c4)CC(=O)NC5CN(C5)C(=O)C=C,Cc1cc(on1)C(=O)Nc2cc(Br)ccc2OCC(=O)NC3CN(C3)C(=O)C=C,UP,P01116
CC1(C)S[C@@H]2[C@H](NC(=O)[C@H](NN3CCNC3=O)c3ccccc3)C(=O)N2[C@@H]1C(O)=O,CCN1CCN(N[C@@H](C(=O)N[C@H]2[C@H]3SC(C)(C)[C@@H](N3C2=O)C(O)=O)c2ccccc2)C(=O)C1=O,DOWN,A8E0K8
CC(C)CCNC(=O)[C@@H](CCc1ccccc1)NC(=O)[C@H]1O[C@@H]1C(O)=O,c1ccccc1CC(=O)N[C@@H](CCc2ccccc2)/C=C/S(=O)(=O)c3ccccc3,DOWN,P25779
CCCOC(=O)CSC1=C(N2[C@@H]([C@@H]([C@@H](C)O)C2=O)[C@H]1C)C(O)=O,C[C@@H](O)[C@@H]1[C@H]2[C@@H](C)C(S[C@@H]3CN[C@@H](C3)C(=O)NC3=CC=CC(=C3)C(O)=O)=C(N2C1=O)C(O)=O,DOWN,I6Y9J2
CC(=O)N1CCC[C@H]1C(=O)N[C@@H](CC(C)C)C(=O)N[C@@H](CC(C)C)C(=O)C1(C)CO1,CC(C)C[C@H](NC(=O)[C@H](CCc1ccccc1)NC(=O)CN1CCOCC1)C(=O)N[C@@H](Cc1ccccc1)C(=O)N[C@@H](CC(C)C)C(=O)[C@@]1(C)CO1,DOWN,P25043
CC(C)C[C@H](NC(=O)OC1CCC(C)(C)CC1)C(=O)N[C@@H](C[C@@H]1CCNC1=O)C(O)S(=O)(=O)O,CC(C)C[C@H](NC(=O)OC[C@@H]1C[C@H]2CCC[C@H](C2)C1)C(=O)N[C@H](C=O)C[C@@H]1CCNC1=O,DOWN,P0DTD1
CC(C)C[C@H](NC(=O)OCc1ccccc1)C(=O)N[C@@H](C[C@@H]1CCNC1=O)C(=O)S(=O)(=O)[O-],CCOC(=O)/C=C/C(CC1CCNC1=O)NC(=O)C(CC(C)C)NC(=O)C(NC(=O)OCc1ccccc1)C(C)OC(C)(C)C,DOWN,P0DTD1
CC(=O)N[C@@H](CC(C)C)C(=O)N[C@@H](C)C(=O)N[C@@H](CC(=O)C1(C)CO1)C(=O)O,CC(=O)N[C@H](CC(C)C)C(=O)N[C@@H](C)C(=O)N[C@@H](CCC(=O)O)C(=O)C1(C)CO1,DOWN,P25043
C=CC(=O)Nc1cc(Nc2ncc(Cl)c(Nc3ccccc3S(=O)(=O)C(C)C)n2)c(OC)cc1N1CCN(CC)CC1,C=CC(=O)Nc1cccc(-n2c(=O)cc(C)c3cnc(Nc4ccc(N5CCN(C)CC5)cc4OC)nc32)c1,DOWN,P00533
CN1CCN(CC1)c1ccc(Nc2ncc(Cl)c(Oc3ccccc3NC(=O)C=C)n2)cc1,CN1CCN(CC1)c1ccc(Nc2ncc(Cl)c(Oc3ccccc3NC(=O)CCl)n2)cc1,DOWN,O43318
CC[C@H](C)[C@@H]1C(=O)O[C@H]1C(=O)NCCC[C@H](NC(=O)[C@H](C)NC(=O)OCc1ccc2ccccc2c1)C(=O)OCc1ccccc1,CC[C@H](C)[C@@H]1C(=O)O[C@H]1C(=O)N[C@H]1C[C@H]1C[C@@H](CCc1ccccc1)NC(=O)[C@H](C)NC(=O)OCc1ccccc1,DOWN,P30656
ClCC(=O)N1CCN(CC1)S(=O)(=O)c2cccs2,c1cccc(c12)[C@@H](CN(C2)C(=O)CCl)c3ccccc3,UP,P0DTD1
CC(C)C[C@H](NC(=O)OC[C@H]1C[C@H]2CCC[C@H](C2)C1)C(=O)N[C@H](C=O)C[C@@H]1CCNC1=O,COc1cccc(c12)[nH]c(c2)C(=O)N[C@@H](CC(C)C)C(=O)N[C@@H](C[C@@H]3CCNC3=O)C(=O)COC(=O)c4ccccc4C#N,DOWN,P0DTD1
CC(C)(C)NC(=O)NC(C(=O)N1CC2C(C1C(=O)NC(CC1CCC1)C(=O)C(N)=O)C2(C)C)C(C)(C)C,CC(C)(C)[C@H](NC(=O)C(F)(F)F)C(=O)N1C[C@H]2[C@@H]([C@H]1C(=O)N[C@H](C#N)C[C@@H]1CCNC1=O)C2(C)C,UP,P0DTD1
CN(C)CCSSC[C@H](NC(=O)Cc1ccc2OCOc2c1)C(=O)NCc1ccncc1,CN(C)CCSSC[C@H](NC(=O)[C@H](O)c1ccc(cc1)C(F)(F)F)C(=O)NCc1ccccn1,UP,Q9ULW0
C1COCCN1C(=O)N[C@@H](CC(C)C)C(=O)N[C@H](C(=O)CF)CCc2ccccc2,CC(C)CCNC(=O)[C@@H](CCc1ccccc1)NC(=O)[C@H]1O[C@@H]1C(O)=O,UP,P25779
CC(C)C[C@H](NC(=O)OCc1c(F)c(F)c(F)c(F)c1F)C(=O)N[C@@H](C[C@@H]1CCNC1=O)C(O)S(=O)(=O)O,O=CC(CC1CCNC1=O)NC(=O)C(Cc1ccccc1)NC(=O)OCc1ccccc1,UP,P0DTD1
CCN(CC)/C(C)=N/P(C)(=O)OC,CCN(CC)/C(C)=N/[P@](=O)(F)OC,UP,P22303
O=C1NCC[C@H]1C[C@@H](/C=C/C(=O)C2CC2)NC(=O)[C@H](CC(C)C)NC(=O)[C@H]([C@@H](C)OC(C)(C)C)NC(=O)OCc3ccccc3,c1ccccc1COC(=O)N[C@@H]([C@@H](C)OC(C)(C)C)C(=O)N[C@@H](CC2CCCCC2)C(=O)N[C@H](C=O)C[C@@H]3CCNC3=O,DOWN,P0C6X7
CC(C)C[C@H](NC(=O)OCc1ccccc1)C(=O)N[C@@H](CC(C)C)C(=O)N[C@@H](CC(C)C)C(=O)[C@@]1(C)CO1,CC(C)C[C@H](NC(=O)[C@H](Cc1ccccc1)N=[N+]=[N-])C(=O)N[C@@H](CO)C(=O)N[C@H](C=CS(C)(=O)=O)Cc1ccc(CN)cc1,UP,P25043
CC(C)CC(NC(=O)OC(C)C1CCC(F)(F)CC1)C(=O)NC(C=O)CC1CCNC1=O,CC(C)C[C@H](NC(=O)OC[C@H]1C[C@H]2CC[C@@H]1C2)C(=O)N[C@@H](C[C@@H]1CCNC1=O)C(O)S(=O)(=O)O,DOWN,P0DTD1
Fc1ccc(cc1)[C@@H](C(F)(F)F)N[C@H](C(=O)NC2(C#N)CC2)CS(=O)(=O)N3CCOCC3,c1ccccc1S(=O)(=O)/N=C(\C)N[C@@H](CC2(C)CCCC2)C(=O)NC3(C#N)CCS(=O)(=O)CC3,DOWN,P25774
CC(=O)N1CCN(CC1)C(=O)CCl,Fc1ccccc1S(=O)(=O)N2CCN(CC2)C(=O)CCl,DOWN,P0DTD1
CC(C)CC(NC(=O)OCc1ccccc1)C(=O)NC(CC1CCNC1=O)C(O)S(=O)(=O)O,CC(C)[C@H](NC(=O)OCc1ccccc1)C(=O)N[C@@H](CC1CCCCC1)C(=O)N[C@H](C=O)Cc1ccc[nH]c1=O,UP,P0DTD1
CCOC(=O)[C@H]1O[C@@H]1C(=O)N[C@@H]([C@@H](C)CC)C(O)=O,CC[C@H](C)[C@H](NC(=O)[C@H]1O[C@@H]1C(=O)NCc1ccccc1)C(=O)N1CCC[C@H]1C(O)=O,DOWN,P07688
CCCNC(=O)[C@@H]1[C@H](O1)C(=O)N[C@@H]([C@@H](C)CC)C(=O)N2CCC[C@H]2C(=O)OCc3ccccc3,COC(=O)CNC(=O)CNC(=O)[C@H](CC(C)C)NC(=O)[C@H]1O[C@@H]1C(=O)N[C@@H](CC(C)C)C(=O)N1CCC[C@H]1C(O)=O,DOWN,P07688
CC(C)C[C@H](NC(=O)OCc1cccc(F)c1)C(=O)N[C@@H](C[C@@H]1CCNC1=O)C(O)S(=O)(=O)O,c1ccccc1OC(=O)N[C@@H](CC(C)C)C(=O)N[C@@H](CC(C)C)C(=O)N[C@@H](C[C@@H]2CCNC2=O)C(=O)C(=O)NC3CC3,UP,P0DTD1
O=C1NCC[C@H]1C[C@@H](/C=C/C(=O)C)NC(=O)[C@H](CC(C)C)NC(=O)[C@H](CNC(=O)C(C)(C)C)NC(=O)OCc2ccccc2,O=C1NCC[C@H]1C[C@@H](/C=C/C(=O)OCC)NC(=O)[C@H](Cc2ccccc2)NC(=O)[C@H](COC(C)(C)C)NC(=O)OCc3ccccc3,DOWN,P0C6X7
N=C(N)NCCC[C@H](NC(=O)[C@@H]1CCCN1C(=O)[C@@H](Cc1ccccc1)NC(=O)CS)C(=O)CCl,NC(=[NH2+])NCCC[C@H](NC(=O)[C@@H]1CCCN1C(=O)[C@H](N)Cc1ccccc1)C(=O)CCl,UP,P00734
CC(C)C[C@H](NC(=O)OCc1ccccc1F)C(=O)N[C@@H](C[C@@H]1CCNC1=O)C(O)S(=O)(=O)O,Cc1onc(c1)C(=O)N[C@@H](C)C(=O)N[C@@H](C(C)C)C(=O)N[C@@H](CC(C)C)C(=O)N[C@@H](C[C@@H]2CCNC2=O)/C=C\C(=O)OCc3ccccc3,UP,P0DTD1
CCOC(=O)[C@H]1O[C@@H]1C(=O)N[C@@H]([C@@H](C)CC)C(=O)N[C@@H](C)C(O)=O,CC[C@H](C)[C@H](NC(=O)[C@H]1O[C@@H]1C(=O)NCc1ccccc1)C(=O)N1CCC[C@H]1C(O)=O,DOWN,P07688
CC(C)C[C@H](NC(=O)OC[C@@H]1C[C@H]2CCC[C@H](C2)C1)C(=O)N[C@H](C=O)C[C@@H]1CCNC1=O,O=C1NCC[C@H]1C[C@@H](C(=O)C(=O)NC2CC2)NC(=O)[C@H](CC(C)C)NC(=O)OCc3ccccc3,UP,P0DTD1
CC(C)(C)OC(=O)Nc1cccn(C(CC2CC2)C(=O)NC(CC2CCNC2=O)C(=O)C(=O)NCc2ccccc2)c1=O,CCC[C@H]1CC[C@H](OC(=O)N[C@@H](CC(C)C)C(=O)N[C@@H](C[C@@H]2CCNC2=O)C(O)S(=O)(=O)O)CC1,UP,P0DTD1
CC(=O)N[C@@H](CC(C)C)C(=O)N[C@@H](C)C(=O)N[C@@H](CC(=O)C1(C)CO1)C(=O)O,CC(=O)N[C@@H](CC(C)C)C(=O)N[C@@H](C)C(=O)N[C@@H](CC(C)C)C(=O)C1(C)CO1,DOWN,P25043
CC(C)(C)OC(=O)Nc1cccn(C(CC2CC2)C(=O)NC(CC2CCNC2=O)C(=O)C(=O)NCc2ccccc2)c1=O,CC(C)C[C@H](NC(=O)OCc1ccccc1)C(=O)N[C@@H](C[C@@H]1CCNC1=O)[C@H](O)S(=O)(=O)O,UP,P0DTD1
CC(=O)N[C@@H](CC(=O)O)C(=O)N[C@@H](CCC(=O)O)C(=O)N[C@H](C(=O)N[C@@H](CCC(=O)O)C(=O)CCl)C(C)C,CC(=O)N[C@H](C(=O)N[C@@H](CC(=O)O)C(=O)N[C@H](C(=O)N[C@@H](C)C(=O)N[C@H](C=O)CC(=O)O)C(C)C)C(C)C,UP,P42574
OB(O)[C@@H](NC(=O)Cc1cccs1)c1cccc(c1)C(O)=O,OB(O)[C@H](Cn1cc(nn1)-c1cccc(c1)C(O)=O)NC(=O)Cc1cccs1,DOWN,Q6DRA1
CCOC(=O)[C@H]1O[C@H]1C(=O)N(CCC(=O)N)NC(=O)[C@H](Cc2ccccc2)NC(=O)[C@H](CC(C)C)NC(=O)OCc3ccccc3,O=C1NCC[C@H]1C[C@@H](/C=C/C(=O)OCC)NC(=O)[C@H](Cc2ccccc2)NC(=O)[C@H](CC(=O)OC(C)(C)C)NC(=O)OCc3ccccc3,DOWN,P0C6X7
ClCC(=O)N1CCN(Cc2ccc(Br)s2)CC1,[O-][N+](=O)c1ccccc1N2CCN(CC2)C(=O)CCl,DOWN,P0DTD1
ClCC(=O)N1CCC(CC1)C(=O)N2CCCCC2,[O-][N+](=O)c1ccccc1N2CCN(CC2)C(=O)CCl,UP,P0DTD1
CC(=O)N1CCC[C@@H]1C(=O)N[C@@H](C)C(=O)N[C@H](Cc1ccc(O)cc1)C(=O)C1(C)CO1,COc1ccc(C[C@H](NC(=O)[C@H](C)NC(=O)CN2CCOCC2)C(=O)N[C@@H](Cc2ccccc2)C(=O)[C@@]2(C)CO2)cc1,DOWN,P30656
O=C1CO[C@@H]([C@@H]12)[C@@H](F)CN2C(=O)[C@H](CC(C)C)NC(=O)c3ccc(cc3)-c4cccs4,O=C1CO[C@@H]([C@@H]12)[C@H](C#C)CN2C(=O)[C@H](CC(C)C)NC(=O)c3ccc(cc3)-c4nc(sc4F)N5CCN(C)CC5,DOWN,P43235
ClCC(=O)N1CCN(CC1)S(=O)(=O)c2ccccc2C#N,ClCC(=O)N1CCN(Cc2cccc(Cl)c2)CC1,UP,P0DTD1
CC(C)C(NC(=O)OCc1ccccc1)C(=O)NC(Cc1ccccc1)C(=O)NC(C=O)CC1CCNC1=O,c1ccccc1OC(=O)N[C@@H](CC(C)C)C(=O)N[C@@H](CC(C)C)C(=O)N[C@@H](C[C@@H]2CCNC2=O)C(=O)C(=O)NC3CC3,UP,P0DTD1
COc1cccc2[nH]c(C(=O)NC(CC(C)C)C(=O)NC(CC3CCNC3=O)C(=O)c3nc4ccccc4s3)cc12,O=C(N[C@@H](Cc1ccccc1)C(=O)N[C@@H](C[C@@H]1CCNC1=O)C(O)S(=O)(=O)[O-])OCc1ccccc1,UP,P0DTD1
C#CCNC(=O)C(CC(C)C)NC(c1ccc(-c2ccc(S(C)(=O)=O)cc2)cc1)C(F)(F)F,C1CC1(C#N)NC(=O)[C@H](CC(F)(C)C)N[C@H](C(F)(F)F)c2ccc(cc2)-c3ccc(cc3)S(=O)(=O)C,DOWN,P43235
O=C1NCC[C@H]1C[C@@H](/C=C/C(=O)OCC)NC(=O)[C@H](CC(C)C)NC(=O)[C@H]([C@@H](C)OC(C)(C)C)NC(=O)OCc2ccccc2,O=C[C@@H](C[C@@H]1CCNC1=O)NC(=O)[C@H](CC1CC1)NC(=O)OCc1cccc(F)c1,UP,P0DTD1
Fc1ccc(cc1)[C@H]2CN(CCO2)C(=O)CCl,c1ccccc1N(C)C(=O)C2CCN(CC2)C(=O)CCl,DOWN,P0DTD1
COc1ccc(c(Cl)c1)S(=O)(=O)[C@@H]2C[C@@H](C(=O)NC3(C#N)CC3)N(C2)C(=O)C4(CNC4)c5ccc(Cl)cn5,Clc1ccccc1S(=O)(=O)[C@@H]2C[C@@H](C(=O)NC3(C#N)CC3)N(C2)C(=O)C4(CC4)c5ccc(Br)cc5,UP,P07711
O=C[C@@H](C[C@@H]1CCNC1=O)NC(=O)[C@H](CC1CC1)NC(=O)OCc1cccc(F)c1,c1ccccc1OC(=O)N[C@@H](CC(C)C)C(=O)N[C@@H](CC(C)C)C(=O)N[C@@H](C[C@@H]2CCNC2=O)C(=O)C(=O)NC3CC3,UP,P0DTD1
CC(C)C[C@H](NC(=O)OC(C)(C)C1CCC(F)(F)CC1)C(=O)N[C@@H](C[C@@H]1CCNC1=O)C(O)S(=O)(=O)O,CC(C)C[C@H](NC(=O)OCc1c(F)c(F)c(F)c(F)c1F)C(=O)N[C@@H](C[C@@H]1CCNC1=O)C(O)S(=O)(=O)O,DOWN,P0DTD1
CC(C)C[C@H](NC(=O)OC[C@H]1C[C@H]2CCC[C@H](C2)C1)C(=O)N[C@H](C=O)C[C@@H]1CCNC1=O,O=C[C@@H](C[C@@H]1CCNC1=O)NC(=O)[C@H](CC1CC1)NC(=O)OCc1cccc(F)c1,UP,P0DTD1
CC(=O)N1CCN(CC1)C(=O)CCl,ClCC(=O)N1CCN(CC1)S(=O)(=O)c2ccc(Cl)s2,DOWN,P0DTD1
CC(C)C[C@H](NC(=O)OC[C@H]1C[C@H]2CC[C@@H]1C2)C(=O)N[C@@H](C[C@@H]1CCNC1=O)C(O)S(=O)(=O)O,COc1cccc(c12)[nH]c(c2)C(=O)N[C@@H](CC(C)C)C(=O)N[C@@H](C[C@@H]3CCNC3=O)C(=O)c(s4)nc(c45)cccc5,DOWN,P0DTD1
COc1cccc2[nH]c(C(=O)N[C@@H](CC(C)C)C(=O)N[C@@H](C[C@@H]3CCCNC3=O)C(=O)COC(=O)c3c(C)cc(C)nc3C)cc12,COc1cccc2[nH]c(C(=O)N[C@@H](CC(C)C)C(=O)N[C@H](C#N)C[C@@H]3CCNC3=O)cc12,UP,P0DTD1
COc1cccc(c12)[nH]c(c2)C(=O)N[C@@H](CC(C)C)C(=O)N[C@@H](C[C@@H]3CCNC3=O)C(=O)c(s4)nc(c45)cccc5,O=C(N[C@@H](Cc1ccccc1)C(=O)N[C@@H](C[C@@H]1CCNC1=O)C(O)S(=O)(=O)[O-])OCc1ccccc1,UP,P0DTD1
CC1(C)S[C@@H]2[C@H](NC(=O)[C@H](N)c3ccc(O)cc3)C(=O)N2[C@H]1C(O)=O,N[C@@H](C(=O)N[C@H]1[C@H]2CCC(Cl)=C(N2C1=O)C(O)=O)c1ccccc1,DOWN,P00811
CC(C)C[C@H](NC(=O)OCc1cccc(F)c1)C(=O)N[C@@H](C[C@@H]1CCNC1=O)C(O)S(=O)(=O)O,O=C1NCC[C@H]1C[C@@H](C(=O)C(=O)NC2CC2)NC(=O)[C@H](CC(C)C)NC(=O)OCc3ccccc3,UP,P0DTD1
CC(C)C[C@H](NC(=O)O[C@H]1CC[C@H](c2ccccc2)CC1)C(=O)N[C@@H](C[C@@H]1CCNC1=O)C(O)S(=O)(=O)O,O=C1NCC[C@H]1C[C@@H](/C=C/C(=O)OCC)NC(=O)[C@H](CC(C)C)NC(=O)[C@H]([C@@H](C)OC(C)(C)C)NC(=O)OCc2ccccc2,DOWN,P0DTD1
C.CC(C)C.CC(C)CC(N)C(=O)NC(C=O)CC1CCNC1=O.O=COCc1ccccc1,CCOC(=O)/C=C/C(CC1CCNC1=O)NC(=O)C(CC(C)C)NC(=O)C(NC(=O)OCc1ccccc1)C(C)OC(C)(C)C,DOWN,P0DTD1
CCC[C@H]1CC[C@H](OC(=O)N[C@@H](CC(C)C)C(=O)N[C@@H](C[C@@H]2CCNC2=O)C(O)S(=O)(=O)O)CC1,O=C1NCC[C@H]1C[C@@H](C(=O)C(=O)NC2CC2)NC(=O)[C@H](CC(C)C)NC(=O)OCc3ccccc3,UP,P0DTD1
COc1cccc2[nH]c(C(=O)N[C@@H](CC(C)C)C(=O)N[C@@H](C[C@@H]3CCCNC3=O)C(=O)COC(=O)c3c(C)cc(C)nc3C)cc12,c1ccccc1OC(=O)N[C@@H](CC(C)C)C(=O)N[C@@H](CC(C)C)C(=O)N[C@@H](C[C@@H]2CCNC2=O)C(=O)C(=O)NC3CC3,UP,P0DTD1
N#C[C@@H]1CCCN1C(=O)[C@@H](N)Cc2ccc(cc2)-c3ccccc3,OC(=O)c1ccc(Cl)c(OC[C@H]2CC[C@H](N2)C(=O)N2CCC[C@H]2C#N)c1,DOWN,P27487
CC(C)CC(NC(=O)OC(C)C1CCC(F)(F)CC1)C(=O)NC(C=O)CC1CCNC1=O,CC(C)C[C@H](NC(=O)OCC1CCC(F)(F)CC1)C(=O)N[C@@H](C[C@@H]1CCNC1=O)[C@H](O)S(O)(=O)=O,DOWN,P0DTD1
CC(=O)N[C@H](CC(C)C)C(=O)N[C@@H](CC(C)C)C(=O)N[C@@H](CC(C)C)C(=O)C1(C)CO1,CC[C@H](C)[C@H](NC(=O)[C@H](C)NC(=O)[C@H](CC(C)C)NC(C)=O)C(=O)C1(C)CO1,DOWN,P25043
FC(F)(F)c1ccc(cc1)C2(CC2)C(=O)N3C[C@@H](C[C@H]3C(=O)NC4(C#N)CC4)S(=O)(=O)c5ccccc5Cl,c1cccc(c12)OC\C=C\COc3ccc(cc3Cl)C[C@H](NC2=O)C(=O)NC4(C#N)CC4,DOWN,P07711
CN1CCN(CC1)C(=O)N[C@@H](CCCNC(N)=N)C(=O)N[C@@H](CCc1ccccc1)\C=C\S(=O)(=O)c1ccccc1,CN1CCN(CC1)C(=O)N[C@@H](Cc1ccccc1)C(=O)N[C@@H](CCc1ccccc1)\C=C\S(=O)(=O)NOCc1ccccc1,DOWN,P25779
CN1CCN(C(=O)c2ccc3c(c2)B(O)OC3)C(C)(C)C1=O,O=C(O)c1ccc2c(c1)B(O)OC2,UP,G3XD46
ClCC(=O)N1CCN(CC1)S(=O)(=O)c2ccccc2C#N,Fc1cccc(c1)S(=O)(=O)N2CCN(CC2)C(=O)CCl,DOWN,P0DTD1
CCOC(=O)/C=C/C(CC1CCNC1=O)NC(=O)C(CC(C)C)NC(=O)C(NC(=O)OCc1ccccc1)C(C)OC(C)(C)C,O=C[C@@H](C[C@@H]1CCNC1=O)NC(=O)[C@H](CC1CC1)NC(=O)OCc1cccc(F)c1,UP,P0DTD1
CC(C)C[C@H](NC(=O)[C@@H](Cc1ccccc1)N=[N+]=[N-])C(=O)N[C@H](C(=O)N[C@H](C=CS(C)(=O)=O)Cc1ccc(CN)cc1)[C@@H](C)O,CC(C)C[C@H](NC(=O)[C@H](Cc1ccccc1)NC(=O)[C@H](CCC1CCCCC1)NC(=O)[C@H](Cc1ccccc1)N=[N+]=[N-])C(=O)[C@@]1(C)CO1,DOWN,P25043
CC(C)C[C@H](NC(=O)[C@@H](NC(=O)[C@@H](NC(=O)[C@H](C)C(=O)N[C@@H](Cc1ccccc1)C(=O)O)[C@@H](C)O)[C@H](C)O)C(=O)[C@H]1CO1,CC(C)C[C@H](NC(=O)[C@H](Cc1ccccc1)N=[N+]=[N-])C(=O)NCC(=O)N[C@H](C=CS(C)(=O)=O)Cc1ccc(CN)cc1,UP,P25043
CN(C)C\C=C\C(=O)NCCn1ccc2ncnc(Nc3ccc(Oc4cccc(c4)C(F)(F)F)c(Cl)c3)c12,COc1cc2ncnc(Nc3ccc(F)c(Cl)c3)c2cc1NC(=O)\C=C\CN1CCCCC1,UP,P00533
CC(C)C[C@H](NC(=O)OCc1ccccc1)C(=O)N[C@@H](C[C@@H]1CCNC1=O)[C@H](O)S(=O)(=O)O,c1cccnc1CNC(=O)C(=O)[C@H](CCC)NC(=O)[C@H](CC(C)C)NC(=O)Oc2ccccc2,DOWN,P0DTD1
CC(=O)N[C@@H](CC(C)C)C(=O)N[C@@H](C)C(=O)N[C@@H](CC(=O)C1(C)CO1)C(=O)O,CC(C)C[C@H](NC(=O)[C@H](CCc1ccccc1)NC(=O)CN1CCOCC1)C(=O)N[C@@H](Cc1ccccc1)C(=O)N[C@@H](CC(C)C)C(=O)[C@@]1(C)CO1,DOWN,P25043
O[C@H]1[C@H]2[C@@H]([C@@H]([C@@H](O)[C@@H]1O)C(O)=O)N2C(=O)CCCCCCCN=[N+]=[N-],O[C@H]1[C@H]2[C@@H]([C@@H]([C@@H](O)[C@@H]1O)C(O)=O)N2CCCCCCCCN=[N+]=[N-],UP,C1F2K5
CC(C)C[C@H](NC(=O)OCc1ccccc1)C(=O)N[C@@H](C[C@@H]1CCNC1=O)C(O)S(=O)(=O)O,Cc1onc(c1)C(=O)N[C@@H](C)C(=O)N[C@@H](C(C)C)C(=O)N[C@@H](CC(C)C)C(=O)N[C@@H](C[C@@H]2CCNC2=O)/C=C\C(=O)OCc3ccccc3,UP,P0DTD1
N=C(N)NCCC[C@H](N)C(=O)C(N)=O,N=C(N)NCCC[C@H](NC(=O)[C@@H]1CCCN1C(=O)[C@@H](N)Cc1ccccc1)C(=O)CCl,DOWN,P00734
CC(C)C[C@H](NC(=O)OCc1ccccc1F)C(=O)N[C@@H](C[C@@H]1CCNC1=O)C(O)S(=O)(=O)O,c1ccccc1OC(=O)N[C@@H](CC(C)C)C(=O)N[C@@H](CC(C)C)C(=O)N[C@@H](C[C@@H]2CCNC2=O)C(=O)C(=O)NC3CC3,UP,P0DTD1
CC(=O)CC(=O)c(c1)ccc(c12)cc(cc2)OC,COc(c1)ccc(c12)cc(cc2)[C@@H]3O[C@H]3C,UP,Q06121
CC(C)C[C@H](NC(=O)OC1CCC(C)(C)CC1)C(=O)N[C@@H](C[C@@H]1CCNC1=O)C(O)S(=O)(=O)O,CC(C)C[C@H](NC(=O)OC[C@H]1C[C@H]2CCC[C@H](C2)C1)C(=O)N[C@@H](C[C@@H]1CCNC1=O)C(O)S(=O)(=O)O,DOWN,P0DTD1
N#CN1C[C@@H](CC1)NC(=O)[C@H](CC(C)C)NC(=O)OCc2ccccc2,c1ccccc1COC(=O)N[C@@H](CC(C)C)C(=O)N[C@@H]2CN(CC2=O)C(=O)[C@H](CC(C)C)NC(=O)OCc3ccccc3,DOWN,P43235
ClCC(=O)N1CCN(CC1)S(=O)(=O)c2ccccc2C#N,ClCC(=O)N1CCN(Cc2cccs2)CC1,UP,P0DTD1
CC(C)C[C@H](NC(=O)OCc1ccccc1)C(=O)N[C@@H](C[C@@H]1CCNC1=O)C(=O)C(=O)NCc1ccccc1,CC(C)C[C@H](NC(=O)OCc1ccccc1)C(=O)N[C@@H](C[C@@H]1CCNC1=O)C(O)S(=O)(=O)O,UP,P0C6U8
CC(C)C[C@H](NC(=O)OCc1ccccc1)C(=O)N[C@@H](C[C@@H]1CCNC1=O)[C@@H](O)S(O)(=O)=O,CCC1(CCN(CC1)C(=O)OC(C)(C)C)OC(=O)N[C@@H](CC(C)C)C(=O)N[C@@H](C[C@@H]1CCNC1=O)[C@@H](O)S(O)(=O)=O,DOWN,K9N638
O=C(C)N[C@@H](CC(C)C)C(=O)N[C@@H](C)C(=O)N[C@@H](CC(C)C)C(=O)[C@@]1(C)OC1,c1ccccc1C[C@@H](C(=O)N[C@@H](CC(C)C)C(=O)[C@@]2(C)CO2)NC(=O)[C@H](CC(C)C)NC(=O)[C@H](CCc3ccccc3)NC(=O)CN4CCOCC4,DOWN,P23638
C.CC(C)C.NC(CC1CCCCC1)C(=O)NC(C=O)CC1CCNC1=O.O=COCc1ccccc1,CC(C)CC(NC(=O)C(NC(=O)OCc1ccccc1)C(C)C)C(=O)NC(C=O)CC1CCNC1=O,UP,P0DTD1
CC(C)C[C@H](NC(=O)OC[C@@H]1C[C@H]2CCC[C@H](C2)C1)C(=O)N[C@H](C=O)C[C@@H]1CCNC1=O,c1ccccc1COC(=O)N[C@@H]([C@@H](C)OC(C)(C)C)C(=O)N[C@@H](CC2CCCCC2)C(=O)N[C@H](C=O)C[C@@H]3CCNC3=O,DOWN,P0DTD1
CC(C)C[C@H](NC(=O)OC[C@H]1C[C@H]2CCC[C@H](C2)C1)C(=O)N[C@H](C=O)C[C@@H]1CCNC1=O,O=C1NCC[C@H]1C[C@@H](/C=C/C(=O)OCC)NC(=O)[C@H](CC(C)C)NC(=O)[C@H]([C@@H](C)OC(C)(C)C)NC(=O)OCc2ccccc2,DOWN,P0DTD1
CN(C)C(=O)CCNc1nc(N2CCN(CC2)C(=O)C=C)c2cc(Cl)c(cc2n1)-c1cc(O)cc2ccccc12,Oc1cccc(F)c1-c(c2F)c(Cl)cc(c23)c(ncn3)N4CCN(CC4)C(=O)C=C,UP,P01116
CN(C)CC=CC(=O)Nc1cc2c(Nc3ccc(F)c(Cl)c3)ncnc2cc1O[C@H]1CCOC1,CN(C)C\C=C\C(=O)NCCn1ccc2ncnc(Nc3ccc(Oc4cccc(c4)C(F)(F)F)c(Cl)c3)c12,DOWN,P00533
CC(C)C[C@H](NC(=O)OCC1CCC(F)(F)CC1)C(=O)N[C@@H](C[C@@H]1CCNC1=O)[C@H](O)S(O)(=O)=O,COc1cccc(c12)[nH]c(c2)C(=O)N[C@@H](CC(C)C)C(=O)N[C@@H](C[C@@H]3CCNC3=O)C(=O)COC(=O)c4ccccc4C#N,DOWN,P0DTD1
C1OCOCC1(CC)OC(=O)N[C@@H](CC(C)C)C(=O)N[C@H](C=O)C[C@@H]2CCNC2=O,O[C@@H]([C@H](C[C@@H]1CCNC1=O)NC(=O)[C@H](CC1CCCCC1)NC(=O)OC1CCC(F)(F)CC1)S(O)(=O)=O,UP,T2B9U0
O=C[C@@H](C[C@@H]1CCNC1=O)NC(=O)[C@H](CC1CC1)NC(=O)OCc1cccc(F)c1,O=C[C@@H](C[C@@H]1CCNC1=O)NC(=O)[C@H](CC1CC1)NC(=O)OCc1ccccc1,DOWN,P0DTD1
CC(=O)N1CCC[C@@H]1C(=O)N[C@@H](C)C(=O)N[C@@H](C)C(=O)C1(C)CO1,CC(=O)N1CCC[C@@H]1C(=O)N[C@@H](C)C(=O)N[C@H](Cc1ccc(O)cc1)C(=O)C1(C)CO1,UP,P30656
Cc1onc(c1)C(=O)N[C@@H](C)C(=O)N[C@@H](C(C)C)C(=O)N[C@@H](CC(C)C)C(=O)N[C@@H](C[C@@H]2CCNC2=O)/C=C\C(=O)OCc3ccccc3,O=C[C@@H](C[C@@H]1CCNC1=O)NC(=O)[C@H](CC1CC1)NC(=O)OCc1cccc(F)c1,DOWN,P0DTD1
CN1CCN(CC1)c1cc(Nc2cc(C)[nH]n2)nc(Oc2cccc(NC(=O)C=C)c2)n1,n1cnc(OC)c(c12)c(c[nH]2)-c3cccc(c3)NC(=O)C=C,UP,P00523
N#CN1C[C@@H](CC1)NC(=O)[C@H](CC(C)C)NC(=O)OCc2ccccc2,c1ccccc1COC(=O)N[C@@H](CC(C)C)C(=O)NNC(=O)NNC(=O)c2cccc(c2)OCc3ccccc3,DOWN,P43235
COc1ccc(C[C@H](NC(=O)[C@H](C)NC(=O)CN2CCOCC2)C(=O)N[C@@H](Cc2ccccc2)C(=O)[C@@]2(C)CO2)cc1,C[C@@H](NC(=O)CN1CCOCC1)C(=O)N[C@@H](Cc1c[nH]c2ccccc12)C(=O)N[C@@H](Cc1ccccc1)C(=O)[C@@]1(C)CO1,UP,P30656
C=CC(=O)Nc1cc(-c2c[nH]c3ncnc(Nc4ccc(OCc5ccccn5)c(Cl)c4)c23)ccc1OCCCO,CCOc1cc2ncc(C#N)c(Nc3ccc(OCc4ccccn4)c(Cl)c3)c2cc1NC(=O)\C=C\CN(C)C,DOWN,P00533
CC(=O)N1CCC[C@H]1C(=O)N[C@@H](C)C(=O)N[C@@H](CC(=O)O)C(=O)C1(C)CO1,CC(C)C[C@H](NC(=O)[C@H](CCc1ccccc1)NC(=O)CN1CCOCC1)C(=O)N[C@@H](Cc1ccccc1)C(=O)N[C@@H](CC(C)C)C(=O)[C@@]1(C)CO1,DOWN,P38624
c1cccc(c12)cc(o2)C(=O)N[C@@H](CC(C)C)C(=O)N[C@H]3CCCN(CC3=O)S(=O)(=O)c4ccccn4,c1ccccc1COC(=O)N[C@@H](CC(C)C)C(=O)N[C@@H]2CN(CC2=O)C(=O)[C@H](CC(C)C)NC(=O)OCc3ccccc3,DOWN,P43235
C=CC(=O)Nc1cc(-c2c[nH]c3ncnc(Nc4ccc(CN5C(=O)c6ccccc6C5=O)cc4)c23)ccc1OCCN(C)C,C=CC(=O)Nc1cccc(-c2c[nH]c3ncnc(Nc4ccc5c(cnn5Cc5ccccc5)c4)c23)c1,UP,P00533
ClCC(=O)N1CCC(CC1)C(=O)N2CCCCC2,ClCC(=O)N1CCN(CC1)C(=O)c2cccs2,UP,P0DTD1
C=CC(=O)N(C)c1cc(Oc2ccccc2OCCn2ccc(=O)[nH]c2=O)c(C)c2cc(C#N)ccc12,N#CC=Cc1cc(F)cc(Oc2ccc(OS(=O)(=O)F)cc2OCCn2ccc(=O)[nH]c2=O)c1,UP,P03366
O=C([O-])c1nnn(c1)C[C@@H](B(O)O)NC(=O)Cc2cccs2,OB(O)[C@H](Cc1cccc(c1)C(O)=O)NC(=O)Cc1cccs1,UP,Q6DRA1
C[C@@H](O)[C@@H]1[C@H]2CC(SCCNC=N)=C(N2C1=O)C(O)=O,C[C@@H](O)[C@@H]1[C@H]2[C@@H](C)C(S[C@@H]3CN[C@@H](C3)C(=O)N(C)C)=C(N2C1=O)C(O)=O,DOWN,Q93PQ0
ClCC(=O)N1CCC(CC1)C(=O)N2CCCCC2,Oc1ccccc1NC(=O)C2CCN(CC2)C(=O)CCl,DOWN,P0DTD1
C=C(F)C(=O)N1CCN(c2nc(OCC3CCCN3C)nc3c2CCN(c2cccc4cccc(Cl)c24)C3)CC1CC#N,CN1CCC[C@H]1COc1nc2CN(CCc2c(n1)N1CCN(CC1)C(=O)C=C)c1cccc2ccccc12,UP,P01116
CC(=O)N1CCN(CC1)C(=O)CCl,ClCC(=O)N1CCN(Cc2cccs2)CC1,UP,P0DTD1
CCCOC(=O)CSC1=C(N2[C@@H]([C@@H]([C@@H](C)O)C2=O)[C@H]1C)C(O)=O,CSC1=C(N2[C@@H]([C@@H]([C@@H](C)O)C2=O)[C@H]1C)C(O)=O,UP,I6Y9J2
CC(C)C[C@H](NC(=O)OCc1ccccc1)C(=O)N[C@@H](C[C@@H]1CCNC1=O)C(=O)C(=O)NCc1ccccc1,CC(C)C[C@H](NC(=O)O[C@H]1CC[C@H](c2ccccc2)CC1)C(=O)N[C@@H](C[C@@H]1CCNC1=O)C(O)S(=O)(=O)O,UP,P0DTD1
CCCC[C@H](NC(=O)[C@@H]1CC(F)(F)CN1C(=O)[C@H](C)NC(=O)CN=[N+]=[N-])C(=O)N[C@@H](CC(C)C)C(=O)C1(C)CO1,CC[C@H](C)[C@H](NC(=O)[C@H](C)NC(=O)[C@H](CC(C)C)NC(C)=O)C(=O)C1(C)CO1,DOWN,P25043
CC(C)C[C@H](NC(=O)OCc1ccc(F)cc1)C(=O)N[C@@H](C[C@@H]1CCNC1=O)C(O)S(=O)(=O)O,CCC[C@H]1CC[C@H](COC(=O)N[C@@H](CC(C)C)C(=O)N[C@@H](C[C@@H]2CCNC2=O)C(O)S(=O)(=O)O)CC1,DOWN,P0DTD1
COc1cccc(c12)[nH]c(c2)C(=O)N[C@@H](CC(C)C)C(=O)N[C@@H](C[C@@H]3CCNC3=O)C(=O)c(s4)nc(c45)cccc5,O=C1NCC[C@H]1C[C@@H](/C=C/C(=O)OCC)NC(=O)[C@H](CC(C)C)NC(=O)[C@H]([C@@H](C)OC(C)(C)C)NC(=O)OCc2ccccc2,DOWN,P0DTD1
Cc1ccc(cc1)S(=O)(=O)NCc1cn(CB(O)OP(O)(O)=O)nn1,OB(CNS(=O)(=O)c1ccc(nc1)-c1nnn[nH]1)OP(O)(O)=O,UP,Q6DRA1
CC(C)(C)OC(=O)Nc1cccn(C(CC2CC2)C(=O)NC(CC2CCNC2=O)C(=O)C(=O)NCc2ccccc2)c1=O,CC(C)C[C@H](NC(=O)OCc1ccccc1)C(=O)N[C@@H](C[C@@H]1CCNC1=O)C(O)S(=O)(=O)O,UP,P0DTD1
CC(C)CC(NC(=O)C(NC(=O)OCc1ccccc1)C(C)C)C(=O)NC(C=O)CC1CCNC1=O,c1cccc(c12)[nH]c(c2)C(=O)N[C@@H](CC3CCCCC3)C(=O)N[C@H](C=O)C[C@@H]4CCNC4=O,DOWN,P0DTD1
C=CC(=O)N1CCCC(n2nc(-c3cnc4[nH]ccc4c3)c3c(N)ncnc32)C1,C=CC(=O)N1C[C@@H](CCC1)n2nc(c(c23)c(N)ncn3)-c4ccc(cc4)Oc5ccccc5,DOWN,O14733
O=C1NCC[C@H]1C[C@@H](/C=C/C(=O)OCC)NC(=O)[C@H](Cc2ccccc2)NC(=O)OCc3ccccc3,O=C1NCC[C@H]1C[C@@H](/C=C/C(=O)OCC)NC(=O)[C@H](Cc2ccccc2)NC(=O)[C@H](CC(=O)OC(C)(C)C)NC(=O)OCc3ccccc3,DOWN,Q5UEA2
CC(C)N(C)C(=O)C1CCN(CC1)C(=O)CCl,ClCC(=O)N1CCN(CC1)S(=O)(=O)c2cccs2,DOWN,P0DTD1
C[C@@]12OC(=O)[C@]1([C@@H](O)[C@@H]1C=CCCC1)NC(=O)[C@@H]2CCCCl,C[C@@]12OC(=O)[C@]1([C@@H](O)[C@@H]1C=CCCC1)NC(=O)[C@@H]2CCCl,UP,P25043
CC(C)C[C@H](NC(=O)OC[C@@H]1C[C@H]2C=CC[C@H](C2)C1)C(=O)N[C@@H](C[C@@H]1CCNC1=O)C(=O)S(=O)(=O)O,CC(C)C[C@H](NC(=O)OCc1ccccc1F)C(=O)N[C@@H](C[C@@H]1CCNC1=O)C(O)S(=O)(=O)O,UP,P0DTD1
CC(C)C[C@H](NC(=O)OCc1ccccc1)C(=O)N[C@@H](C[C@@H]1CCNC1=O)[C@@H](O)S(O)(=O)=O,COc1cccc(c12)[nH]c(c2)C(=O)N[C@@H](CC(C)C)C(=O)N[C@@H](C[C@@H]3CCNC3=O)C(=O)c(s4)nc(c45)cccc5,DOWN,P0DTD1
CC(=O)N[C@@H](CC(C)C)C(=O)N[C@@H](C)C(=O)N[C@@H](CC(=O)C1(C)CO1)C(=O)O,CC[C@H](C)[C@H](NC(=O)[C@H](C)NC(=O)[C@H](CC(C)C)NC(C)=O)C(=O)C1(C)CO1,DOWN,P25043
CC(C)C[C@H](NC(=O)OC1CCC(C)(C)CC1)C(=O)N[C@@H](C[C@@H]1CCNC1=O)C(O)S(=O)(=O)O,O=C1NCC[C@H]1C[C@@H](C(=O)C(=O)NC2CC2)NC(=O)[C@H](CC(C)C)NC(=O)OCc3ccccc3,UP,P0DTD1
CC(C)C(NC(=O)OCc1ccccc1)C(=O)NC(Cc1ccccc1)C(=O)NC(C=O)CC1CCNC1=O,CC(C)C[C@H](NC(=O)OC[C@@H]1C[C@H]2CCC[C@H](C2)C1)C(=O)N[C@H](C=O)C[C@@H]1CCNC1=O,DOWN,P0DTD1
ClCC(=O)N1CCN(Cc2ccc(Cl)s2)CC1,c1ccccc1N(C)C(=O)C2CCN(CC2)C(=O)CCl,DOWN,P0DTD1
C1OCOCC1(CC)OC(=O)N[C@@H](CC(C)C)C(=O)N[C@H](C=O)C[C@@H]2CCNC2=O,CC[C@H]1CC[C@H](CC1)OC(=O)N[C@@H](CC(C)C)C(=O)N[C@H](C=O)C[C@@H]2CCNC2=O,UP,T2B9U0
C.CC(C)C.CC(C)CC(N)C(=O)NC(C=O)CC1CCNC1=O.O=COCc1ccccc1,CCC[C@H]1CC[C@H](COC(=O)N[C@@H](CC(C)C)C(=O)N[C@@H](C[C@@H]2CCNC2=O)C(O)S(=O)(=O)O)CC1,DOWN,P0DTD1
C=CC(=O)Nc1ccc(CN(C(=O)Nc2c(Cl)c(OC)cc(OC)c2Cl)c2cc(Nc3ccc(N4CCN(C)CC4)cc3)ncn2)cc1,C=CC(=O)Nc1cccc(Nc2nc(Nc3ccc(N4CCN(C(C)=O)CC4)cc3OC)ncc2C(F)(F)F)c1,DOWN,P00533
CC(C)C[C@H](NC(=O)OC[C@H]1C[C@H]2CCC[C@H](C2)C1)C(=O)N[C@H](C=O)C[C@@H]1CCNC1=O,c1ccccc1COC(=O)N[C@@H]([C@@H](C)OC(C)(C)C)C(=O)N[C@@H](CC2CCCCC2)C(=O)N[C@H](C=O)C[C@@H]3CCNC3=O,DOWN,P0DTD1
O=C(NC1CCNCC1)C1CCC2CN1C(=O)N2OS(=O)(=O)O,O=C(NNC(=O)C1CCC2CN1C(=O)N2OS(=O)(=O)O)C1CCCNC1,DOWN,P00811
CCCCCC(=O)N[C@H](C(=O)N[C@@H](CCC(=O)N(C)C)C(=O)N[C@@H](CC(C)C)C(=O)[C@]1(C)CO1)C(C)C,CC[C@H](C)[C@H](NC(=O)[C@H]([C@@H](C)CC)N(C)C(C)=O)C(=O)N[C@H](C(=O)N[C@@H](CC(C)C)C(=O)[C@@]1(C)CO1)[C@@H](C)O,UP,P30656
OS(=O)(=O)ON1[C@H]2CN([C@@H](CC2)C#N)C1=O,OS(=O)(=O)ON1[C@H]2CN([C@@H](CC2)C(=O)NNC(=O)[C@@H]2CCCNC2)C1=O,DOWN,Q9F663
CC(C)CC(NC(=O)OC(C)C1CCC(F)(F)CC1)C(=O)NC(C=O)CC1CCNC1=O,CC(C)C[C@H](NC(=O)OC[C@H]1C[C@H]2CCC[C@H](C2)C1)C(=O)N[C@H](C=O)C[C@@H]1CCNC1=O,DOWN,P0DTD1
CC(C)C[C@H](NC(=O)OCc1cccc(F)c1)C(=O)N[C@@H](C[C@@H]1CCNC1=O)C(O)S(=O)(=O)O,c1ccccc1COC(=O)N[C@@H]([C@@H](C)OC(C)(C)C)C(=O)N[C@@H](CC2CCCCC2)C(=O)N[C@H](C=O)C[C@@H]3CCNC3=O,DOWN,P0DTD1
CC(C)C[C@H](NC(=O)OCc1c(F)c(F)c(F)c(F)c1F)C(=O)N[C@@H](C[C@@H]1CCNC1=O)C(O)S(=O)(=O)O,COc1cccc2[nH]c(C(=O)NC(CC(C)C)C(=O)NC(CC3CCNC3=O)C(=O)c3nc4ccccc4s3)cc12,DOWN,P0DTD1
CC(C)C[C@H](NC(=O)OCc1ccccc1)C(=O)N[C@H](C=O)C[C@@H]1CCNC1=O,O=C1NCC[C@H]1C[C@@H](/C=C/C(=O)OCC)NC(=O)[C@H](CC(C)C)NC(=O)[C@H](C(C)C)NC(=O)[C@H](C)NC(=O)c2cc(on2)C,DOWN,P0C6X7
CCOC(=O)C=C[C@H](C[C@@H]1CCNC1=O)NC(=O)[C@@H](CC(=O)[C@@H](NC(=O)c1cc(C)on1)C(C)C)Cc1ccc(F)cc1,COc1cccc2[nH]c(C(=O)N[C@@H](CC(C)C)C(=O)N[C@H](C=O)C[C@@H]3CCNC3=O)cc12,DOWN,P0DTD1
OCC(=O)[C@@H]1CCCN1C(=O)[C@@H]2CCC=C2C(=O)NCc3ccccc3,c1ccccc1COC(=O)N2CCC[C@H]2C(=O)N3CCC[C@H]3C=O,DOWN,P23687
CC(=O)N[C@H](Cc1ccccc1)C(=O)N[C@@H](Cc1ccccc1)C(=O)N[C@@H](CCCNC(N)=[NH2+])C(=O)CCl,CN(C)c1cccc2c(S(=O)(=O)N[C@@H](CCC(=O)O)C(=O)NCC(=O)N[C@@H](CCCNC(=N)N)C(=O)CCl)cccc12,DOWN,P08709
COc1cc(OC)c(Cl)c(c1Cl)COc2cnc(nc2)Nc3c(NC(=O)C=C)cc(Cl)cc3Cl,Clc1c(OC)cc(OC)c(Cl)c1-c(c2)c(=O)n(C)c(c23)nc(nc3)N[C@@H]4COC[C@@H]4NC(=O)C=C,UP,P22455
O=C1CO[C@@H]([C@@H]12)[C@@H](F)CN2C(=O)[C@H](CC(C)C)NC(=O)c3ccc(cc3)-c4cccs4,O=C1CO[C@@H]([C@@H]12)[C@H](Cl)CN2C(=O)[C@H](CC(C)C)NC(=O)c3ccc(cc3)-c4nc(sc4F)N5CCN(C)CC5,DOWN,P43235
CC(C)C[C@H](NC(=O)OC[C@@H]1C[C@H]2C=CC[C@H](C2)C1)C(=O)N[C@@H](C[C@@H]1CCNC1=O)C(=O)S(=O)(=O)O,COc1cccc2[nH]c(C(=O)N[C@@H](CC(C)C)C(=O)N[C@H](C=O)C[C@@H]3CCNC3=O)cc12,UP,P0DTD1
CC(C)CC(NC(=O)OCc1ccccc1)C(=O)NC(CC1CCNC1=O)C(O)S(=O)(=O)O,Cc1onc(c1)C(=O)N[C@@H](C)C(=O)N[C@@H](C(C)C)C(=O)N[C@@H](CC(C)C)C(=O)N[C@@H](C[C@@H]2CCNC2=O)/C=C\C(=O)OCc3ccccc3,UP,P0DTD1
C=CC(=O)Nc1cc(-c2c[nH]c3ncnc(Nc4ccc(OCc5ccccn5)c(Cl)c4)c23)ccc1OCCCO,CCOc1cc2ncc(C#N)c(Nc3ccc(OCc4ccccn4)c(Cl)c3)c2cc1NC(=O)/C=C/CN(C)C,UP,P00533
CC(C)[C@H](NC(=O)OCc1ccccc1)C(=O)N[C@@H](CC1CCCCC1)C(=O)N[C@H](C=O)Cc1ccc[nH]c1=O,Cc1onc(c1)C(=O)N[C@@H](C)C(=O)N[C@@H](C(C)C)C(=O)N[C@@H](CC(C)C)C(=O)N[C@@H](C[C@@H]2CCNC2=O)/C=C\C(=O)OCc3ccccc3,UP,P0DTD1
CC(C)C[C@H](NC(=O)OC[C@H]1C[C@H]2C=C[C@@H]1C2)C(=O)N[C@@H](C[C@@H]1CCNC1=O)C(O)S(=O)(=O)O,Cc1onc(c1)C(=O)N[C@@H](C)C(=O)N[C@@H](C(C)C)C(=O)N[C@@H](CC(C)C)C(=O)N[C@@H](C[C@@H]2CCNC2=O)/C=C\C(=O)OCc3ccccc3,UP,P0DTD1
CC(C)C[C@H](NC(=O)OCC12C[C@H]3C[C@@H](C1)C[C@@H](C2)C3)C(=O)N[C@@H](C[C@@H]1CCNC1=O)C(O)S(=O)(=O)O,COc1cccc2[nH]c(C(=O)N[C@@H](CC(C)C)C(=O)N[C@H](C#N)C[C@@H]3CCNC3=O)cc12,UP,P0DTD1
CC(C)C[C@H](NC(=O)OC[C@H]1C[C@H]2CCC[C@H](C2)C1)C(=O)N[C@H](C=O)C[C@@H]1CCNC1=O,CC(C)C[C@H](NC(=O)OCc1ccccc1)C(=O)N[C@@H](C[C@@H]1CCNC1=O)C(O)S(=O)(=O)O,UP,P0DTD1
COc1ccc(c(Cl)c1)S(=O)(=O)[C@@H]2C[C@@H](C(=O)NC3(C#N)CC3)N(C2)C(=O)C4(CNC4)c5ccc(Cl)cn5,Clc1ccccc1S(=O)(=O)[C@@H]2C[C@@H](C(=O)NC3(C#N)CC3)N(C2)C(=O)C4(CC4)c5ccc(I)cc5,UP,P07711
CC(C)C[C@H](NC(=O)OC[C@H]1C[C@H]2C=CC[C@H](C2)C1)C(=O)N[C@@H](C[C@@H]1CCNC1=O)C(=O)S(=O)(=O)O,CC(C)C[C@H](NC(=O)OCc1ccccc1F)C(=O)N[C@@H](C[C@@H]1CCNC1=O)C(O)S(=O)(=O)O,UP,P0DTD1
CC(C)C[C@H](NC(=O)OCC12C[C@H]3C[C@@H](C1)C[C@@H](C2)C3)C(=O)N[C@@H](C[C@@H]1CCNC1=O)C(O)S(=O)(=O)O,CC(C)C[C@H](NC(=O)OCC1CCC(F)(F)CC1)C(=O)N[C@@H](C[C@@H]1CCNC1=O)[C@H](O)S(O)(=O)=O,DOWN,P0DTD1
C#Cc1nc(Nc2ccc(CC(N)=O)cc2)nc2[nH]cnc12,NS(=O)(=O)c1ccc(cc1)Nc(nc(c23)[nH]cn3)nc2C#C,DOWN,P51955
Cc1ccc(C)c(c1)S(=O)(=O)N2CCN(CC2)C(=O)CCl,Cc1ccc(cc1)S(=O)(=O)N2CCN(CC2)C(=O)CCl,DOWN,P0DTD1
CC(C)C[C@H](NC(=O)OC[C@@H]1C[C@H]2CCC[C@H](C2)C1)C(=O)N[C@H](C=O)C[C@@H]1CCNC1=O,O=CC(CC1CCNC1=O)NC(=O)C1C2CCCC2CN1C(=O)CCc1cc(F)cc(F)c1,UP,P0DTD1
C[C@H](NC(=O)[C@@H]1CCCN1C(C)=O)C(=O)N[C@@H](CCC(O)=O)C(=O)[C@]1(C)CO1,O=C(C)N[C@@H](CC(C)C)C(=O)N[C@@H](C)C(=O)N[C@@H](CC(C)C)C(=O)[C@@]1(C)OC1,DOWN,P23638
NC(=O)c1cc[n+](cc1)[C@@H]1O[C@H](COP(O)(=O)OP(O)(=O)OC[C@H]2O[C@H]([C@H](O)[C@@H]2O)n2cnc3c(N)ncnc23)[C@@H](O)[C@@H]1F,NC(=O)c1cc[n+](cc1)[C@@H]1O[C@H](COP(O)(=O)OP(O)(=O)OC[C@H]2O[C@H]([C@H](O)[C@@H]2O)n2cnc3c(N)ncnc23)[C@@H](O)[C@H]1F,DOWN,P28907
COc1cccc(c12)[nH]c(c2)C(=O)N[C@@H](CC(C)C)C(=O)N[C@@H](C[C@@H]3CCNC3=O)C(=O)c(s4)nc(c45)cccc5,O=C[C@@H](C[C@@H]1CCNC1=O)NC(=O)[C@H](CC1CC1)NC(=O)OCc1cccc(F)c1,UP,P0DTD1
ClCC(=O)N1CCC(CC1)C(=O)N2CCCCC2,ClCC(=O)N1CCN(Cc2ccc(Cl)s2)CC1,UP,P0DTD1
CC(=O)N[C@@H](CC(=O)O)C(=O)N[C@@H](CCC(=O)O)C(=O)N[C@H](C(=O)N[C@H](C=O)CC(=O)O)C(C)C,CC(=O)N[C@H](C(=O)N[C@@H](CC(=O)O)C(=O)N[C@H](C(=O)N[C@@H](C)C(=O)N[C@H](C=O)CC(=O)O)C(C)C)C(C)C,UP,P42574
C1COCCN1C(=O)N[C@@H](CC(C)C)C(=O)N[C@H](C(=O)CF)CCc2ccccc2,O=CC(=O)C(CCc1ccccc1)NC(=O)C(Cc1ccccc1)NC(=O)OCc1cccnc1,DOWN,P25779
Fc1ccccc1-c(c2F)c(Cl)cc(c23)c(ncn3)N4CCN(CC4)C(=O)C=C,c1[nH]nc(c12)ccc(C)c2-c(c(Cl)c3)cc(c34)ncc5c4N6[C@@H](CO5)CN(CC6)C(=O)C=C,UP,P01116
CO\N=C(/C(=O)N[C@H]1[C@H]2SC(C)(C)[C@@H](N2C1=O)C(O)=O)c1csc(N)n1,Cc1onc(c1C(=O)N[C@H]1[C@H]2SC(C)(C)[C@@H](N2C1=O)C(O)=O)-c1ccccc1Cl,DOWN,P00811
C[C@@H](O)[C@@H]1[C@H]2CC(SCCNC=N)=C(N2C1=O)C(O)=O,C[C@@H](O)[C@@H]1[C@H]2[C@@H](C)C(S[C@@H]3CN[C@H](CNS(N)(=O)=O)C3)=C(N2C1=O)C(O)=O,DOWN,Q6XEC0
CC(=O)N[C@@H]1[C@@H](NC(N)=N)[C@H](F)[C@@](F)(O[C@H]1[C@H](O)[C@H](O)CO)C(O)=O,C[C@@H](O)[C@@H](O)[C@@H]1O[C@@](F)([C@H](F)C(=O)[C@H]1NC(C)=O)C(O)=O,DOWN,P03472
CC(C)CC(NC(=O)C(NC(=O)OCc1ccccc1)C(C)C)C(=O)NC(C=O)CC1CCNC1=O,COc1cccc2[nH]c(C(=O)NC(CC(C)C)C(=O)NC(CC3CCNC3=O)C(=O)c3nc4ccccc4s3)cc12,DOWN,P0DTD1
CCOC(=O)[C@H]1O[C@@H]1C(=O)N[C@@H]([C@@H](C)CC)C(=O)N[C@@H]([C@@H](C)CC)C(O)=O,CCOC(=O)[C@H]1O[C@@H]1C(=O)N[C@@H]([C@@H](C)CC)C(O)=O,DOWN,P07688
CCN1CCN(C(=O)NC(C(=O)NC2C(=O)N3C2SC(C)(C)C3C(=O)O)c2ccccc2)C(=O)C1=O,CCN1CCN(C(=O)N[C@@H](C(=O)N[C@H]2[C@H]3SC(C)(C)[C@@H](N3C2=O)C(O)=O)c2ccccc2)C(=O)C1=O,UP,A0A0H3JPA5
CC(C)C(NC(=O)OCc1ccccc1)C(=O)NC(CC1CCCCC1)C(=O)NC(C=O)CC1CCNC1=O,COc1cccc2[nH]c(C(=O)N[C@@H](CC(C)C)C(=O)N[C@H](C#N)C[C@@H]3CCNC3=O)cc12,UP,P0DTD1
C=CC(=O)Nc1cc(-c2c[nH]c3ncnc(Nc4ccc(OCc5ccccn5)c(Cl)c4)c23)ccc1OCCCO,COc1cc2ncnc(Nc3ccc(F)c(Cl)c3)c2cc1NC(=O)\C=C\CN1CCCCC1,UP,P00533
CCC[C@H]1CC[C@H](OC(=O)N[C@@H](CC(C)C)C(=O)N[C@@H](C[C@@H]2CCNC2=O)C(O)S(=O)(=O)O)CC1,O=C(N[C@@H](Cc1ccccc1)C(=O)N[C@@H](C[C@@H]1CCNC1=O)C(O)S(=O)(=O)[O-])OCc1ccccc1,UP,P0DTD1
ClCC(=O)N1CCC(CC1)C(=O)N2CCCCC2,ClCC(=O)N1CCN(CC1)S(=O)(=O)c2cccs2,DOWN,P0DTD1
CC(C)CC(NC(=O)OCc1ccc(F)cc1)C(=O)NC(CC1CCNC1=O)C(O)S(=O)(=O)O,O=C1NCC[C@H]1C[C@@H](/C=C/C(=O)OCC)NC(=O)[C@H](CC(C)C)NC(=O)[C@H]([C@@H](C)OC(C)(C)C)NC(=O)OCc2ccccc2,DOWN,P0DTD1
CC(C)C[C@H](NC(=O)OCc1cccc(F)c1)C(=O)N[C@@H](C[C@@H]1CCNC1=O)C(O)S(=O)(=O)O,O=C(N[C@@H](Cc1ccccc1)C(=O)N[C@@H](C[C@@H]1CCNC1=O)C(O)S(=O)(=O)[O-])OCc1ccccc1,UP,P0DTD1
CC(C)C[C@H](NC(=O)OCC1=CC=CC=C1)C(=O)N[C@@H](C[C@@H]1CCNC1=O)[C@H](O)S(O)(=O)=O,CC(C)C[C@H](NC(=O)OC[C@H]1C[C@H]2CC[C@@H]1C2)C(=O)N[C@@H](C[C@@H]1CCNC1=O)C(O)S(=O)(=O)O,DOWN,P0DTD1
FC1(F)CCC(CC1)OC(=O)N[C@@H](CC(C)C)C(=O)N[C@H](C=O)C[C@@H]2CCNC2=O,O[C@@H]([C@H](C[C@@H]1CCNC1=O)NC(=O)[C@H](CC1CCCCC1)NC(=O)OC1CCC(F)(F)CC1)S(O)(=O)=O,UP,T2B9U0
CC(C)C(NC(=O)OCc1ccccc1)C(=O)NC(Cc1ccccc1)C(=O)NC(C=O)CC1CCNC1=O,COc1cccc(c12)[nH]c(c2)C(=O)N[C@@H](CC(C)C)C(=O)N[C@@H](C[C@@H]3CCNC3=O)C(=O)COC(=O)c4ccccc4C#N,DOWN,P0DTD1
F[C@@H]1CN[C@@H](C1)C(=O)N[C@@H](Cc1ccc(cc1)-c1ccc(cc1)C#N)C#N,N#Cc1ccc(-c2ccc(CC(C#N)NC(=O)C3CCCCN3)cc2)cc1,UP,P53634
CC(C)C[C@H](NC(=O)OC[C@H]1C[C@H]2CC[C@@H]1C2)C(=O)N[C@@H](C[C@@H]1CCNC1=O)C(O)S(=O)(=O)O,COc1cccc2[nH]c(C(=O)NC(CC(C)C)C(=O)NC(CC3CCNC3=O)C(=O)c3nc4ccccc4s3)cc12,DOWN,P0DTD1
COc1cccc2[nH]c(C(=O)N[C@@H](CC(C)C)C(=O)N[C@@H](C[C@@H]3CCCNC3=O)C(=O)COC(=O)c3c(C)cc(C)nc3C)cc12,O=C1NCC[C@H]1C[C@@H](C(=O)C(=O)NC2CC2)NC(=O)[C@H](CC(C)C)NC(=O)OCc3ccccc3,UP,P0DTD1
OC[C@H]1O[C@@H](O)[C@H](F)[C@@H](O)[C@H]1O,O[C@@H]1C[C@@H](O)O[C@@H]([C@@H]1O)CO,DOWN,P00722
CCC[C@H]1CC[C@H](COC(=O)N[C@@H](CC(C)C)C(=O)N[C@@H](C[C@@H]2CCNC2=O)C(O)S(=O)(=O)O)CC1,c1ccccc1COC(=O)N[C@@H]([C@@H](C)OC(C)(C)C)C(=O)N[C@@H](CC2CCCCC2)C(=O)N[C@H](C=O)C[C@@H]3CCNC3=O,DOWN,P0DTD1
N#Cc1nc(N2CCOCC2)nc(N(Cc2ccc(Cl)cc2)C2CCCCC2)n1,c1nccnc1CN(C2CCCC2)c3nc(C#N)nc(n3)N4CCOCC4,DOWN,P07711
COc1cccc(c12)sc(n2)NC(=O)CCl,ClCC(=O)Nc1cccnc1Cl,DOWN,P0DTD1
CC(C)C[C@H](NC(=O)OC[C@H]1C[C@H]2C=CC[C@H](C2)C1)C(=O)N[C@@H](C[C@@H]1CCNC1=O)C(=O)S(=O)(=O)O,O=C[C@@H](C[C@@H]1CCNC1=O)NC(=O)[C@H](CC1CC1)NC(=O)OCc1ccccc1,UP,P0DTD1
CC(C)C[C@H](NC(=O)OC[C@@H]1C[C@H]2CCC[C@H](C2)C1)C(=O)N[C@H](C=O)C[C@@H]1CCNC1=O,O=CC(CC1CCNC1=O)NC(=O)C(Cc1ccccc1)NC(=O)OCc1ccccc1,UP,P0DTD1
CC(C)C(NC(=O)OCc1ccccc1)C(=O)NC(Cc1ccccc1)C(=O)NC(C=O)CC1CCNC1=O,O=C1NCC[C@H]1C[C@@H](/C=C/C(=O)OCC)NC(=O)[C@H](CC(C)C)NC(=O)[C@H]([C@@H](C)OC(C)(C)C)NC(=O)OCc2ccccc2,DOWN,P0DTD1
CN(C)C(=O)CCNc1nc(N2CCN(CC2)C(=O)C=C)c2cc(Cl)c(cc2n1)-c1cc(O)cc2ccccc12,FC(F)(F)c1ccccc1-c(c2F)c(Cl)cc(c23)c(ncn3)N4CCN(CC4)C(=O)C=C,UP,P01116
Cc1ccc(C)c(c1)S(=O)(=O)N2CCN(CC2)C(=O)CCl,Fc1cccc(F)c1S(=O)(=O)N2CCN(CC2)C(=O)CCl,DOWN,P0DTD1
O=C1NCC[C@H]1C[C@@H](/C=C/C(=O)C2CC2)NC(=O)[C@H](CC(C)C)NC(=O)[C@H]([C@@H](C)OC(C)(C)C)NC(=O)OCc3ccccc3,O=C1NCC[C@H]1C[C@@H](/C=C/C(=O)OCC)NC(=O)[C@H](CC(C)C)NC(=O)[C@H](C(C)C)NC(=O)[C@H](C)NC(=O)c2cc(on2)C,DOWN,P0C6X7
CCC[C@H]1CC[C@H](COC(=O)N[C@@H](CC(C)C)C(=O)N[C@@H](C[C@@H]2CCNC2=O)C(O)S(=O)(=O)O)CC1,O=C1NCC[C@H]1C[C@@H](/C=C/C(=O)OCC)NC(=O)[C@H](CC(C)C)NC(=O)[C@H]([C@@H](C)OC(C)(C)C)NC(=O)OCc2ccccc2,DOWN,P0DTD1
CC[C@H]1CC[C@H](CC1)OC(=O)N[C@@H](CC(C)C)C(=O)N[C@H](C=O)C[C@@H]2CCNC2=O,O[C@@H]([C@H](C[C@@H]1CCNC1=O)NC(=O)[C@H](CC1CCCCC1)NC(=O)OC1CCC(F)(F)CC1)S(O)(=O)=O,UP,T2B9U0
CCC[C@H]1CC[C@H](OC(=O)N[C@@H](CC(C)C)C(=O)N[C@@H](C[C@@H]2CCNC2=O)C(O)S(=O)(=O)O)CC1,CCOC(=O)/C=C/C(CC1CCNC1=O)NC(=O)C(CC(C)C)NC(=O)C(NC(=O)OCc1ccccc1)C(C)OC(C)(C)C,DOWN,P0DTD1
O=C(NNC(=O)C1CCC2CN1C(=O)N2)C1CCNC1,OS(=O)(=O)ON1[C@H]2CN([C@@H](CC2)C(=O)NC2CCNCC2)C1=O,UP,Q9F663
CC(C)C[C@H](NC(=O)OCc1ccccc1)C(=O)NCC(=O)CNC(=O)[C@H](CC(C)C)NC(=O)OCc1ccccc1,c1ccccc1COC(=O)N[C@@H](CC(C)C)C(=O)NNC(=O)NNC(=O)c2cccc(c2)OCc3ccccc3,DOWN,P43235
COc1cccc(c12)sc(n2)NC(=O)CCl,O=C(CCl)Nc1sc(-c2ccccc2)cc1C(=O)NC1CC1,DOWN,P0DTD1
CC(C)CC(NC(=O)OC(C)C1CCC(F)(F)CC1)C(=O)NC(C=O)CC1CCNC1=O,c1ccccc1OC(=O)N[C@@H](CC(C)C)C(=O)N[C@@H](CC(C)C)C(=O)N[C@@H](C[C@@H]2CCNC2=O)C(=O)C(=O)NC3CC3,UP,P0DTD1
CC(=O)OC([C@H](C[C@@H]1CCNC1=O)NC(=O)[C@H](CC1CCCCC1)NC(=O)OCC(C)(C)c1cccc(Cl)c1)S(=O)(=O)[O-],COc1ccc(OCCCS(=O)(=O)N[C@@H](CC2CCCCC2)C(=O)N[C@@H](C[C@@H]2CCNC2=O)[C@H](O)S(O)(=O)=O)cc1,DOWN,Q83883
CC(=O)N[C@@H](CC(N)=O)C(=O)N[C@@H](CC(C)C)C(=O)N[C@@H](CO)C(=O)N[C@@H](CC(=O)O)C(=O)N[C@@H](CC(=O)O)C(=O)N[C@@H](CCC(=O)O)C(=O)N[C@@H](CC(C)C)C(=O)N[C@@H](CCC(=O)O)C(=O)NCC(=O)N[C@H](C(=O)N[C@@H](C)C(=O)NCC(=O)NCC=O)C(C)C,CC[C@H](C)[C@H](NC(=O)[C@H](CCC(=O)O)NC(=O)[C@H](C)NC(C)=O)C(=O)N[C@H](C=O)CCCCN,UP,Not found
CCOC(=O)[C@H]1O[C@H]1C(=O)N(CCC(=O)N)NC(=O)[C@H](Cc2ccccc2)NC(=O)[C@H](CC(C)C)NC(=O)OCc3ccccc3,O=C1NCC[C@H]1C[C@@H](/C=C/C(=O)OCC)NC(=O)[C@H](Cc2ccccc2)NC(=O)[C@H](COC(C)(C)C)NC(=O)OCc3ccccc3,DOWN,P0C6X7
Cc1ccc(C)c(c1)S(=O)(=O)N2CCN(CC2)C(=O)CCl,ClCC(=O)N1CCN(Cc2cccs2)CC1,UP,P0DTD1
Oc1c(C=O)c(COP(O)(O)=O)cnc1C#C,Oc1c(CCC#C)ncc(COP(O)(O)=O)c1C=O,UP,P63479
CC(C)CC(NC(=O)OC(C)C1CCC(F)(F)CC1)C(=O)NC(C=O)CC1CCNC1=O,CC(C)CC(NC(=O)OCc1ccc(F)cc1)C(=O)NC(CC1CCNC1=O)C(O)S(=O)(=O)O,DOWN,P0DTD1
COc1ccc(C[C@H](NC(=O)[C@H](C)NC(=O)CN2CCOCC2)C(=O)N[C@@H](Cc2ccccc2)C(=O)[C@@]2(C)CO2)cc1,C[C@@H](NC(=O)CN1CCOCC1)C(=O)N[C@@H](Cc1c[nH]c2ccccc12)C(=O)N[C@@H](Cc1ccccc1)C(=O)[C@@]1(C)CO1,UP,P25043
CC(=O)N1CCC[C@@H]1C(=O)N[C@@H](C)C(=O)N[C@@H](Cc1ccccc1)C(=O)C1(C)CO1,C[C@H](NC(=O)[C@H](Cc1ccccc1)NC(=O)[C@H](Cc1ccc(-c2ccccc2)cc1)NC(=O)[C@H](Cc1ccccc1)N=[N+]=[N-])C(=O)[C@@]1(C)CO1,DOWN,P30656
C=C(F)C(=O)Nc1cccc(C)c1Nc1ncc(OCc2c(Cl)c(OC)cc(OC)c2Cl)cn1,COc1cc(OC)c(Cl)c(c1Cl)COc2cnc(nc2)Nc3c(NC(=O)C=C)cc(Cl)cc3Cl,UP,P22455
CNCCCCNC(=O)N1CC[C@@H]2[C@H]1C(=O)N2S(O)(=O)=O,OS(=O)(=O)N1[C@@H]2CCN([C@@H]2C1=O)C(=O)N[C@H]1CCCNCC1,UP,P24735
C.CC(C)C.CC(C)CC(N)C(=O)NC(C=O)CC1CCNC1=O.O=COCc1ccccc1,CC(C)[C@H](NC(=O)OCc1ccccc1)C(=O)N[C@@H](CC1CCCCC1)C(=O)N[C@H](C=O)Cc1ccc[nH]c1=O,UP,P0DTD1
Clc1ccccc1S(=O)(=O)N2C[C@@H](C(=O)NCC#N)[C@@H](C2)C(=O)N3CCOCC3,N#CCNC(=O)[C@@H]1CN(S(=O)(=O)c2ccccc2)C[C@H]1C(=O)N3CCOCC3,DOWN,O70370
C[C@@H](O)[C@@H]1[C@H]2SC([C@H]3CCCO3)=C(N2C1=O)C(O)=O,C[C@@H](O)[C@@H]1[C@H]2[C@@H](C)C(S[C@@H]3CN[C@@H](C3)C(=O)N(C)C)=C(N2C1=O)C(O)=O,DOWN,L0T911
CC(C)CC(NC(=O)C(NC(=O)OCc1ccccc1)C(C)C)C(=O)NC(C=O)CC1CCNC1=O,CSCC[C@@H](C=O)NC(=O)[C@H](CC(C)C)NC(=O)[C@H](CC(C)C)NC(=O)C,UP,P0DTD1
CCOC(=O)[C@H]1O[C@@H]1C(=O)N[C@@H]([C@@H](C)O)C(=O)N[C@@H]([C@@H](C)CC)C(O)=O,c1ccccc1CNC(=O)[C@H]2O[C@@H]2C(=O)N[C@@H]([C@@H](C)CC)C(=O)N3CCC[C@H]3C(=O)OCc4ccccc4,DOWN,P07688
CC(C)C[C@H](NC(=O)OC[C@H]1C[C@H]2C=CC[C@H](C2)C1)C(=O)N[C@@H](C[C@@H]1CCNC1=O)C(=O)S(=O)(=O)O,O=C1NCC[C@H]1C[C@@H](/C=C/C(=O)OCC)NC(=O)[C@H](CC(C)C)NC(=O)[C@H]([C@@H](C)OC(C)(C)C)NC(=O)OCc2ccccc2,DOWN,P0DTD1
CC(C)[C@H](NC(=O)Cn1c(ncc(NS(C)(=O)=O)c1=O)-c1ccc(N)cc1)C(=O)C(F)(F)F,O=c1c(N)cnc(-c2cccs2)n1CC(=O)N[C@@H](C(C)C)C(=O)C(F)(F)C(=O)NCCN3CCOCC3,DOWN,P00772
CCc1cccc(C)c1NC(=O)[C@@H](c2cccnc2)N(C(=O)C=C)c3ccc(nc3)C(C)C,C[C@H](NC(=O)[C@@H](c1cccnc1)N(C(=O)C(Cl)Cl)c1ccc(-c2ccccc2)cc1)c1ccccc1,DOWN,P0DTD1
C=CC(=O)Nc1ccc(N2CCN(Cc3ccc(-c4nc5cc[nH]c(=O)c5cc4-c4ccccc4)cc3)CC2)cc1,Cc1nc(-c2ccccc2)c([nH]c1=O)-c1ccc(CN2CCC(CC2)n2c3cc(NC(=O)C=C)ccc3[nH]c2=O)cc1,UP,P31749
CC(C)C[C@H](NC(=O)OCc1c(F)c(F)c(F)c(F)c1F)C(=O)N[C@@H](C[C@@H]1CCNC1=O)C(O)S(=O)(=O)O,O=C1NCC[C@H]1C[C@@H](C(=O)C(=O)NC2CC2)NC(=O)[C@H](CC(C)C)NC(=O)OCc3ccccc3,UP,P0DTD1
CC(=O)N[C@H](Cc1ccccc1)C(=O)N1CCC[C@H]1C(=O)N[C@@H](CCCNC(N)=N)B(O)O,CC(C)C[C@H](NC(=O)[C@H](CCC(=O)O)NC(=O)[C@@H](NC(=O)[C@@H](N)C(C)O)C(C)C)C(=O)N[C@@H](CCC(N)=O)C(=O)NCC(=O)N[C@H](C(=O)N[C@H](C(=O)N1CCC[C@H]1C(=O)N[C@@H](CCCNC(=N)N)C(=O)CCl)C(C)C)C(C)C,UP,P00734
O=C(NOC1CCNC1)C1CCC2CN1C(=O)N2OS(=O)(=O)O,[C@@H]12CC[C@@H](C(=O)N)N(C1)C(=O)N2OS([O-])(=O)=O,UP,Q9EXV5
CC(=O)OC[C@H]1CS[C@@H]2[C@H](NC(=O)CCCC[C@H](NC(=O)CN)C(O)=O)C(=O)N2[C@@H]1C(O)=O,C[C@@H](NC(=O)[C@@H](C)NC(=O)[C@H](CCC1=C(N2[C@H](SC1)[C@H](NC(=O)Cc1ccccc1)C2=O)C(O)=O)NC(=O)CC[C@@H](NC(C)=O)C(O)=O)C(O)=O,DOWN,P15555
COc1cc(OC)c(Cl)c(c1Cl)COc2cnc(nc2)Nc3c(NC(=O)C=C)cccc3C,Clc1c(OC)cc(OC)c(Cl)c1-c(c2)c(=O)n(C)c(c23)nc(nc3)N[C@@H]4COC[C@@H]4NC(=O)C=C,UP,P22455
CC(C)C(NC(=O)OCc1ccccc1)C(=O)NC(Cc1ccccc1)C(=O)NC(C=O)CC1CCNC1=O,CC(C)C[C@H](NC(=O)OC(C)(C)C1CCC(F)(F)CC1)C(=O)N[C@@H](C[C@@H]1CCNC1=O)C(O)S(=O)(=O)O,UP,P0DTD1
CC(C)CC(NC(=O)OCc1ccc(F)cc1)C(=O)NC(CC1CCNC1=O)C(O)S(=O)(=O)O,CC(C)[C@H](NC(=O)OCc1ccccc1)C(=O)N[C@@H](CC1CCCCC1)C(=O)N[C@H](C=O)Cc1ccc[nH]c1=O,UP,P0DTD1
CC(C)C[C@H](NC(=O)OCc1ccc(F)cc1)C(=O)N[C@@H](C[C@@H]1CCNC1=O)C(O)S(=O)(=O)O,Cc1onc(c1)C(=O)N[C@@H](C)C(=O)N[C@@H](C(C)C)C(=O)N[C@@H](CC(C)C)C(=O)N[C@@H](C[C@@H]2CCNC2=O)/C=C\C(=O)OCc3ccccc3,UP,P0DTD1
CC(C)C[C@H](NC(=O)[C@H](Cc1ccccc1)N=[N+]=[N-])C(=O)N[C@@H](C)C(=O)N[C@H](C=CS(C)(=O)=O)Cc1ccc(CN)cc1,CC(C)C[C@H](NC(=O)[C@H](Cc1ccccc1)NC(=O)[C@H](CCC1CCCCC1)NC(=O)[C@H](Cc1ccccc1)N=[N+]=[N-])C(=O)[C@@]1(C)CO1,DOWN,P25043
ClCC(=O)N1CCC(CC1)C(=O)N2CCCCC2,Fc1ccccc1S(=O)(=O)N2CCN(CC2)C(=O)CCl,DOWN,P0DTD1
O=C1NCC[C@H]1C[C@@H](/C=C/C(=O)OCC)NC(=O)[C@H](Cc2ccccc2)NC(=O)OCc3ccccc3,O=C1NCC[C@H]1C[C@@H](/C=C/C(=O)OCC)NC(=O)[C@H](Cc2ccccc2)NC(=O)[C@H](CC(=O)OC(C)(C)C)NC(=O)OCc3ccccc3,DOWN,P0C6X7
CC1(C)S[C@@H]2[C@H](NC(=O)[C@H](C(O)=O)c3ccccc3)C(=O)N2[C@H]1C(O)=O,COc1cccc(OC)c1C(=O)N[C@H](C2=O)[C@H](N23)SC(C)(C)[C@@H]3C([O-])=O,UP,P9WKD3
CC(C)C[C@H](NC(=O)OCc1ccccc1)C(=O)N[C@@H](C[C@@H]1CCNC1=O)[C@H](O)S(=O)(=O)O,O=C(N[C@@H](Cc1ccccc1)C(=O)N[C@@H](C[C@@H]1CCNC1=O)C(O)S(=O)(=O)[O-])OCc1ccccc1,UP,P0DTD1
C1COCCN1C(=O)N[C@@H](CC(C)C)C(=O)N[C@H](C(=O)CF)CCc2ccccc2,CN1CCN(CC1)C(=O)N[C@@H](CCCNC(N)=N)C(=O)N[C@@H](CCc1ccccc1)\C=C\S(=O)(=O)c1ccccc1,DOWN,P25779
ClCC(=O)N1CCN(Cc2ccc(Br)s2)CC1,Oc1ccccc1NC(=O)C2CCN(CC2)C(=O)CCl,DOWN,P0DTD1
CC(C)[C@H](NC(=O)c1ccc(C(=O)O)cc1)C(=O)N1CCC[C@H]1C(=O)N[C@H](C(=O)C(F)(F)F)C(C)C,CC(C)[C@H](NC(=O)c1ccc(cc1)C(=O)NCC(O)=O)C(=O)N1CCC[C@H]1C(=O)N[C@@H](C(C)C)C(=O)C(F)(F)F,DOWN,P00772
CC(C)CC(NC(=O)OCc1ccccc1)C(=O)NC(CC1CCNC1=O)C(O)S(=O)(=O)O,c1ccccc1COC(=O)N[C@@H]([C@@H](C)OC(C)(C)C)C(=O)N[C@@H](CC2CCCCC2)C(=O)N[C@H](C=O)C[C@@H]3CCNC3=O,DOWN,P0DTD1
CC(C)C[C@H](NC(=O)OC[C@H]1C[C@H]2CCC[C@H](C2)C1)C(=O)N[C@@H](C[C@@H]1CCNC1=O)C(O)S(=O)(=O)O,CCOC(=O)/C=C/C(CC1CCNC1=O)NC(=O)C(CC(C)C)NC(=O)C(NC(=O)OCc1ccccc1)C(C)OC(C)(C)C,DOWN,P0DTD1
COc1cccc2[nH]c(C(=O)N[C@@H](CC(C)C)C(=O)N[C@@H](C[C@@H]3CCCNC3=O)C(=O)COC(=O)c3c(C)cc(C)nc3C)cc12,O=C1NCC[C@H]1C[C@@H](/C=C/C(=O)OCC)NC(=O)[C@H](CC(C)C)NC(=O)[C@H]([C@@H](C)OC(C)(C)C)NC(=O)OCc2ccccc2,DOWN,P0DTD1
CCCCOP(O)(=O)OC[C@@H]1O[C@H]([C@H](F)[C@H]1O)[n+]1cccc(c1)C(N)=O,O=P([O-])([O-])OC[C@@H]1[C@@H](O)[C@H](F)[C@H](O1)O,UP,P28907
CC(C)CCNC(=O)[C@H](CCc1ccccc1)NC(=O)[C@H]1O[C@@H]1C(O)=O,O=CC(=O)C(CCc1ccccc1)NC(=O)C(Cc1ccccc1)NC(=O)OCc1cccnc1,DOWN,P25779
CC(C)CC(NC(=O)OCc1ccccc1)C(=O)NC(CC1CCNC1=O)C(O)S(=O)(=O)O,CC(C)C[C@H](NC(=O)OCC1=CC=CC=C1)C(=O)N[C@@H](C[C@@H]1CCNC1=O)[C@H](O)S(O)(=O)=O,UP,P0DTD1
C=COC(=O)c1scc(n1)C(=O)N[C@@H](CC/C=C/C(=O)OC)C(=O)N[C@@H](CC(C)C)C(=O)N[C@@H]([C@@H](C)CC)C(=O)N[C@@H](CC(C)C)C(=O)N2[C@@H](CCC2)C(=O)N[C@H](C(=O)N3[C@H](C)CCC3)Cc4c[nH]c(c45)cccc5,CCCC[C@H](NC(=O)[C@H](CC)NC(=O)[C@H](CC\C=C\C(=O)OC)NC(=O)[C@@H](CC(O)=O)NC(C)=O)C(=O)N[C@@H](CC(C)C)C(=O)N1CCC[C@H]1C(=O)N[C@@H](Cc1c[nH]c2ccccc12)C(=O)N1CCC[C@H]1C(O)=O,UP,P00488
COc1cccc2[nH]c(C(=O)N[C@@H](CC(C)C)C(=O)N[C@H](C=O)C[C@@H]3CCNC3=O)cc12,O=C1NCC[C@H]1C[C@@H](/C=C/C(=O)OCC)NC(=O)[C@H](CC(C)C)NC(=O)[C@H]([C@@H](C)OC(C)(C)C)NC(=O)OCc2ccccc2,DOWN,P0DTD1
CC(=O)OC([C@H](C[C@@H]1CCNC1=O)NC(=O)[C@H](CC1CCCCC1)NC(=O)OCC(C)(C)c1cccc(Cl)c1)S(=O)(=O)[O-],O=C1N=CC=C1C[C@@H](C(=O)P(=O)(OCC)OCC)NC(=O)[C@H](CC2CCCCC2)NC(=O)OCc3cccc(Cl)c3,UP,Q83883
CC(C)CCNC(=O)[C@@H](CCc1ccccc1)NC(=O)[C@H]1O[C@@H]1C(O)=O,CN1CCN(CC1)C(=O)N[C@@H](CCCNC(N)=N)C(=O)N[C@@H](CCc1ccccc1)\C=C\S(=O)(=O)c1ccccc1,DOWN,P25779
CC(=O)OCC1=C(N2[C@H](SC1)[C@H](NC(=O)Cc1cccs1)C2=O)C(O)=O,CC1(C)S[C@@H]2[C@H](NC(=O)Cc3ccccc3)C(=O)N2[C@H]1C(O)=O,UP,C8W8H7
CC(C)C[C@H](NC(=O)OCc1ccccc1)C(=O)N[C@@H](C[C@@H]1CCNC1=O)C(=O)S(=O)(=O)[O-],COc1cccc2[nH]c(C(=O)NC(CC(C)C)C(=O)NC(CC3CCNC3=O)C(=O)c3nc4ccccc4s3)cc12,DOWN,P0DTD1
O=C(/C=C/c1ccccc1)NC(CC1CC1)C(=O)NC(CC1CCNC1=O)C(=O)C(=O)NCc1ccccc1,c1ccccc1COC(=O)N[C@@H]([C@@H](C)OC(C)(C)C)C(=O)N[C@@H](CC2CCCCC2)C(=O)N[C@H](C=O)C[C@@H]3CCNC3=O,DOWN,P0C6X7
CC(C)CC(NC(=O)OC(C)C1CCC(F)(F)CC1)C(=O)NC(C=O)CC1CCNC1=O,CC(C)C[C@H](NC(=O)OCc1ccccc1)C(=O)N[C@@H](C[C@@H]1CCNC1=O)[C@@H](O)S(O)(=O)=O,DOWN,P0DTD1
CC(=O)OC(C(CC1CCNC1=O)NC(=O)C(CC(C)C)NC(=O)OCC(C)(C)c1cccc(Cl)c1)S(=O)(=O)O,CC(C)C[C@H](NC(=O)OCc1ccccc1)C(=O)N[C@@H](C[C@@H]1CCNC1=O)[C@@H](O)S(O)(=O)=O,UP,Q83883
CC(=O)N[C@H](Cc1ccccc1)C(=O)N1CCC[C@H]1C(=O)N[C@@H](CCCCN)B(O)O,N=C(N)NCCC[C@H](NC(=O)[C@@H]1CCCN1C(=O)[C@H](N)Cc1ccccc1)C(=O)CCl,UP,P00734
CC(C)C(NC(=O)OCc1ccccc1)C(=O)NC(Cc1ccccc1)C(=O)NC(C=O)CC1CCNC1=O,CCOC(=O)/C=C/C(CC1CCNC1=O)NC(=O)C(CC(C)C)NC(=O)C(NC(=O)OCc1ccccc1)C(C)OC(C)(C)C,DOWN,P0DTD1
CC(=O)N1CCN(CC1)C(=O)CCl,ClCC(=O)N1CCN(CC1)S(=O)(=O)c2cccs2,DOWN,P0DTD1
O=C1NCC[C@H]1C[C@@H](/C=C/C(=O)OCC)NC(=O)[C@H](Cc2ccccc2)NC(=O)OCc3ccccc3,O=C1NCC[C@H]1C[C@@H](/C=C/C(=O)OCC)NC(=O)[C@H](Cc2ccccc2)NC(=O)[C@H]([C@@H](C)OC(C)(C)C)NC(=O)OCC3c(cccc4)c4c(c35)cccc5,DOWN,A1E4A3
CC1(CC1)c1cc(NCC(=O)N2CCN(CC2)C2CN(C2)C(=O)C=C)c(O)cc1Cl,Oc1cc(Cl)c(Cl)cc1NCC(=O)N1CCN(CC1)C1CN(C1)C(=O)C=C,DOWN,P01116
CC(C)C[C@H](NC(=O)OCc1ccccc1)C(=O)N[C@@H](C[C@@H]1CCNC1=O)C(=O)C(=O)NCc1ccccc1,CCOC(=O)/C=C/C(CC1CCNC1=O)NC(=O)C(CC(C)C)NC(=O)C(NC(=O)OCc1ccccc1)C(C)OC(C)(C)C,DOWN,P0DTD1
CC(C)CCNC(=O)[C@@H](CCc1ccccc1)NC(=O)[C@H]1O[C@@H]1C(O)=O,O=CC(=O)C(CCc1ccccc1)NC(=O)C(Cc1ccccc1)NC(=O)OCc1cccnc1,DOWN,P25779
CC(C)C[C@H](NC(=O)OC[C@@H]1C[C@H]2CCC[C@H](C2)C1)C(=O)N[C@H](C=O)C[C@@H]1CCNC1=O,O=C1NCC[C@H]1C[C@@H](/C=C/C(=O)OCC)NC(=O)[C@H](CC(C)C)NC(=O)[C@H]([C@@H](C)OC(C)(C)C)NC(=O)OCc2ccccc2,DOWN,P0DTD1
O=c1[nH]c(=O)n(C2CC(O)C(COP(=O)([O-])[O-])O2)cc1F,O[C@H]1C[C@@H](O[C@@H]1COP(O)(O)=O)n1cc([N+]([O-])=O)c(=O)[nH]c1=O,UP,P0A884
CC(C)[C@H](NC(=O)[C@H](CCC(O)=O)NC(=O)[C@H](CC(O)=O)NC(=O)OCc1ccccc1)C(=O)NN(CC(O)=O)C(=O)[C@H]1O[C@@H]1C(=O)NCc1ccccc1,c1ccccc1C[C@@H](C(=O)CCl)NC(=O)OCc2ccccc2,DOWN,P42574
CO[C@]1(NC(=O)Cc2cccs2)[C@H]2SCC(COC(N)=O)=C(N2C1=O)C(O)=O,CO[C@]1(NC(=O)[C@@H](C(O)=O)c2ccc(O)cc2)[C@H]2OCC(CSc3nnnn3C)=C(N2C1=O)C(O)=O,DOWN,P00811
CC(C)(C)OC(=O)Nc1cccn(C(CC2CC2)C(=O)NC(CC2CCNC2=O)C(=O)C(=O)NCc2ccccc2)c1=O,CC(C)CC(NC(=O)C(NC(=O)OCc1ccccc1)C(C)C)C(=O)NC(C=O)CC1CCNC1=O,UP,P0DTD1
CC(=O)N[C@@H](CC(C)C)C(=O)N[C@@H](C)C(=O)N[C@@H](CC(=O)C1(C)CO1)C(=O)O,CCCC[C@H](NC(=O)[C@@H]1CCCN1C(=O)[C@H](C)NC(=O)CN=[N+]=[N-])C(=O)N[C@@H](CC(C)C)C(=O)C1(C)CO1,UP,P25043
Oc1ccccc1NC(=O)C2CCN(CC2)C(=O)CCl,c1ccccc1N(C)C(=O)C2CCN(CC2)C(=O)CCl,UP,P0DTD1
CC(C)C[C@H](NC(=O)OC[C@H]1C[C@H]2CCC[C@H](C2)C1)C(=O)N[C@H](C=O)C[C@@H]1CCNC1=O,COc1cccc2[nH]c(C(=O)N[C@@H](CC(C)C)C(=O)N[C@H](C=O)C[C@@H]3CCNC3=O)cc12,UP,P0DTD1
CC(C)C[C@H](NC(=O)OCc1ccccc1)C(=O)N[C@@H](C[C@@H]1CCNC1=O)C(=O)C(=O)NCc1ccccc1,c1cccnc1CNC(=O)C(=O)[C@H](CCC)NC(=O)[C@H](CC(C)C)NC(=O)Oc2ccccc2,DOWN,P0DTD1
ClCC(=O)N1CCN(Cc2ccc(Br)s2)CC1,ClCC(=O)N1CCN(Cc2ccc(Cl)s2)CC1,DOWN,P0DTD1
CC(C)C[C@H](NC(=O)OC[C@H]1C[C@H]2CCC[C@H](C2)C1)C(=O)N[C@@H](C[C@@H]1CCNC1=O)C(O)S(=O)(=O)O,CC(C)C[C@H](NC(=O)OCc1ccccc1)C(=O)N[C@@H](C[C@@H]1CCNC1=O)[C@@H](O)S(O)(=O)=O,UP,P0DTD1
O=C[C@@H](C[C@@H]1CCNC1=O)NC(=O)[C@H](CC1CC1)NC(=O)OCc1ccccc1,c1ccccc1COC(=O)N[C@@H]([C@@H](C)OC(C)(C)C)C(=O)N[C@@H](CC2CCCCC2)C(=O)N[C@H](C=O)C[C@@H]3CCNC3=O,DOWN,P0DTD1
OCC(=O)COP(O)(O)=O,O[C@H](COP(O)(O)=O)[C@H](O)[C@H](O)C(=O)COP(O)(O)=O,UP,P63705
COc1cccc2[nH]c(C(=O)N[C@@H](CC(C)C)C(=O)N[C@@H](C[C@@H]3CCCNC3=O)C(=O)COC(=O)c3c(C)cc(C)nc3C)cc12,c1cccc(c12)[nH]c(c2)C(=O)N[C@@H](CC3CCCCC3)C(=O)N[C@H](C=O)C[C@@H]4CCNC4=O,DOWN,P0DTD1
CCCCC[C@H]1O[C@@H]1C\C=C/C\C=C\C\C=C/CCCC(O)=O,CC\C=C/C[C@H]1O[C@@H]1C\C=C/C\C=C/C\C=C/CCCC(O)=O,UP,A0A0H2ZD27
CC(C)C[C@H](NC(=O)OCC1CCC(F)(F)CC1)C(=O)N[C@@H](C[C@@H]1CCNC1=O)[C@H](O)S(O)(=O)=O,COc1cccc2[nH]c(C(=O)N[C@@H](CC(C)C)C(=O)N[C@H](C=O)C[C@@H]3CCNC3=O)cc12,UP,P0DTD1
CC(C)C[C@H](NC(=O)OCC1=CC=CC=C1)C(=O)N[C@@H](C[C@@H]1CCNC1=O)[C@H](O)S(O)(=O)=O,CC(C)C[C@H](NC(=O)OCc1c(F)c(F)c(F)c(F)c1F)C(=O)N[C@@H](C[C@@H]1CCNC1=O)C(O)S(=O)(=O)O,DOWN,P0DTD1
FC(F)(F)c1ccc(nc1)Oc2cccc(c2)CC3CCN(CC3)C(=O)Nc4cccnc4,O=C(Nc1ccccc1)N1CCC(Cc2cnc3ccccc3c2)CC1,UP,P97612
CC(C)C[C@H](NC(=O)OCC12C[C@H]3C[C@@H](C1)C[C@@H](C2)C3)C(=O)N[C@@H](C[C@@H]1CCNC1=O)C(O)S(=O)(=O)O,O=C1NCC[C@H]1C[C@@H](C(=O)C(=O)NC2CC2)NC(=O)[C@H](CC(C)C)NC(=O)OCc3ccccc3,UP,P0DTD1
C=CC(=O)Nc1cccc(-n2c(=O)cc(C)c3cnc(Nc4ccc(N5CCN(C)CC5)cc4OC)nc32)c1,CC(=O)N1CCN(CC1)c2ccc(c(c2)OC)Nc3ncc(C(F)(F)F)c(n3)Nc4cccc(c4)NC(=O)C=C,DOWN,P00533
CC[C@H](CCCCNC(=O)c1ccc(Nc2cnc3ccccc3n2)cc1)C(=O)N[C@@H](CC(O)=O)C=O,Cc1nc2ccccc2n1CCNC(=O)CC(C(=O)NC(C=O)CC(=O)O)C(C)C,UP,P29466
C=CC(=O)Nc1cc(-c2c[nH]c3ncnc(Nc4ccc(OCc5ccccn5)c(Cl)c4)c23)ccc1OCCCO,COc1ccc(NC(=O)C=C)cc1Nc2cc(ccn2)-c3nc(CCCO)[nH]c3-c4ccc(F)cc4,UP,P00533
O=C1NCC[C@H]1C[C@@H](C(=O)C(=O)NC2CC2)NC(=O)[C@H](CC(C)C)NC(=O)OCc3ccccc3,c1ccccc1OC(=O)N[C@@H](CC(C)C)C(=O)N[C@@H](CC(C)C)C(=O)N[C@@H](C[C@@H]2CCNC2=O)C(=O)C(=O)NC3CC3,UP,P0DTD1
CC(=O)N[C@H](Cc1ccccc1)C(=O)N1CCC[C@H]1C(=O)N[C@@H](CCCCCN)B(O)O,N[C@H](Cc1ccccc1)C(=O)N1CCC[C@H]1C(=O)N[C@@H](CCCNC(N)=N)C(=O)CCl,UP,P00734
COc1cccc2[nH]c(C(=O)N[C@@H](CC(C)C)C(=O)N[C@H](C=O)C[C@@H]3CCNC3=O)cc12,O=C(N[C@@H](Cc1ccccc1)C(=O)N[C@@H](C[C@@H]1CCNC1=O)C(O)S(=O)(=O)[O-])OCc1ccccc1,UP,P0DTD1
CCOc1cc2ncc(C#N)c(Nc3ccc(OCc4ccccn4)c(Cl)c3)c2cc1NC(=O)\C=C\CN(C)C,COc1cc2ncnc(Nc3ccc(F)c(Cl)c3)c2cc1NC(=O)\C=C\CN1CCCCC1,UP,P00533
CC(C)C[C@H](NC(=O)OCC1=CC=CC=C1)C(=O)N[C@@H](C[C@@H]1CCNC1=O)[C@H](O)S(O)(=O)=O,O=C[C@@H](C[C@@H]1CCNC1=O)NC(=O)[C@H](CC1CC1)NC(=O)OCc1ccccc1,DOWN,P0DTD1
C[C@@H](O)[C@H](NC(=O)[C@H](Cc1ccc(O)cc1)NC(=O)C(N)Cc1c[nH]c2ccccc12)C(=O)N[C@@H](CCCNC(N)=[NH2+])C(=O)CCl,NC(=[NH2+])NCCC[C@H](NC(=O)[C@H](Cc1ccccc1)NC(=O)[C@H](N)Cc1ccccc1)C(=O)CCl,DOWN,P08709
O=CC(CC1CCNC1=O)NC(=O)C(Cc1ccccc1)NC(=O)OCc1ccccc1,O=C[C@@H](C[C@@H]1CCNC1=O)NC(=O)[C@H](CC1CC1)NC(=O)OCc1ccccc1,DOWN,P0DTD1
CC(C)C[C@H](NC(=O)OCc1ccccc1F)C(=O)N[C@@H](C[C@@H]1CCNC1=O)C(O)S(=O)(=O)O,CC(C)[C@H](NC(=O)OCc1ccccc1)C(=O)N[C@@H](CC1CCCCC1)C(=O)N[C@H](C=O)Cc1ccc[nH]c1=O,UP,P0DTD1
CC(C)N(C)C(=O)C1CCN(CC1)C(=O)CCl,Cc1cccc(CN2CCN(CC2)C(=O)CCl)c1,UP,P0DTD1
CC(C)C[C@H](NC(=O)OC(C)(C)C1CCC(F)(F)CC1)C(=O)N[C@@H](C[C@@H]1CCNC1=O)C(O)S(=O)(=O)O,O=C(N[C@@H](Cc1ccccc1)C(=O)N[C@@H](C[C@@H]1CCNC1=O)C(O)S(=O)(=O)[O-])OCc1ccccc1,UP,P0DTD1
BrC(Br)CC[C@@H](B(O)O)NC(=O)[C@@H]1CCCN1C(=O)[C@@H](NC(=O)CCCC=O)Cc2ccccc2,CCC(=O)N[C@H](Cc1ccccc1)C(=O)N1CCC[C@H]1C(=O)N[C@@H](CCCSC(N)=N)B(O)O,UP,P28504
CC(C)CC(NC(=O)C(NC(=O)OCc1ccccc1)C(C)C)C(=O)NC(C=O)CC1CCNC1=O,COc1cccc(c12)[nH]c(c2)C(=O)N[C@@H](CC(C)C)C(=O)N[C@@H](C[C@@H]3CCNC3=O)C(=O)COC(=O)c4ccccc4C#N,DOWN,P0DTD1
CC(C)C[C@H](NC(=O)O[C@H]1CC[C@H](c2ccccc2)CC1)C(=O)N[C@@H](C[C@@H]1CCNC1=O)C(O)S(=O)(=O)O,O=C[C@@H](C[C@@H]1CCNC1=O)NC(=O)[C@H](CC1CC1)NC(=O)OCc1cccc(F)c1,UP,P0DTD1
CC(C)[C@H](NC(=O)[C@H](CCC(O)=O)NC(=O)[C@H](CC(O)=O)NC(=O)OCc1ccccc1)C(=O)NN(CC(O)=O)C(=O)\C=C\C(=O)OCc1ccccc1,COc1ccc(Br)cc1CC(=O)NC(C(=O)NC(CC(=O)O)C(=O)CSCc1ccccc1)C(C)C,DOWN,P42574
N#CN1C[C@@H](CC1)NC(=O)[C@H](CC(C)C)NC(=O)OCc2ccccc2,c1ccccc1COC(=O)N[C@@H](CC(C)C)C(=O)NNC(=O)NNC(=O)[C@H](CC(C)C)NC(=O)OCc2ccccc2,DOWN,P43235
Cc1nc2ccccc2n1CCNC(=O)CC(C(=O)NC(C=O)CC(=O)O)C(C)C,OC(=O)C[C@H](NC(=O)[C@H](CCCCNC(=O)c1ccc2cccc(O)c2n1)c1cccs1)C=O,DOWN,P29466
CC(C)C[C@H](NC(=O)OCC12C[C@H]3C[C@@H](C1)C[C@@H](C2)C3)C(=O)N[C@@H](C[C@@H]1CCNC1=O)C(O)S(=O)(=O)O,CC(C)C[C@H](NC(=O)OC[C@H]1C[C@H]2CCC[C@H](C2)C1)C(=O)N[C@H](C=O)C[C@@H]1CCNC1=O,DOWN,P0DTD1
C1COCCN1C(=O)N[C@@H](C[Si](C)(C)C)C(=O)NC2(C#N)CCS(=O)(=O)CC2,c1ccccc1S(=O)(=O)/N=C(\C)N[C@@H](CC2(C)CCCC2)C(=O)NC3(C#N)CCS(=O)(=O)CC3,DOWN,P25774
CCCNC(=O)[C@@H]1[C@H](O1)C(=O)N[C@@H]([C@@H](C)CC)C(=O)N2CCC[C@H]2C(=O)OCc3ccccc3,c1ccccc1CNC(=O)[C@H]2O[C@@H]2C(=O)N[C@@H]([C@@H](C)CC)C(=O)N3CCC[C@H]3C(=O)OCc4ccccc4,DOWN,P07688
CN1CCN(Cc2ccc(cc2)C(=O)NCc2cccc(CO[C@@H]3CCC[C@@H]3NC(=O)C(=C\C(C)(C)C)\C#N)c2)CC1,CN1CCN(Cc2ccc(cc2)C(=O)NCc2cccc(COc3ccccc3NC(=O)c3cc(ccc3Cl)[N+]([O-])=O)c2)CC1,UP,P37231
CC(C)[C@H](NC(=O)[C@H](CCC(O)=O)NC(=O)[C@H](CC(O)=O)NC(=O)OCc1ccccc1)C(=O)NN(CC(O)=O)C(=O)[C@H]1O[C@@H]1C(=O)NCc1ccccc1,COc1ccc(Br)cc1CC(=O)NC(C(=O)NC(CC(=O)O)C(=O)CSCc1ccccc1)C(C)C,DOWN,P42574
CC(C)C(NC(=O)OCc1ccccc1)C(=O)NC(CC1CCCCC1)C(=O)NC(C=O)CC1CCNC1=O,CC(C)C[C@H](NC(=O)OCC1=CC=CC=C1)C(=O)N[C@@H](C[C@@H]1CCNC1=O)[C@H](O)S(O)(=O)=O,UP,P0DTD1
ClCC(=O)N1CCC(CC1)C(=O)N2CCCCC2,ClCC(=O)N1CCN(Cc2cccs2)CC1,UP,P0DTD1
CC(=O)N1CCC[C@@H]1C(=O)N[C@@H](C)C(=O)N[C@@H](Cc1ccccc1)C(=O)C1(C)CO1,CC(C)C[C@H](NC(=O)[C@H](CCc1ccccc1)NC(=O)CN1CCOCC1)C(=O)N[C@@H](Cc1ccccc1)C(=O)N[C@@H](CC(C)C)C(=O)[C@@]1(C)CO1,DOWN,P30656
CC1(C)S[C@@H]2[C@H](NC(=O)CCCC[C@H](N)C(O)=O)C(=O)N2[C@H]1C([O-])=O,Cc1onc(c1C(=O)N[C@H]1[C@H]2SC(C)(C)[C@@H](N2C1=O)C(O)=O)-c1ccccc1Cl,UP,P0AEB2
COCCOc1ccc(cc1)Nc2ncc(F)c(n2)Nc3cccc(c3)NC(=O)C=C,Nc1nccc(Oc2cccc(NC(=O)C=C)c2)c1-c1ccc(Oc2ccccc2)cc1,UP,Q06187
CC(C)CC(=O)N[C@@H](Cc1ccc(I)cc1)C(=O)N[C@H](C=O)Cc1ccc(O)cc1,Oc1ccc(cc1)C[C@@H](C=O)NC(=O)[C@H](CC(C)C)NC(=O)[C@@H](NC(=O)CC(C)C)Cc2ccc(O)cc2,UP,P42790
CC(C)C[C@H](NC(=O)OC[C@H]1C[C@H]2CC[C@@H]1C2)C(=O)N[C@@H](C[C@@H]1CCNC1=O)C(O)S(=O)(=O)O,COc1cccc2[nH]c(C(=O)N[C@@H](CC(C)C)C(=O)N[C@H](C#N)C[C@@H]3CCNC3=O)cc12,UP,P0DTD1
CC(C)C[C@H](NC(=O)OCc1c(F)c(F)c(F)c(F)c1F)C(=O)N[C@@H](C[C@@H]1CCNC1=O)C(O)S(=O)(=O)O,COc1cccc2[nH]c(C(=O)N[C@@H](CC(C)C)C(=O)N[C@H](C#N)C[C@@H]3CCNC3=O)cc12,UP,P0DTD1
CC(C)CCNC(=O)[C@H](CC(C)C)NC(=O)[C@@H]1O[C@H]1C(O)=O,CCOC(=O)[C@H]1O[C@@H]1C(=O)N[C@@H]([C@@H](C)CC)C(=O)N[C@@H](C)C(O)=O,UP,P07688
COc1cc(OC)c(Cl)c(NC(=O)N(Cc2ccc(NC(=O)C=C)cc2)c2cc(Nc3ccc(cc3)N3CCN(C)CC3)ncn2)c1Cl,Cc1cccc(NC(=O)C=C)c1Nc2cc(ncn2)-c3cccnc3Nc4c(Cl)c(OC)cc(c4Cl)OC,UP,P22455
CC(=O)N1CCN(CC1)C(=O)CCl,ClCC(=O)N1CCN(CC1)S(=O)(=O)c2ccc(Cl)cc2,DOWN,P0DTD1
CC(=O)NNC(=O)[C@@H]1CC[C@@H]2CN1C(=O)N2OS(O)(=O)=O,NC(=O)C1CCC2CN1C(=O)N2OS(=O)(=O)O,UP,Q6XEC0
O=C1NCC[C@H]1C[C@@H](/C=C/C(=O)C)NC(=O)[C@H](CC(C)C)NC(=O)[C@H](CNC(=O)C(C)(C)C)NC(=O)OCc2ccccc2,O=C1NCC[C@H]1C[C@@H](/C=C/C(=O)OCC)NC(=O)[C@H](CC(C)C)NC(=O)[C@H](C(C)C)NC(=O)[C@H](C)NC(=O)c2cc(on2)C,DOWN,P0C6X7
CN1CCN(Cc2ccc(C(=O)NCc3cccc(CO[C@H]4CCC[C@H]4NC(=O)C(C#N)=CC(C)(C)C)c3)cc2)CC1,CN1CCN(Cc2ccc(cc2)C(=O)NCc2cccc(CO[C@@H]3CCC[C@@H]3NC(=O)C(=C\C(C)(C)C)\C#N)c2)CC1,DOWN,P37231
CCOc1ccc2ccccc2c1C(=O)N[C@H]1[C@H]2SC(C)(C)[C@@H](N2C1=O)C(O)=O,Cc1onc(c1C(=O)N[C@H]1[C@H]2SC(C)(C)[C@@H](N2C1=O)C(O)=O)-c1c(Cl)cccc1Cl,UP,C8W8H7
CC(C)N(C)C(=O)C1CCN(CC1)C(=O)CCl,Cc1ccc(cc1)S(=O)(=O)N2CCN(CC2)C(=O)CCl,DOWN,P0DTD1
N#CN1C[C@@H](CC1)NC(=O)[C@H](CC(C)C)NC(=O)OCc2ccccc2,c1ccccc1COC(=O)N[C@@H](CC(C)C)c2nc(cs2)C(=O)NNC(=O)[C@H](CC(C)C)NC(=O)OCc3ccccc3,DOWN,P43235
CC(C)C[C@H](NC(=O)OCc1ccccc1)C(=O)N[C@@H](C[C@@H]1CCNC1=O)[C@@H](O)S(O)(=O)=O,c1ccccc1COC(=O)N[C@@H]([C@@H](C)OC(C)(C)C)C(=O)N[C@@H](CC2CCCCC2)C(=O)N[C@H](C=O)C[C@@H]3CCNC3=O,DOWN,P0DTD1
OP1(=O)OC(=O)c2ccccc2O1,OP1(=O)OC=C(C(=O)O1)c1ccccc1,DOWN,P15555
CCOC(=O)C=C[C@H](C[C@@H]1CCNC1=O)NC(=O)[C@@H](CC(=O)[C@@H](NC(=O)c1cc(C)on1)C(C)C)Cc1ccc(F)cc1,c1cccc(c12)[nH]c(c2)C(=O)N[C@@H](CC3CCCCC3)C(=O)N[C@H](C=O)C[C@@H]4CCNC4=O,DOWN,P0DTD1
CC(C)C[C@H](NC(=O)OC[C@H]1C[C@H]2CC[C@@H]1C2)C(=O)N[C@@H](C[C@@H]1CCNC1=O)C(O)S(=O)(=O)O,CC(C)C[C@H](NC(=O)OCc1ccccc1)C(=O)N[C@@H](C[C@@H]1CCNC1=O)C(=O)C(=O)NCc1ccccc1,DOWN,P0DTD1
CC(C)C[C@H](NC(=O)OCc1c(F)c(F)c(F)c(F)c1F)C(=O)N[C@@H](C[C@@H]1CCNC1=O)C(O)S(=O)(=O)O,CC(C)C[C@H](NC(=O)OCc1ccccc1)C(=O)N[C@@H](C[C@@H]1CCNC1=O)[C@H](O)S(=O)(=O)O,UP,P0DTD1
CC(C)C(NC(=O)OCc1ccccc1)C(=O)NC(CC1CCCCC1)C(=O)NC(C=O)CC1CCNC1=O,CCOC(=O)C=C[C@H](C[C@@H]1CCNC1=O)NC(=O)[C@@H](CC(=O)[C@@H](NC(=O)c1cc(C)on1)C(C)C)Cc1ccc(F)cc1,UP,P0DTD1
CC(C)C(NC(=O)OCc1ccccc1)C(=O)NC(CC1CCCCC1)C(=O)NC(C=O)CC1CCNC1=O,CC(C)C[C@H](NC(=O)OC[C@H]1C[C@H]2CCC[C@H](C2)C1)C(=O)N[C@@H](C[C@@H]1CCNC1=O)C(O)S(=O)(=O)O,DOWN,P0DTD1
C=CC(=O)Nc1cc(-n2c(=O)ccc3cnc4ccc(-c5cn[nH]c5)cc4c32)ccc1C,C=CC(=O)Nc1cccc(-n2c(=O)cc(C)c3cnc(Nc4ccc(N5CCN(C)CC5)cc4OC)nc32)c1,DOWN,P00533
CC1(C)S[C@@H]2[C@H](I)C(=O)N2[C@H]1C(O)=O,CC1(C)S[C@@H]2[C@H](NC(=O)Cc3ccccc3)C(=O)N2[C@H]1C(O)=O,UP,P00808
CC(C)C[C@H](NC(=O)OC[C@@H]1C[C@H]2CCC[C@H](C2)C1)C(=O)N[C@H](C=O)C[C@@H]1CCNC1=O,CC(C)C[C@H](NC(=O)OCc1ccccc1)C(=O)N[C@@H](C[C@@H]1CCNC1=O)[C@@H](O)S(O)(=O)=O,UP,P0DTD1
CC(C)C[C@H](NC(=O)OCc1ccccc1)C(=O)N[C@@H](C[C@@H]1CCNC1=O)[C@@H](O)S(O)(=O)=O,COc1ccc(OCCCS(=O)(=O)N[C@@H](CC2CCCCC2)C(=O)N[C@@H](C[C@@H]2CCNC2=O)[C@H](O)S(O)(=O)=O)cc1,DOWN,Q83883
C=CC(=O)N1CC(COc2nc(Nc3cnn(C)c3)nc3[nH]cc(Cl)c23)C(OC)C1,C=CC(=O)N[C@@H]1CN(C[C@H]1F)c(n2)nc(c(c23)ncn3C(C)C)Nc4cnn(C)c4,UP,P00533
CC(C)C[C@H](NC(=O)OCc1c(F)c(F)c(F)c(F)c1F)C(=O)N[C@@H](C[C@@H]1CCNC1=O)C(O)S(=O)(=O)O,CC(C)C[C@H](NC(=O)OCc1cccc(F)c1)C(=O)N[C@@H](C[C@@H]1CCNC1=O)C(O)S(=O)(=O)O,UP,P0DTD1
C1COCCN1C(=O)N[C@@H](CC(C)C)C(=O)N[C@H](C(=O)CF)CCc2ccccc2,C1COCCN1C(=O)N[C@@H](Cc2ccccc2)C(=O)N[C@@H](CCc3ccccc3)/C=C/S(=O)(=O)c4ccccc4,DOWN,P25779
C[C@H](O)CC=O,O[C@H](COP(O)(O)=O)[C@@H](O)CC=O,UP,P0A6L0
CC(C)(COC(=O)NC(CC1CCCCC1)C(=O)NC(C=O)CC1CCNC1=O)c1cccc(Cl)c1,O=C1N=CC=C1C[C@@H](C(=O)P(=O)(OCC)OCC)NC(=O)[C@H](CC2CCCCC2)NC(=O)OCc3cccc(Cl)c3,UP,Q83883
C#Cc1nn(C2CCCN(C(=O)C=C)C2)c2ncnc(N)c12,C=CC(=O)N1CCC[C@H](C1)n(c(c23)ncnc3N)nc2-c4cccc(c45)cccc5,UP,O14733
C=C(CCN1CCOCC1)C(=O)NC[C@@H](NC(=O)[C@H](Cc1nc2ccc(C(C)C)cc2s1)NC(=O)CC)C1CCCCC1,C=C(CN(C)C)C(=O)NC[C@@H](NC(=O)[C@H](Cc1nc2ccc(C(C)C)cc2s1)NC(=O)CC)C1CCCCC1,UP,Q96GG9
CC(C)C[C@H](NC(=O)OC[C@H]1C[C@H]2C=CC[C@H](C2)C1)C(=O)N[C@@H](C[C@@H]1CCNC1=O)C(=O)S(=O)(=O)O,COc1cccc(c12)[nH]c(c2)C(=O)N[C@@H](CC(C)C)C(=O)N[C@@H](C[C@@H]3CCNC3=O)C(=O)COC(=O)c4ccccc4C#N,DOWN,P0DTD1
CC1(C)S[C@@H]2[C@H](NC(=O)Cc3ccccc3)C(=O)N2[C@H]1C(O)=O,OC(=O)C1=C(C[n+]2ccccc2)CS[C@@H]2[C@H](NC(=O)Cc3cccs3)C(=O)N12,UP,P00807
CC(=O)N1CCC[C@@H]1C(=O)N[C@@H](C)C(=O)N[C@@H](Cc1ccccc1)C(=O)C1(C)CO1,COc1ccc(C[C@H](NC(=O)[C@H](C)NC(=O)C2=CC3=CCC=CC3=C2C)C(=O)N[C@@H](Cc2ccccc2)C(=O)[C@@]2(C)CO2)cc1,DOWN,P30656
CC(C)C[C@H](NC(=O)O[C@H]1CC[C@H](c2ccccc2)CC1)C(=O)N[C@@H](C[C@@H]1CCNC1=O)C(O)S(=O)(=O)O,CCOC(=O)/C=C/C(CC1CCNC1=O)NC(=O)C(CC(C)C)NC(=O)C(NC(=O)OCc1ccccc1)C(C)OC(C)(C)C,DOWN,P0DTD1
CC(C)C[C@H](NC(=O)[C@H](Cc1ccccc1)N=[N+]=[N-])C(=O)N[C@@H](CO)C(=O)N[C@H](C=CS(C)(=O)=O)Cc1ccc(CN)cc1,CC(C)C[C@H](NC(=O)[C@H](Cc1ccccc1)NC(=O)[C@H](CCC1CCCCC1)NC(=O)[C@H](Cc1ccccc1)N=[N+]=[N-])C(=O)[C@@]1(C)CO1,DOWN,P25043
CC(C)CC(NC(=O)OC(C)C1CCC(F)(F)CC1)C(=O)NC(C=O)CC1CCNC1=O,O=C1NCC[C@H]1C[C@@H](/C=C/C(=O)OCC)NC(=O)[C@H](CC(C)C)NC(=O)[C@H]([C@@H](C)OC(C)(C)C)NC(=O)OCc2ccccc2,DOWN,P0DTD1
NC(=O)c1cc[n+](cc1)[C@@H]1O[C@H](COP(O)(=O)OP(O)(=O)OC[C@H]2O[C@H]([C@H](O)[C@@H]2O)n2cnc3c(N)ncnc23)[C@@H](O)[C@H]1F,NC(=O)c1cc[n+](cc1)[C@H]1O[C@H](COP(O)(=O)OP(O)(=O)OC[C@H]2O[C@H]([C@H](O)[C@@H]2O)n2cnc3c(N)ncnc23)[C@@H](O)[C@@H]1Cl,UP,P28907
C=CC(=O)Nc1cc(-c2c[nH]c3ncnc(Nc4ccc(OCc5ccccn5)c(Cl)c4)c23)ccc1OCCN(C)C,C=CC(=O)Nc1ccc2ncnc(Nc3cccc(Br)c3)c2c1,UP,P00533
ClCC(=O)N1CCN(Cc2ccc(Cl)s2)CC1,Fc1cccc(F)c1S(=O)(=O)N2CCN(CC2)C(=O)CCl,DOWN,P0DTD1
CC(C)[C@H]1C=CC(=O)NCCC=C[C@H](NC(=O)[C@@H](NC(=O)N[C@H](C(=O)O)C(C)C)C(C)C)C(=O)N1,C[C@H]1/C=C/C(=O)NCC[C@H](O)C[C@H](NC(=O)[C@@H](NC(=O)/C=C/C=C/c2ccccc2)[C@@H](C)O)C(=O)N1,UP,P25043
CC(C)(C)OC(=O)Nc1cccn(C(CC2CC2)C(=O)NC(CC2CCNC2=O)C(=O)C(=O)NCc2ccccc2)c1=O,O=CC(CC1CCNC1=O)NC(=O)C(Cc1ccccc1)NC(=O)OCc1ccccc1,UP,P0DTD1
C.CC(C)C.NC(Cc1ccccc1)C(=O)NC(C=O)CC1CCNC1=O.O=COCc1ccccc1,CC(C)CC(NC(=O)OCc1ccc(F)cc1)C(=O)NC(CC1CCNC1=O)C(O)S(=O)(=O)O,DOWN,P0DTD1
CC(C)C[C@H](NC(=O)OC(C)(C)C1CCC(F)(F)CC1)C(=O)N[C@@H](C[C@@H]1CCNC1=O)C(O)S(=O)(=O)O,CC(C)C[C@H](NC(=O)OC[C@H]1C[C@H]2C=C[C@@H]1C2)C(=O)N[C@@H](C[C@@H]1CCNC1=O)C(O)S(=O)(=O)O,DOWN,P0DTD1
O=C1NCC[C@H]1C[C@@H](/C=C/C(=O)OCC)NC(=O)[C@H](Cc2ccccc2)NC(=O)OCc3ccccc3,O=C1NCC[C@H]1C[C@@H](/C=C/C(=O)OCC)NC(=O)[C@H](Cc2ccccc2)NC(=O)[C@H](CCC(=O)OC(C)(C)C)NC(=O)OCc3ccccc3,DOWN,Q5UEA2
CC(C)C[C@H](NC(=O)OCc1ccc(F)cc1)C(=O)N[C@@H](C[C@@H]1CCNC1=O)C(O)S(=O)(=O)O,O=C1NCC[C@H]1C[C@@H](/C=C/C(=O)OCC)NC(=O)[C@H](CC(C)C)NC(=O)[C@H]([C@@H](C)OC(C)(C)C)NC(=O)OCc2ccccc2,DOWN,P0DTD1
CC(C)N(C)C(=O)C1CCN(CC1)C(=O)CCl,ClCC(=O)N1CCN(CC1)C(=O)c2cccs2,UP,P0DTD1
CC(C)C[C@H](NC(=O)OCC1CCC(F)(F)CC1)C(=O)N[C@@H](C[C@@H]1CCNC1=O)[C@H](O)S(O)(=O)=O,Cc1onc(c1)C(=O)N[C@@H](C)C(=O)N[C@@H](C(C)C)C(=O)N[C@@H](CC(C)C)C(=O)N[C@@H](C[C@@H]2CCNC2=O)/C=C\C(=O)OCc3ccccc3,UP,P0DTD1
COc1cccc2[nH]c(C(=O)N[C@@H](CC(C)C)C(=O)N[C@H](C#N)C[C@@H]3CCNC3=O)cc12,c1ccccc1COC(=O)N[C@@H]([C@@H](C)OC(C)(C)C)C(=O)N[C@@H](CC2CCCCC2)C(=O)N[C@H](C=O)C[C@@H]3CCNC3=O,DOWN,P0DTD1
O=C[C@@H](C[C@@H]1CCNC1=O)NC(=O)[C@H](CC1CC1)NC(=O)OCc1ccccc1,c1ccccc1OC(=O)N[C@@H](CC(C)C)C(=O)N[C@@H](CC(C)C)C(=O)N[C@@H](C[C@@H]2CCNC2=O)C(=O)C(=O)NC3CC3,UP,P0DTD1
OS(=O)(=O)ON1[C@@H]2CN([C@H](CC2)C(=O)NNC(=O)C2CNC2)C1=O,OS(=O)(=O)ON1[C@H]2CN([C@@H](CC2)C(=O)NO[C@H]2CCNC2)C1=O,UP,Q6XEC0
CC(C)C[C@H](NC(=O)OCc1ccccc1)C(=O)N[C@@H](C[C@@H]1CCNC1=O)[C@@H](O)S(O)(=O)=O,c1cccnc1CNC(=O)C(=O)[C@H](CCC)NC(=O)[C@H](CC(C)C)NC(=O)Oc2ccccc2,DOWN,P0DTD1
CC(C)[C@H](NC(=O)[C@H](CCC(O)=O)NC(=O)[C@H](CC(O)=O)NC(=O)OCc1ccccc1)C(=O)NN(CC(O)=O)C(=O)[C@H]1O[C@@H]1C(=O)OCc1ccccc1,COc1ccc(Br)cc1CC(=O)NC(C(=O)NC(CC(=O)O)C(=O)CSCc1ccccc1)C(C)C,DOWN,P42574
CC[C@H](C)[C@@H]1C(=O)O[C@H]1C(=O)NCCCC[C@H](NC(=O)[C@H](C)NC(=O)OCc1ccccc1)C(=O)OCc1ccccc1,CC[C@H](C)[C@@H]1C(=O)O[C@H]1C(=O)NCCC[C@H](NC(=O)[C@H](C)NC(=O)OCc1ccc2ccccc2c1)C(=O)OCc1ccccc1,DOWN,P30656
CC(C)C[C@H](NC(=O)O[C@H]1CC[C@H](c2ccccc2)CC1)C(=O)N[C@@H](C[C@@H]1CCNC1=O)C(O)S(=O)(=O)O,c1ccccc1COC(=O)N[C@@H]([C@@H](C)OC(C)(C)C)C(=O)N[C@@H](CC2CCCCC2)C(=O)N[C@H](C=O)C[C@@H]3CCNC3=O,DOWN,P0DTD1
CC(C)[C@H](NC(=O)c1ccc(C(=O)O)cc1)C(=O)N1CCC[C@H]1C(=O)N[C@H](C(=O)C(F)(F)F)C(C)C,FC(F)(F)C(=O)[C@H](C(C)C)NC(=O)[C@@H]1CCCN1C(=O)[C@H](C(C)C)NC(=O)c2ccc(C(=O)[O-])cc2,DOWN,P00772
C=CC(=O)Nc1cc(-c2c[nH]c3ncnc(Nc4ccc(CN5C(=O)c6ccccc6C5=O)cc4)c23)ccc1OCCO,C=CC(=O)Nc1cc(-c2c[nH]c3ncnc(Nc4ccc(OCc5ccccn5)c(Cl)c4)c23)ccc1OCCO,UP,P00533
CC(C)(C)c1oc(nn1)C(=O)[C@H](C(C)C)NC(=O)Cn2c(=O)c(N)cnc2-c3ccccc3,O=c1c(N)cnc(-c2cccs2)n1CC(=O)N[C@@H](C(C)C)C(=O)C(F)(F)C(=O)NCCN3CCOCC3,DOWN,P00772
C[C@@H](O)[C@@H]1[C@H]2CC(SCCNC=N)=C(N2C1=O)C(O)=O,C[C@@H](O)[C@@H]1[C@H]2[C@@H](C)C(S[C@@H]3CN[C@@H](C3)C(=O)N(C)C)=C(N2C1=O)C(O)=O,DOWN,Q6XEC0
CC(C)C[C@H](NC(=O)OCc1ccccc1)C(=O)N[C@@H](C[C@@H]1CCNC1=O)C(=O)C(=O)NCc1ccccc1,COc1cccc(c12)[nH]c(c2)C(=O)N[C@@H](CC(C)C)C(=O)N[C@@H](C[C@@H]3CCNC3=O)C(=O)COC(=O)c4ccccc4C#N,DOWN,P0C6U8
CC(=O)N[C@@H](CC(C)C)C(=O)N[C@@H](C)C(=O)N[C@@H](CC(C)C)C(=O)C1(C)CO1,CCCC[C@H](NC(=O)[C@@H]1CC(F)(F)CN1C(=O)[C@H](C)NC(=O)CN=[N+]=[N-])C(=O)N[C@@H](CC(C)C)C(=O)C1(C)CO1,UP,P25043
OS(=O)(=O)ON1[C@H]2CN([C@@H](CC2)C(=O)NC2CCNCC2)C1=O,OS(=O)(=O)ON1[C@H]2CN([C@@H](CC2)C(=O)NNC(=O)[C@@H]2CCNC2)C1=O,DOWN,Q9F663
CC(C)C[C@H](NC(=O)OCc1ccc(F)cc1)C(=O)N[C@@H](C[C@@H]1CCNC1=O)C(O)S(=O)(=O)O,c1cccc(c12)[nH]c(c2)C(=O)N[C@@H](CC3CCCCC3)C(=O)N[C@H](C=O)C[C@@H]4CCNC4=O,DOWN,P0DTD1
C1COCCN1C(=O)N[C@@H](CC(C)C)C(=O)N[C@H](C(=O)CF)CCc2ccccc2,CN1CCN(CC1)C(=O)N[C@@H](Cc1ccccc1)C(=O)N[C@@H](CCc1ccccc1)\C=C\S(=O)(=O)NOCc1ccccc1,DOWN,P25779
C[C@@H](O)[C@@H]1[C@H]2[C@@H](C)C(S[C@@H]3CN[C@@H](C3)C(=O)N(C)C)=C(N2C1=O)C(O)=O,C[C@@H](O)[C@@H]1[C@H]2[C@@H](C)C(S[C@@H]3CN[C@@H](C3)C(=O)NC3=CC=CC(=C3)C(O)=O)=C(N2C1=O)C(O)=O,DOWN,I6Y9J2
CCC[C@H]1CC[C@H](COC(=O)N[C@@H](CC(C)C)C(=O)N[C@@H](C[C@@H]2CCNC2=O)C(O)S(=O)(=O)O)CC1,COc1cccc2[nH]c(C(=O)N[C@@H](CC(C)C)C(=O)N[C@H](C=O)C[C@@H]3CCNC3=O)cc12,UP,P0DTD1
COc1cc(-c2n[nH]c3ccc(C=C(C#N)C(=O)NC(C)(C)CO)cc23)cc(OC)c1OC,N#CC(=Cc1ccc2[nH]ncc2c1)C(N)=O,UP,P51812
CS(=O)(=O)SCCCCC(=O)NO,CS(=O)(=O)SCCCCCCC(=O)NO,DOWN,P0DPI0
OB(O)[C@@H](NC(=O)Cc1cccs1)c1cccc(\C=C\C(O)=O)c1,c1ccccc1[C@@H](B(O)O)NC(=O)Cc2cccs2,UP,P00811
O=C1NCC[C@H]1C[C@@H](/C=C/C(=O)OCC)NC(=O)[C@H](CC=C(C)C)CC(=O)[C@H](C(C)C)NC(=O)c2cc(on2)C,c1ccccc1COC(=O)N[C@@H]([C@@H](C)OC(C)(C)C)C(=O)N[C@@H](CC2CCCCC2)C(=O)N[C@H](C=O)C[C@@H]3CCNC3=O,DOWN,P0C6X7
COc1cc(OC)c(Cl)c(c1Cl)COc2cnc(nc2)Nc3c(NC(=O)C=C)cc(F)cc3Cl,COc1cc(cc(c1)OC)CCc2cc([nH]n2)NC(=O)c3ccccc3NC(=O)C=C,UP,P22455
ClCC(=O)N1CCN(Cc2ccc(Cl)s2)CC1,Fc1cccc(c1)S(=O)(=O)N2CCN(CC2)C(=O)CCl,DOWN,P0DTD1
Cc1onc(c1C(=O)N[C@H]1[C@H]2SC(C)(C)[C@@H](N2C1=O)C(O)=O)-c1ccccc1Cl,OB(O)CNC(=O)c1c(C)onc1-c2ccccc2Cl,UP,P00811
CC(C)C[C@H](NC(=O)OC[C@@H]1C[C@H]2C=CC[C@H](C2)C1)C(=O)N[C@@H](C[C@@H]1CCNC1=O)C(=O)S(=O)(=O)O,CC(C)C[C@H](NC(=O)OCc1ccccc1)C(=O)N[C@@H](C[C@@H]1CCNC1=O)[C@@H](O)S(O)(=O)=O,UP,P0DTD1
C1COCCN1C(=O)N[C@@H](CC(C)C)C(=O)N[C@H](C(=O)CF)CCc2ccccc2,CC(C)CCNC(=O)[C@H](CCc1ccccc1)NC(=O)[C@H]1O[C@@H]1C(O)=O,UP,P25779
CC(C)N(C)C(=O)C1CCN(CC1)C(=O)CCl,Cc1ccc(cc1)C(=O)N2CCN(CC2)C(=O)CCl,DOWN,P0DTD1
C=C(CCN1CCOCC1)C(=O)NC[C@@H](NC(=O)[C@H](Cc1nc2ccc(C(C)C)cc2s1)NC(=O)CC)C1CCCCC1,C=C(Cn1ccnc1)C(=O)NC[C@@H](NC(=O)[C@H](Cc1nc2ccc(C(C)C)cc2s1)NC(=O)CC)C1CCCCC1,UP,Q96GG9
O=C1NCC[C@H]1C[C@@H](/C=C/C(=O)OCC)NC(=O)[C@H](Cc2ccccc2)NC(=O)OCc3ccccc3,O=C1NCC[C@H]1C[C@@H](/C=C/C(=O)OCC)NC(=O)[C@H](Cc2ccccc2)NC(=O)[C@H](CCC(=O)OC(C)(C)C)NC(=O)OCc3ccccc3,DOWN,P0C6X7
COc1ccc(cc1)N2CCN(CC2)C(=O)CCl,ClCC(=O)N1CCN(Cc2cccc(Cl)c2)CC1,UP,P0DTD1
ClCC(=O)N1CCN(CC1)S(=O)(=O)c2ccccc2C#N,c1cccc(c12)[C@@H](CN(C2)C(=O)CCl)c3ccccc3,UP,P0DTD1
CC(=O)N[C@H](Cc1ccccc1)C(=O)N1CCC[C@H]1C(=O)N[C@@H](CCCCC(N)=N)B(O)O,N=C(N)NCCC[C@H](NC(=O)[C@@H]1CCCN1C(=O)[C@H](N)Cc1ccccc1)C(=O)CCl,UP,P00734
CC(C)C(NC(=O)OCc1ccccc1)C(=O)NC(CC1CCCCC1)C(=O)NC(C=O)CC1CCNC1=O,CC(C)C[C@H](NC(=O)OC[C@@H]1C[C@H]2CCC[C@H](C2)C1)C(=O)N[C@H](C=O)C[C@@H]1CCNC1=O,DOWN,P0DTD1
Oc1ccccc1NC(=O)C2CCN(CC2)C(=O)CCl,c1cccc(c12)[C@@H](CN(C2)C(=O)CCl)c3ccccc3,UP,P0DTD1
C=CC(=O)Nc1cccc(-n2c(=O)cc(C)c3cnc(Nc4ccc(N5CCN(C)CC5)cc4OC)nc32)c1,C=CC(=O)Nc1cccc(Nc2nc(Nc3ccc(N4CCN(C(C)=O)CC4)cc3OC)ncc2C(F)(F)F)c1,DOWN,P00533
CC(C)C[C@H](NC(=O)N1CCNCC1)C(=O)N[C@@H](CCc1ccccc1)\C=C\S(=O)(=O)c1ccccc1,CC(C)C[C@H](NC(=O)OCc1ccccc1)C(=O)NCC(=O)CNC(=O)[C@H](CC(C)C)NC(=O)OCc1ccccc1,DOWN,P43235
ClCC(=O)N1CCN(CC1)C(=O)c2cccs2,ClCC(=O)N1CCN(CC1)S(=O)(=O)c2cccs2,DOWN,P0DTD1
CC(C)C[C@H](NC(=O)O[C@H]1CC[C@H](c2ccccc2)CC1)C(=O)N[C@@H](C[C@@H]1CCNC1=O)C(O)S(=O)(=O)O,COc1cccc2[nH]c(C(=O)N[C@@H](CC(C)C)C(=O)N[C@H](C#N)C[C@@H]3CCNC3=O)cc12,UP,P0DTD1
C=C(F)C(=O)N1CCN(c2nc(OCC3CCCN3C)nc3c2CCN(c2cccc4cccc(Cl)c24)C3)CC1CC#N,C=CC(=O)N1CCN(CC1)c1ncnc2CN(CCc12)c1cccc2ccccc12,UP,P01116
CC(C)N(C)C(=O)C1CCN(CC1)C(=O)CCl,Oc1ccccc1NC(=O)C2CCN(CC2)C(=O)CCl,DOWN,P0DTD1
CC(C)CC(NC(=O)OC(C)C1CCC(F)(F)CC1)C(=O)NC(C=O)CC1CCNC1=O,COc1cccc(c12)[nH]c(c2)C(=O)N[C@@H](CC(C)C)C(=O)N[C@@H](C[C@@H]3CCNC3=O)C(=O)c(s4)nc(c45)cccc5,DOWN,P0DTD1
F[C@@H]1CN[C@@H](C1)C(=O)N[C@@H](Cc1ccc(cc1)-c1ccc(cc1)C#N)C#N,O[C@H]1CN[C@@H](C1)C(=O)N[C@@H](Cc1ccc(cc1)-c1ccccc1)C#N,UP,P53634
CC(=O)N[C@H](CC(C)C)C(=O)N[C@@H](CC(C)C)C(=O)N[C@@H](CC(C)C)C(=O)C1(C)CO1,COc1ccc(C[C@H](NC(=O)[C@H](C)NC(=O)CN2CCOCC2)C(=O)N[C@@H](Cc2ccccc2)C(=O)[C@@]2(C)CO2)cc1,DOWN,P25043
COc1cccc(c12)[nH]c(c2)C(=O)N[C@@H](CC(C)C)C(=O)N[C@@H](C[C@@H]3CCNC3=O)C(=O)COC(=O)c4ccccc4C#N,O=C[C@@H](C[C@@H]1CCNC1=O)NC(=O)[C@H](CC1CC1)NC(=O)OCc1ccccc1,UP,P0DTD1
Cc1cccc(CN2CCN(CC2)C(=O)CCl)c1,[O-][N+](=O)c1ccccc1N2CCN(CC2)C(=O)CCl,DOWN,P0DTD1
Clc1ccccc1S(=O)(=O)[C@@H]2C[C@@H](C(=O)NC3(C#N)CC3)N(C2)C(=O)C4(CC4)c5ccc(I)cc5,c1cccc(c12)OC\C=C\COc3ccc(cc3Cl)C[C@H](NC2=O)C(=O)NC4(C#N)CC4,DOWN,P07711
CC(C)C[C@H](NC(=O)OCC1=CC=CC=C1)C(=O)N[C@@H](C[C@@H]1CCNC1=O)[C@H](O)S(O)(=O)=O,CC(C)C[C@H](NC(=O)OCc1ccccc1)C(=O)N[C@@H](C[C@@H]1CCNC1=O)C(=O)C(=O)NCc1ccccc1,DOWN,P0DTD1
C=CC(=O)Nc1ccc(CN(C(=O)Nc2c(Cl)c(OC)cc(OC)c2Cl)c2cc(Nc3ccc(N4CCN(C)CC4)cc3)ncn2)cc1,C=CC(=O)Nc1cccc(Oc2nc(Nc3ccc(N4CCN(C)CC4)cc3OC)ncc2Cl)c1,DOWN,P00533
CC(C)CC(NC(=O)OCc1ccccc1)C(=O)NC(CC1CCNC1=O)C(O)S(=O)(=O)O,c1ccccc1OC(=O)N[C@@H](CC(C)C)C(=O)N[C@@H](CC(C)C)C(=O)N[C@@H](C[C@@H]2CCNC2=O)C(=O)C(=O)NC3CC3,UP,P0DTD1
N#CC(=C1)C(=O)[C@@H](C)[C@@H]([C@]12C)CCc3c2nc(nc3)Nc4ccccc4,c1ccccc1[C@@]23[C@H]([C@H](C)C(=O)C(=C2)C#N)CCc4c3nn(c4)C(=O)c5ccccc5,UP,O75874
OB(O)CNC(=O)c(c(cc1)OCC)c(c12)cccc2,OB(O)CNC(=O)c1c(C)onc1-c2ccccc2Cl,DOWN,P62593
C=CC(=O)Nc1cc(-c2c[nH]c3ncnc(Nc4ccc(OCc5ccccn5)c(Cl)c4)c23)ccc1OCCCO,C=CC(=O)Nc1cc(-c2c[nH]c3ncnc(Nc4ccc(OCc5ccccn5)c(Cl)c4)c23)ccc1OCCO,UP,P00533
CC(C)C[C@H](NC(=O)OCc1ccc(F)cc1)C(=O)N[C@@H](C[C@@H]1CCNC1=O)C(O)S(=O)(=O)O,CC(C)C[C@H](NC(=O)OCc1ccccc1)C(=O)N[C@@H](C[C@@H]1CCNC1=O)C(=O)C(=O)NCc1ccccc1,DOWN,P0DTD1
C[C@@H](O)[C@@H]1[C@H]2[C@@H](C)C(S[C@@H]3CN[C@@H](C3)C(=O)N(C)C)=C(N2C1=O)C(O)=O,C[C@@H](O)[C@@H]1[C@H]2[C@@H](C)C(S[C@@H]3CN[C@H](CNS(N)(=O)=O)C3)=C(N2C1=O)C(O)=O,UP,I6Y9J2
Cc1ccc(c(C)c1)S(=O)(=O)N2CCN(CC2)C(=O)CCl,ClCC(=O)N1CCN(Cc2cccc(Cl)c2)CC1,UP,P0DTD1
CC(=O)N1CCC[C@@H]1C(=O)N[C@@H](C)C(=O)N[C@@H](CCC(=O)O)C(=O)C1(C)CO1,COc1ccc(C[C@H](NC(=O)[C@H](C)NC(=O)CN2CCOCC2)C(=O)N[C@@H](Cc2ccccc2)C(=O)[C@@]2(C)CO2)cc1,DOWN,P38624
C[C@@H](O)[C@@H]1[C@H]2CC(SCCNC=N)=C(N2C1=O)C(O)=O,C[C@@H](O)[C@@H]1[C@H]2[C@@H](C)C(S[C@@H]3CN[C@H](CNS(N)(=O)=O)C3)=C(N2C1=O)C(O)=O,DOWN,I6YCI1
CC(C)C[C@H](NC(=O)OCC12C[C@H]3C[C@@H](C1)C[C@@H](C2)C3)C(=O)N[C@@H](C[C@@H]1CCNC1=O)C(O)S(=O)(=O)O,COc1cccc2[nH]c(C(=O)NC(CC(C)C)C(=O)NC(CC3CCNC3=O)C(=O)c3nc4ccccc4s3)cc12,DOWN,P0DTD1
CC(C)C[C@H](NC(=O)OC[C@H]1C[C@H]2CCC[C@H](C2)C1)C(=O)N[C@H](C=O)C[C@@H]1CCNC1=O,c1ccccc1OC(=O)N[C@@H](CC(C)C)C(=O)N[C@@H](CC(C)C)C(=O)N[C@@H](C[C@@H]2CCNC2=O)C(=O)C(=O)NC3CC3,UP,P0DTD1
CC(C)C[C@H](NC(=O)OCc1ccccc1)C(=O)N[C@H](C=O)C[C@@H]1CCNC1=O,O=C1NCC[C@H]1C[C@@H](/C=C/C(=O)C)NC(=O)[C@H](CC(C)C)NC(=O)[C@H](CNC(=O)C(C)(C)C)NC(=O)OCc2ccccc2,DOWN,P0C6X7
C.CC(C)C.CC(C)CC(N)C(=O)NC(C=O)CC1CCNC1=O.O=COCc1ccccc1,CCOC(=O)C=C[C@H](C[C@@H]1CCNC1=O)NC(=O)[C@@H](CC(=O)[C@@H](NC(=O)c1cc(C)on1)C(C)C)Cc1ccc(F)cc1,UP,P0DTD1
N=C(N)NCCC[C@H](NC(=O)[C@@H]1CCCN1C(=O)[C@@H](Cc1ccccc1)NC(=O)CS)C(=O)CCl,NC(=[NH2+])NCCC[C@H](NC(=O)CNC(=O)[C@@H](N)CCC(=O)O)C(=O)CCl,UP,P00734
CC(C)C(NC(=O)OCc1ccccc1)C(=O)NC(Cc1ccccc1)C(=O)NC(C=O)CC1CCNC1=O,CC(C)[C@H](NC(=O)OCc1ccccc1)C(=O)N[C@@H](CC1CCCCC1)C(=O)N[C@H](C=O)Cc1ccc[nH]c1=O,UP,P0DTD1
CC(C)C[C@H](NC(=O)OC1CCC(C)(C)CC1)C(=O)N[C@@H](C[C@@H]1CCNC1=O)C(O)S(=O)(=O)O,CC(C)C[C@H](NC(=O)OCc1ccccc1)C(=O)N[C@@H](C[C@@H]1CCNC1=O)C(=O)C(=O)NCc1ccccc1,DOWN,P0DTD1
O=C1NCC[C@H]1C[C@@H](/C=C/C(=O)OCC)NC(=O)[C@H](Cc2ccccc2)NC(=O)OCc3ccccc3,O=C1NCC[C@H]1C[C@@H](/C=C/C(=O)OCC)NC(=O)[C@H](Cc2ccccc2)NC(=O)[C@H](COC(C)(C)C)NC(=O)OCc3ccccc3,DOWN,A1E4A3
CC(C)C[C@H](NC(=O)OC[C@@H]1C[C@H]2C=CC[C@H](C2)C1)C(=O)N[C@@H](C[C@@H]1CCNC1=O)C(=O)S(=O)(=O)O,CCC[C@H]1CC[C@H](OC(=O)N[C@@H](CC(C)C)C(=O)N[C@@H](C[C@@H]2CCNC2=O)C(O)S(=O)(=O)O)CC1,UP,P0DTD1
Nc1nc2c(ncn2C2OC(COP(=O)([O-])CS(=O)(=O)NCCNC(=O)CCl)C(O)C2O)c(=O)[nH]1,Nc1nc2n(cnc2c(=O)[nH]1)[C@@H]1O[C@H](COP(O)(=O)OP(O)(=O)OCCNC(=O)CCl)[C@@H](O)[C@H]1O,UP,P01116
C1COCCN1C(=O)N[C@@H](Cc2ccccc2)C(=O)N[C@@H](CCc3ccccc3)/C=C/S(=O)(=O)c4ccccc4,CN1CCN(CC1)C(=O)N[C@@H](Cc1ccccc1)C(=O)N[C@@H](CCc1ccccc1)\C=C\S(=O)(=O)NOCc1ccccc1,DOWN,P25779
CC(=O)N[C@@H](CC(C)C)C(=O)N[C@@H](C)C(=O)N[C@@H](CC(C)C)C(=O)C1(C)CO1,CCCC[C@H](NC(=O)[C@@H]1CCCN1C(=O)[C@H](C)NC(=O)CN=[N+]=[N-])C(=O)N[C@@H](CC(C)C)C(=O)C1(C)CO1,UP,P25043
CN(C)C(=O)CCNc1nc(N2CCN(CC2)C(=O)C=C)c2cc(Cl)c(cc2n1)-c1ccccc1F,Fc1cccc(O)c1-c(c2)c(Cl)cc(c23)c(N4CCN(CC4)C(=O)C=C)nc(=O)n3-c5ccccc5C(C)C,UP,P01116
CC(C)C[C@H](NC(=O)[C@H](Cc1ccccc1)N=[N+]=[N-])C(=O)N[C@@H](C)C(=O)N[C@H](C=CS(C)(=O)=O)Cc1ccc(CN)cc1,COc1ccc(C[C@H](NC(=O)[C@H](C)NC(=O)CN2CCOCC2)C(=O)N[C@@H](Cc2ccccc2)C(=O)[C@@]2(C)CO2)cc1,DOWN,Q99436
C[C@@H](NC(=O)CN1CCOCC1)C(=O)N[C@@H](Cc1c[nH]c2ccccc12)C(=O)N[C@@H](Cc1ccccc1)C(=O)[C@@]1(C)CO1,Cc1ccc(CNC(=O)[C@H](Cc2ccccc2)NC(=O)[C@H](CC(C)C)NC(=O)[C@H](CNC(=O)CCl)NC(=O)CN2CCOCC2)cc1,DOWN,P30656
CC(=O)N[C@@H](CC(C)C)C(=O)N[C@@H](C)C(=O)N[C@@H](CC(=O)C1(C)CO1)C(=O)O,CCCC[C@H](NC(=O)[C@@H]1CC(F)(F)CN1C(=O)[C@H](C)NC(=O)CN=[N+]=[N-])C(=O)N[C@@H](CC(C)C)C(=O)C1(C)CO1,UP,P25043
CCN(CC)CCN(Cc1ccc(-c2ccc(C(F)(F)F)cc2)cc1)C(=O)/C=C1\OC(=O)N2CCCC12,CCN(CC)CCN(Cc1ccc(-c2ccc(C(F)(F)F)cc2OCC(F)(F)F)cc1)C(=O)/C=C1/OC(=O)N2CCCC12,DOWN,Q13093
CCOC(=O)[C@H]1O[C@H]1C(=O)N(CCC(=O)N)NC(=O)[C@H](Cc2ccccc2)NC(=O)[C@H](CC(C)C)NC(=O)OCc3ccccc3,O=C1NCC[C@H]1C[C@@H](/C=C/C(=O)C)NC(=O)[C@H](CC(C)C)NC(=O)[C@H](CNC(=O)C(C)(C)C)NC(=O)OCc2ccccc2,DOWN,P0C6X7
CC(C)C[C@H](NC(=O)OCc1ccccc1)C(=O)N[C@H](C=O)C[C@@H]1CCNC1=O,O=C(/C=C/c1ccccc1)NC(CC1CC1)C(=O)NC(CC1CCNC1=O)C(=O)C(=O)NCc1ccccc1,DOWN,P0C6X7
CCC[C@H]1CC[C@H](COC(=O)N[C@@H](CC(C)C)C(=O)N[C@@H](C[C@@H]2CCNC2=O)C(O)S(=O)(=O)O)CC1,Cc1onc(c1)C(=O)N[C@@H](C)C(=O)N[C@@H](C(C)C)C(=O)N[C@@H](CC(C)C)C(=O)N[C@@H](C[C@@H]2CCNC2=O)/C=C\C(=O)OCc3ccccc3,UP,P0DTD1
CC(C)(C)OC(=O)Nc1cccn(C(CC2CC2)C(=O)NC(CC2CCNC2=O)C(=O)C(=O)NCc2ccccc2)c1=O,Cc1onc(c1)C(=O)N[C@@H](C)C(=O)N[C@@H](C(C)C)C(=O)N[C@@H](CC(C)C)C(=O)N[C@@H](C[C@@H]2CCNC2=O)/C=C\C(=O)OCc3ccccc3,UP,P0DTD1
C[C@@H](O)[C@@H]1[C@H]2[C@@H](C)C(S[C@@H]3CN[C@@H](C3)C(=O)NC3=CC=CC(=C3)C(O)=O)=C(N2C1=O)C(O)=O,C[C@@H](O)[C@@H]1[C@H]2[C@@H](C)C(S[C@@H]3CN[C@H](CNS(N)(=O)=O)C3)=C(N2C1=O)C(O)=O,DOWN,P9WKD3
CCC[C@H]1CC[C@H](OC(=O)N[C@@H](CC(C)C)C(=O)N[C@@H](C[C@@H]2CCNC2=O)C(O)S(=O)(=O)O)CC1,COc1cccc2[nH]c(C(=O)N[C@@H](CC(C)C)C(=O)N[C@H](C#N)C[C@@H]3CCNC3=O)cc12,UP,P0DTD1
CC(C)[C@H](NC(=O)[C@H](CCC(O)=O)NC(=O)[C@H](CC(O)=O)NC(=O)OCc1ccccc1)C(=O)NN(CC(O)=O)C(=O)\C=C\C(=O)OCc1ccccc1,CC[C@H](C)[C@H](NC(=O)OCc1ccccc1)C(=O)N[C@@H](CCC(O)=O)C(=O)N[C@@H]([C@@H](C)O)C(=O)NN(CC(O)=O)C(=O)[C@H]1O[C@@H]1C(=O)N[C@@H](C)C(=O)NCc1ccccc1,DOWN,P42574
CC(C)C[C@H](NC(=O)OCc1ccccc1F)C(=O)N[C@@H](C[C@@H]1CCNC1=O)C(O)S(=O)(=O)O,O=C(N[C@@H](Cc1ccccc1)C(=O)N[C@@H](C[C@@H]1CCNC1=O)C(O)S(=O)(=O)[O-])OCc1ccccc1,UP,P0DTD1
CC(C)C[C@H](NC(=O)OCc1ccccc1)C(=O)N[C@@H](C[C@@H]1CCNC1=O)C(=O)C(=O)NCc1ccccc1,O=C(N[C@@H](Cc1ccccc1)C(=O)N[C@@H](C[C@@H]1CCNC1=O)C(O)S(=O)(=O)[O-])OCc1ccccc1,UP,P0DTD1
CC(C)CC(NC(=O)OC(C)C1CCC(F)(F)CC1)C(=O)NC(C=O)CC1CCNC1=O,COc1cccc(c12)[nH]c(c2)C(=O)N[C@@H](CC(C)C)C(=O)N[C@@H](C[C@@H]3CCNC3=O)C(=O)COC(=O)c4ccccc4C#N,DOWN,P0DTD1
CC(C)C[C@H](NC(=O)OCc1ccc(F)cc1)C(=O)N[C@@H](C[C@@H]1CCNC1=O)C(O)S(=O)(=O)O,CC(C)[C@H](NC(=O)OCc1ccccc1)C(=O)N[C@@H](CC1CCCCC1)C(=O)N[C@H](C=O)Cc1ccc[nH]c1=O,UP,P0DTD1
CC(C)CC(NC(=O)OCc1ccccc1)C(=O)NC(CC1CCNC1=O)C(O)S(=O)(=O)O,COc1cccc2[nH]c(C(=O)N[C@@H](CC(C)C)C(=O)N[C@H](C#N)C[C@@H]3CCNC3=O)cc12,UP,P0DTD1
CC(C)(C)c1ccc(N(C(=O)CCl)[C@@H](C(=O)NC2CCCCC2)c2cccnc2)cc1,CCc1cccc(C)c1NC(=O)[C@@H](c2cccnc2)N(C(=O)C=C)c3ccc(nc3)C(C)C,UP,P0DTD1
CC(C)CC(NC(=O)C(NC(=O)OCc1ccccc1)C(C)C)C(=O)NC(C=O)CC1CCNC1=O,O=C(N[C@@H](Cc1ccccc1)C(=O)N[C@@H](C[C@@H]1CCNC1=O)C(O)S(=O)(=O)[O-])OCc1ccccc1,UP,P0DTD1
C.CC(C)C.CC(C)CC(N)C(=O)NC(C=O)CC1CCNC1=O.O=COCc1ccccc1,CC(C)C[C@H](NC(=O)OC[C@@H]1C[C@H]2CCC[C@H](C2)C1)C(=O)N[C@H](C=O)C[C@@H]1CCNC1=O,DOWN,P0DTD1
CC(C)C[C@H](NC(=O)OCC1=CC=CC=C1)C(=O)N[C@@H](C[C@@H]1CCNC1=O)[C@H](O)S(O)(=O)=O,CCC1(CCN(CC1)C(=O)OC(C)(C)C)OC(=O)N[C@@H](CC(C)C)C(=O)N[C@@H](C[C@@H]1CCNC1=O)[C@@H](O)S(O)(=O)=O,DOWN,K9N638
NC(=O)C1CCC2CN1C(=O)N2OS(=O)(=O)O,OS(=O)(=O)ON1[C@@H]2CN([C@H](CC2)C(=O)NNC(=O)C2CNC2)C1=O,DOWN,Q6XEC0
CC(C)C[C@H](NC(=O)OC[C@@H]1C[C@H]2CCC[C@H](C2)C1)C(=O)N[C@H](C=O)C[C@@H]1CCNC1=O,CC(C)C[C@H](NC(=O)OCc1ccccc1)C(=O)N[C@@H](C[C@@H]1CCNC1=O)C(O)S(=O)(=O)O,UP,P0DTD1
CC(C)C[C@H](NC(=O)OCc1ccccc1)C(=O)N[C@@H](C[C@@H]1CCNC1=O)C(O)S(=O)(=O)O,CC(C)[C@H](NC(=O)OCc1ccccc1)C(=O)N[C@@H](CC1CCCCC1)C(=O)N[C@H](C=O)Cc1ccc[nH]c1=O,UP,P0DTD1
CC(C)C[C@H](NC(=O)OC[C@@H]1C[C@H]2C=CC[C@H](C2)C1)C(=O)N[C@@H](C[C@@H]1CCNC1=O)C(=O)S(=O)(=O)O,CC(C)C[C@H](NC(=O)OC[C@H]1C[C@H]2CCC[C@H](C2)C1)C(=O)N[C@@H](C[C@@H]1CCNC1=O)C(O)S(=O)(=O)O,DOWN,P0DTD1
NCCCC[C@H](NC(=O)[C@@H]1CCN2CC[C@@](N)(Cc3ccccc3)C(=O)N12)C(=O)C(=O)NC1CCCCC1,N[C@H](Cc1ccccc1)C(=O)N1CCC[C@H]1C(=O)N[C@@H](CCCNC(N)=N)C(=O)CCl,UP,P00734
CC(C)N(C)C(=O)C1CCN(CC1)C(=O)CCl,Fc1cccc(F)c1S(=O)(=O)N2CCN(CC2)C(=O)CCl,DOWN,P0DTD1
CC(=O)N[C@H](CC(C)C)C(=O)N[C@@H](CC(C)C)C(=O)N[C@@H](CC(C)C)C(=O)C1(C)CO1,COc1ccc(C[C@H](NC(=O)[C@H](C)NC(=O)C2=CC3=CCC=CC3=C2C)C(=O)N[C@@H](Cc2ccccc2)C(=O)[C@@]2(C)CO2)cc1,DOWN,P25043
Cc1cccc(CN2CCN(CC2)C(=O)CCl)c1,ClCC(=O)N1CCN(CC1)S(=O)(=O)c2ccc(Cl)cc2,DOWN,P0DTD1
CC(C)C[C@H](NC(=O)OC[C@H]1C[C@H]2CCC[C@H](C2)C1)C(=O)N[C@@H](C[C@@H]1CCNC1=O)C(O)S(=O)(=O)O,CC(C)C[C@H](NC(=O)OCc1c(F)c(F)c(F)c(F)c1F)C(=O)N[C@@H](C[C@@H]1CCNC1=O)C(O)S(=O)(=O)O,UP,P0DTD1
C=CC(=O)N1CCN(C(=O)COc2ccc(Cl)cc2Cl)CC1,Cc1cc(on1)C(=O)Nc2cc(Br)ccc2OCC(=O)NC3CN(C3)C(=O)C=C,DOWN,P01116
N#CC1CCC2CN1C(=O)N2OS(=O)(=O)[O-],O=C(NNC(=O)C1CCC2CN1C(=O)N2OS(=O)(=O)O)C1CCCNC1,DOWN,G3XD46
c1ccccc1[C@@]23[C@H]([C@H](C)C(=O)C(=C2)C#N)CCc4c3nc(nc4)Nc5ccccc5,c1ccccc1[C@@]23[C@H]([C@H](C)C(=O)C(=C2)C#N)CCc4c3nn(c4)C(=O)c5ccccc5,UP,O75874
OC[C@@H](O)[C@@H](O)CC(=O)C(O)=O,OC[C@@H](O)[C@H](O)CC(=O)C(O)=O,UP,O54288
ClCC(=O)N1CCN(CC1)S(=O)(=O)c2ccccc2C#N,Oc1ccccc1NC(=O)C2CCN(CC2)C(=O)CCl,DOWN,P0DTD1
CCOC(=O)[C@H]1O[C@@H]1C(=O)N[C@@H]([C@@H](C)CC)C(=O)N[C@@H]([C@@H](C)CC)C(O)=O,CC[C@H](C)[C@H](NC(=O)[C@H]1O[C@@H]1C(=O)NCc1ccccc1)C(=O)N1CCC[C@H]1C(O)=O,DOWN,P07688
CC(C)CC(NC(=O)OC(C)C1CCC(F)(F)CC1)C(=O)NC(C=O)CC1CCNC1=O,O=C1NCC[C@H]1C[C@@H](C(=O)C(=O)NC2CC2)NC(=O)[C@H](CC(C)C)NC(=O)OCc3ccccc3,UP,P0DTD1
CC1(C)S[C@@H]2[C@H](NC(=O)[C@H](N)c3ccc(O)cc3)C(=O)N2[C@H]1C(O)=O,Cc1onc(c1C(=O)N[C@H]1[C@H]2SC(C)(C)[C@@H](N2C1=O)C(O)=O)-c1ccccc1,UP,P00811
COc1cccc(c12)[nH]c(c2)C(=O)N[C@@H](CC(C)C)C(=O)N[C@@H](C[C@@H]3CCNC3=O)C(=O)COC(=O)c4ccccc4C#N,c1cccc(c12)[nH]c(c2)C(=O)N[C@@H](CC3CCCCC3)C(=O)N[C@H](C=O)C[C@@H]4CCNC4=O,UP,P0DTD1
CC(C)C[C@H](NC(=O)OCC12C[C@H]3C[C@@H](C1)C[C@@H](C2)C3)C(=O)N[C@@H](C[C@@H]1CCNC1=O)C(O)S(=O)(=O)O,O=C(N[C@@H](Cc1ccccc1)C(=O)N[C@@H](C[C@@H]1CCNC1=O)C(O)S(=O)(=O)[O-])OCc1ccccc1,UP,P0DTD1
C.CC(C)C.NC(Cc1ccccc1)C(=O)NC(C=O)CC1CCNC1=O.O=COCc1ccccc1,CC(C)C[C@H](NC(=O)OCc1ccccc1)C(=O)N[C@@H](C[C@@H]1CCNC1=O)C(=O)C(=O)NCc1ccccc1,DOWN,P0DTD1
CC(C)(C)OC(=O)Nc1cccn(C(CC2CC2)C(=O)NC(CC2CCNC2=O)C(=O)C(=O)NCc2ccccc2)c1=O,CC(C)CC(NC(=O)OCc1ccccc1)C(=O)NC(CC1CCNC1=O)C(O)S(=O)(=O)O,UP,P0DTD1
CCOC(=O)C=C[C@H](C[C@@H]1CCNC1=O)NC(=O)[C@@H](CC(=O)[C@@H](NC(=O)c1cc(C)on1)C(C)C)Cc1ccc(F)cc1,O=C1NCC[C@H]1C[C@@H](/C=C/C(=O)OCC)NC(=O)[C@H](CC(C)C)NC(=O)[C@H]([C@@H](C)OC(C)(C)C)NC(=O)OCc2ccccc2,DOWN,P0DTD1
CC(C)C[C@H](NC(=O)OCC12C[C@H]3C[C@@H](C1)C[C@@H](C2)C3)C(=O)N[C@@H](C[C@@H]1CCNC1=O)C(O)S(=O)(=O)O,CC(C)C[C@H](NC(=O)OCC1=CC=CC=C1)C(=O)N[C@@H](C[C@@H]1CCNC1=O)[C@H](O)S(O)(=O)=O,UP,P0DTD1
C=CC(=O)Nc1cc(-c2c[nH]c3ncnc(Nc4ccc(CN5C(=O)c6ccccc6C5=O)cc4)c23)ccc1OCCO,C=CC(=O)Nc1ccc2ncnc(Nc3cccc(Br)c3)c2c1,UP,P00533
C1COCCN1C(=O)N[C@@H](CC(C)C)C(=O)N[C@H](CCc2ccccc2)/C=C/S(=O)(=O)c3ccccc3,C[C@H]1ONC(C)=C1CS(=O)(=O)C[C@H](NC(=O)N2CCOCC2)C(=O)N[C@@H](CCc3ccccc3)/C=C/S(=O)(=O)c4ccccc4,DOWN,P25774
C=CC(=O)Nc(c1)ccc(c12)ncnc2Nc3cccc(Br)c3,C=CC(=O)Nc(c1)ccc(c12)ncnc2Nc3ccccc3,UP,P00523
CC(C)C[C@H](NC(=O)OC[C@H]1C[C@H]2C=C[C@@H]1C2)C(=O)N[C@@H](C[C@@H]1CCNC1=O)C(O)S(=O)(=O)O,O=C(N[C@@H](Cc1ccccc1)C(=O)N[C@@H](C[C@@H]1CCNC1=O)C(O)S(=O)(=O)[O-])OCc1ccccc1,UP,P0DTD1
CC(C)C[C@H](NC(=O)OC[C@H]1C[C@H]2C=C[C@@H]1C2)C(=O)N[C@@H](C[C@@H]1CCNC1=O)C(O)S(=O)(=O)O,COc1cccc2[nH]c(C(=O)NC(CC(C)C)C(=O)NC(CC3CCNC3=O)C(=O)c3nc4ccccc4s3)cc12,DOWN,P0DTD1
CC(C)(C)[C@H](C)O[P@@](F)(=O)C,CC(OP(C)(=O)F)C(C)(C)C,UP,P04058
CC(=O)N[C@@H](Cc1c[nH]c2ccccc12)C(=O)N[C@@H](CCC(=O)O)C(=O)N[C@@H](Cc1c[nH]cn1)C(=O)N[C@H](C=O)CC(=O)O,CC[C@H](C)[C@H](NC(C)=O)C(=O)N[C@@H](CCC(=O)O)C(=O)N1CCC[C@H]1C(=O)N[C@H](C=O)CC(=O)O,UP,P55210
C=CC(=O)Nc1cc(-c2c[nH]c3ncnc(Nc4ccc(CN5C(=O)c6ccccc6C5=O)cc4)c23)ccc1OCCO,C=CC(=O)Nc1cccc(-c2c[nH]c3ncnc(Nc4ccc5c(cnn5Cc5ccccc5)c4)c23)c1,UP,P00533
Nc1nc(cs1)/C(=N/OC)C(=O)N[C@H](C2=O)[C@H](N23)SCC(=C3C([O-])=O)CSc4nc(=O)c(=O)[n-]n4C,Nc1nc(cs1)C(=N\OCC(O)=O)\C(=O)N[C@H]1[C@H]2SCC(C=C)=C(N2C1=O)C(O)=O,UP,P08149
c1cccc(c12)cc(o2)C(=O)N[C@@H](CC(C)C)C(=O)N[C@H]3CCCN(CC3=O)S(=O)(=O)c4ccccn4,c1ccccc1COC(=O)N[C@@H](CC(C)C)CN2C[C@H](C(=O)C2)NC(=O)[C@H](CC(C)C)NC(=O)OCc3ccncc3,DOWN,P43235
COc1cc(OC)c(Cl)c(c1Cl)COc2cnc(nc2)Nc3c(NC(=O)C=C)cccc3F,COc1cc(cc(c1)OC)CCc2cc([nH]n2)NC(=O)c3ccccc3NC(=O)C=C,UP,P22455
CC(C)C[C@H](NC(=O)OCc1ccccc1)C(=O)N[C@H](C=O)C[C@@H]1CCNC1=O,O=C1NCC[C@H]1C[C@@H](/C=C/C(=O)OCC)NC(=O)[C@H](Cc2ccccc2)NC(=O)[C@H](CCC(=O)OC(C)(C)C)NC(=O)OCc3ccccc3,DOWN,P0C6X7
CC(=O)N[C@H](Cc1ccccc1)C(=O)N1CCC[C@H]1C(=O)N[C@@H](CCCNC(N)=N)B(O)O,NC(=N)NCCC[C@H](NC(=O)[C@@H]1CCN2CC[C@@](N)(Cc3ccccc3)C(=O)N12)C(=O)c1nccs1,UP,P00734
CC\C=C/C[C@H]1O[C@@H]1C\C=C/C\C=C/C\C=C/CCCC(O)=O,CC\C=C/C[C@H]1O[C@@H]1C\C=C/C\C=C/C\C=C/C\C=C/CCC(O)=O,DOWN,A0A0H2ZD27
CC(C)C[C@H](NC(=O)OC[C@@H]1C[C@H]2CCC[C@H](C2)C1)C(=O)N[C@H](C=O)C[C@@H]1CCNC1=O,CC(C)C[C@H](NC(=O)OC[C@H]1C[C@H]2C=C[C@@H]1C2)C(=O)N[C@@H](C[C@@H]1CCNC1=O)C(O)S(=O)(=O)O,UP,P0DTD1
CC(C)C[C@@H]1NC(=O)O[C@H](c2cccc(Cl)c2)CCCCCNC(=O)CC[C@@H](C=O)NC1=O,c1ccccc1COC(=O)N[C@@H](Cc(cn23)nn3)C(=O)N[C@@H](CC(C)C)C(=O)N[C@H](C=O)CCC(=O)NCCC2,DOWN,Q83883
C.CC(C)C.CC(C)CC(N)C(=O)NC(C=O)CC1CCNC1=O.O=COCc1ccccc1,CC(C)C[C@H](NC(=O)OCC1=CC=CC=C1)C(=O)N[C@@H](C[C@@H]1CCNC1=O)[C@H](O)S(O)(=O)=O,UP,P0DTD1
CC(C)C[C@H](NC(=O)OCC1=CC=CC=C1)C(=O)N[C@@H](C[C@@H]1CCNC1=O)[C@H](O)S(O)(=O)=O,c1ccccc1OC(=O)N[C@@H](CC(C)C)C(=O)N[C@@H](CC(C)C)C(=O)N[C@@H](C[C@@H]2CCNC2=O)C(=O)C(=O)NC3CC3,UP,P0DTD1
Cc1ccc(C)c(c1)S(=O)(=O)N2CCN(CC2)C(=O)CCl,Oc1ccccc1NC(=O)C2CCN(CC2)C(=O)CCl,DOWN,P0DTD1
OB(O)CNS(=O)(=O)c1ccc(-c2nnn[nH]2)c(Cl)c1,OB(O)CNS(=O)(=O)c1ccc(cc1C(F)(F)F)-c1nnn[nH]1,DOWN,P00811
CC(C)C[C@H](NC(=O)[C@@H](NC(=O)c1cc2ccccc2[nH]1)C(C)C)C(=O)N[C@H](C=O)C[C@@H]1CCNC1=O,Cc1onc(c1)C(=O)N[C@@H](C)C(=O)N[C@@H](C(C)C)C(=O)N[C@@H](CC(C)C)C(=O)N[C@@H](C[C@@H]2CCNC2=O)/C=C\C(=O)OCc3ccccc3,UP,P0C6X7
CN(C)C(=O)CCNc1nc(N2CCN(CC2)C(=O)C=C)c2cc(Cl)c(cc2n1)-c1ccccc1F,FC(F)(F)c1ccccc1-c(c2F)c(Cl)cc(c23)c(ncn3)N4CCN(CC4)C(=O)C=C,UP,P01116
CCCNC(=O)[C@@H]1O[C@H]1C(=O)N[C@@H]([C@@H](C)CC)C(=O)N1CCC[C@H]1C(O)=O,CCOC(=O)[C@H]1O[C@@H]1C(=O)N[C@@H]([C@@H](C)O)C(=O)N[C@@H]([C@@H](C)CC)C(O)=O,UP,P07688
CC(C)Nc1cnc(-c2ccc(Cl)c(Cl)c2)n(CC(=O)N[C@@H](CCCNC(N)=N)C(=O)c2nccs2)c1=O,CC(C)[C@H](NC(=O)[C@H](CCCNC(N)=O)NC(=O)N[C@H](C)c1ccc(Br)cc1)C(=O)N[C@@H](CCCNC(N)=N)C(=O)c1nccs1,DOWN,P03951
C=CC(=O)NC1CN(c2nc(Nc3cn(C)nc3OC)c3ncn(C)c3n2)CC1F,C=CC(=O)N[C@@H]1CN(C[C@H]1F)c(n2)nc(c(c23)ncn3C(C)C)Nc4cnn(C)c4,UP,P00533
C.CC(C)C.CC(C)CC(N)C(=O)NC(C=O)CC1CCNC1=O.O=COCc1ccccc1,CC(C)(C)OC(=O)Nc1cccn(C(CC2CC2)C(=O)NC(CC2CCNC2=O)C(=O)C(=O)NCc2ccccc2)c1=O,DOWN,P0DTD1
C[C@H]1[C@H](NC(=O)/C(=N\OC(C)(C)C(=O)O)c2csc(N)n2)C(=O)N1S(=O)(=O)O,C[C@H]1[C@H](NC(=O)C(=N/OC(C)(C)C(O)=O)\c2csc(N)n2)C(=O)N1S(O)(=O)=O,UP,Q47066
CC(C)CC(NC(=O)C(NC(=O)OCc1ccccc1)C(C)C)C(=O)NC(C=O)CC1CCNC1=O,COc1cccc(c12)[nH]c(c2)C(=O)N[C@@H](CC(C)C)C(=O)N[C@@H](C[C@@H]3CCNC3=O)C(=O)c(s4)nc(c45)cccc5,DOWN,P0DTD1
COc1cc(OC)c(Cl)c(c1Cl)COc2cnc(nc2)Nc3c(NC(=O)C=C)cc(Cl)cc3Cl,Cc1cccc(NC(=O)C=C)c1Nc2cc(ncn2)-c3cccnc3Nc4c(Cl)c(OC)cc(c4Cl)OC,UP,P22455
CC(C)C[C@H](NC(=O)[C@H](Cc1ccccc1)N=[N+]=[N-])C(=O)N[C@@H](C)C(=O)N[C@H](C=CS(C)(=O)=O)Cc1ccc(CN)cc1,CC(C)C[C@H](NC(=O)[C@H](Cc1ccccc1)N=[N+]=[N-])C(=O)N[C@@H](CO)C(=O)N[C@H](C=CS(C)(=O)=O)Cc1ccc(CN)cc1,DOWN,P25043
CC(C)C(NC(=O)OCc1ccccc1)C(=O)NC(Cc1ccccc1)C(=O)NC(C=O)CC1CCNC1=O,O=C(N[C@@H](Cc1ccccc1)C(=O)N[C@@H](C[C@@H]1CCNC1=O)C(O)S(=O)(=O)[O-])OCc1ccccc1,UP,P0DTD1
CC(C)C[C@H](NC(=O)OCC12C[C@H]3C[C@@H](C1)C[C@@H](C2)C3)C(=O)N[C@@H](C[C@@H]1CCNC1=O)C(O)S(=O)(=O)O,COc1cccc(c12)[nH]c(c2)C(=O)N[C@@H](CC(C)C)C(=O)N[C@@H](C[C@@H]3CCNC3=O)C(=O)c(s4)nc(c45)cccc5,DOWN,P0DTD1
CC(C)C[C@H](NC(=O)OC[C@H]1C[C@H]2C=CC[C@H](C2)C1)C(=O)N[C@@H](C[C@@H]1CCNC1=O)C(=O)S(=O)(=O)O,CC(C)C[C@H](NC(=O)O[C@H]1CC[C@H](c2ccccc2)CC1)C(=O)N[C@@H](C[C@@H]1CCNC1=O)C(O)S(=O)(=O)O,UP,P0DTD1
CC(C)C[C@H](NC(=O)OC[C@H]1C[C@H]2CCC[C@H](C2)C1)C(=O)N[C@@H](C[C@@H]1CCNC1=O)C(O)S(=O)(=O)O,CC(C)C[C@H](NC(=O)O[C@H]1CC[C@H](c2ccccc2)CC1)C(=O)N[C@@H](C[C@@H]1CCNC1=O)C(O)S(=O)(=O)O,UP,P0DTD1
CC(C)CC(NC(=O)C(NC(=O)OCc1ccccc1)C(C)C)C(=O)NC(C=O)CC1CCNC1=O,CC(C)C[C@H](NC(=O)OC[C@@H]1C[C@H]2CCC[C@H](C2)C1)C(=O)N[C@H](C=O)C[C@@H]1CCNC1=O,DOWN,P0DTD1
ClCC(=O)N1CCN(Cc2ccc(Cl)s2)CC1,ClCC(=O)N1CCN(Cc2cccs2)CC1,UP,P0DTD1
CC(C)C(NC(=O)OCc1ccccc1)C(=O)NC(Cc1ccccc1)C(=O)NC(C=O)CC1CCNC1=O,CC(C)C[C@H](NC(=O)OCc1ccccc1)C(=O)N[C@@H](C[C@@H]1CCNC1=O)C(=O)C(=O)NCc1ccccc1,DOWN,P0DTD1
CC(C)(C)OC(=O)Nc1cccn(C(CC2CC2)C(=O)NC(CC2CCNC2=O)C(=O)C(=O)NCc2ccccc2)c1=O,O=C1NCC[C@H]1C[C@@H](C(=O)C(=O)NC2CC2)NC(=O)[C@H](CC(C)C)NC(=O)OCc3ccccc3,UP,P0DTD1
CSC1=C(N2[C@@H]([C@@H]([C@@H](C)O)C2=O)[C@H]1C)C(O)=O,C[C@@H](O)[C@@H]1[C@H]2[C@@H](C)C(S[C@@H]3CN[C@H](CNS(N)(=O)=O)C3)=C(N2C1=O)C(O)=O,UP,I6Y9J2
O[C@@H]1[C@@H](COP(O)(=O)OP(O)(=O)NP(O)(O)=O)O[C@H]([C@@H]1O)n1cnc2c1nc(NCCCNC(=O)C=C)[nH]c2=O,O[C@@H]1[C@@H](COP(O)(=O)OP(O)(=O)OP(O)(O)=O)O[C@H]([C@@H]1O)n1cnc2c1nc(NCCCNC(=O)C=C)[nH]c2=O,DOWN,P32939
CO\N=C(\C(=O)N[C@H]1[C@H]2SCC(COC(C)=O)=C(N2C1=O)C(O)=O)c1csc(N)n1,Nc1nc(cs1)C(=N\OCC(O)=O)\C(=O)N[C@H]1[C@H]2SCC(C=C)=C(N2C1=O)C(O)=O,UP,P08149
CC(C)C[C@H](NC(=O)OC[C@H]1C[C@H]2C=C[C@@H]1C2)C(=O)N[C@@H](C[C@@H]1CCNC1=O)C(O)S(=O)(=O)O,c1ccccc1OC(=O)N[C@@H](CC(C)C)C(=O)N[C@@H](CC(C)C)C(=O)N[C@@H](C[C@@H]2CCNC2=O)C(=O)C(=O)NC3CC3,UP,P0DTD1
C=CC(=O)Nc1cc(-c2c[nH]c3ncnc(Nc4ccc(OCc5ccccn5)c(Cl)c4)c23)ccc1OCCN(C)C,C=CC(=O)Nc1cc(-c2c[nH]c3ncnc(Nc4ccc(OCc5ccccn5)c(Cl)c4)c23)ccc1OCCO,UP,P00533
CC(=O)N[C@H](CC(C)C)C(=O)N[C@@H](CC(C)C)C(=O)N[C@@H](CC(C)C)C(=O)C1(C)CO1,CCCC[C@H](NC(=O)[C@@H]1CC(F)(F)CN1C(=O)[C@H](C)NC(=O)CN=[N+]=[N-])C(=O)N[C@@H](CC(C)C)C(=O)C1(C)CO1,UP,P25043
CCC[C@H]1CC[C@H](COC(=O)N[C@@H](CC(C)C)C(=O)N[C@@H](C[C@@H]2CCNC2=O)C(O)S(=O)(=O)O)CC1,COc1cccc2[nH]c(C(=O)N[C@@H](CC(C)C)C(=O)N[C@H](C#N)C[C@@H]3CCNC3=O)cc12,UP,P0DTD1
FC(F)(F)c1ccc(nc1)Oc2cccc(c2)CC3CCN(CC3)C(=O)Nc4cccnc4,O=C(Nc1cccnc1)N1CCN(c2nc(-c3ccccc3)ns2)CC1,UP,P97612
CC(C)CC(NC(=O)OCc1ccc(F)cc1)C(=O)NC(CC1CCNC1=O)C(O)S(=O)(=O)O,CC(C)C[C@H](NC(=O)OC(C)(C)C1CCC(F)(F)CC1)C(=O)N[C@@H](C[C@@H]1CCNC1=O)C(O)S(=O)(=O)O,UP,P0DTD1
CC(C)C[C@H](NC(=O)OCc1ccccc1)C(=O)N[C@@H](C[C@@H]1CCNC1=O)[C@@H](O)S(O)(=O)=O,COc1cccc2[nH]c(C(=O)N[C@@H](CC(C)C)C(=O)N[C@H](C#N)C[C@@H]3CCNC3=O)cc12,UP,P0DTD1
CC1=C(C(=O)N[C@H](C)C(=O)N[C@@H](Cc2c[nH]c3ccccc23)C(=O)NC(Cc2ccccc2)C(=O)[C@@]2(C)CO2)Cc2ccccc21,COc1ccc(C[C@H](NC(=O)[C@@H](C)NC(=O)C2=CC3=CCC=CC3=C2C)C(=O)N[C@@H](Cc2ccccc2)C(=O)[C@@]2(C)CO2)cc1,UP,P28074
F[C@@H]1CN[C@@H](C1)C(=O)N[C@@H](Cc1ccc(cc1)-c1ccc(cc1)C#N)C#N,N#Cc1ccc(-c2ccc(CC(C#N)NC(=O)C3CC(O)CCN3)cc2)cc1,UP,P53634
C.CC(C)C.NC(CC1CCCCC1)C(=O)NC(C=O)CC1CCNC1=O.O=COCc1ccccc1,CC(C)C[C@H](NC(=O)OCc1ccccc1)C(=O)N[C@@H](C[C@@H]1CCNC1=O)[C@H](O)S(=O)(=O)O,UP,P0DTD1
CC(=O)N[C@H](Cc1ccccc1)C(=O)N1CCC[C@H]1C(=O)N[C@@H](CCCNC(N)=N)B(O)O,N=C(N)NCCC[C@H](NC(=O)[C@@H]1CCCN1C(=O)[C@@H](N)Cc1ccccc1)C(=O)CCl,UP,P00734
CC(C)C(NC(=O)OCc1ccccc1)C(=O)NC(CC1CCCCC1)C(=O)NC(C=O)CC1CCNC1=O,CC(C)C[C@H](NC(=O)OC[C@H]1C[C@H]2CCC[C@H](C2)C1)C(=O)N[C@H](C=O)C[C@@H]1CCNC1=O,DOWN,P0DTD1
O[C@@H]1[C@@H](COP(O)(O)=O)O[C@H]([C@@H]1F)n1c(I)cc(=O)[nH]c1=O,O[C@H]1[C@@H](O)[C@@H](O[C@@H]1COP(O)(O)=O)n1cc(F)c(=O)[nH]c1=O,UP,P11172
COc1cccc(c12)[nH]c(c2)C(=O)N[C@@H](CC(C)C)C(=O)N[C@@H](C[C@@H]3CCNC3=O)C(=O)COC(=O)c4ccccc4C#N,O=C1NCC[C@H]1C[C@@H](C(=O)C(=O)NC2CC2)NC(=O)[C@H](CC(C)C)NC(=O)OCc3ccccc3,UP,P0DTD1
CC(C)CC(NC(=O)OCc1ccccc1)C(=O)NC(CC1CCNC1=O)C(O)S(=O)(=O)O,c1cccc(c12)[nH]c(c2)C(=O)N[C@@H](CC3CCCCC3)C(=O)N[C@H](C=O)C[C@@H]4CCNC4=O,DOWN,P0DTD1
CC(C)(C)OC(=O)Nc1cccn(C(CC2CC2)C(=O)NC(CC2CCNC2=O)C(=O)C(=O)NCc2ccccc2)c1=O,CC(C)C[C@H](NC(=O)OCC1=CC=CC=C1)C(=O)N[C@@H](C[C@@H]1CCNC1=O)[C@H](O)S(O)(=O)=O,UP,P0DTD1
C.CC(C)C.CC(C)CC(N)C(=O)NC(C=O)CC1CCNC1=O.O=COCc1ccccc1,O=C(N[C@@H](Cc1ccccc1)C(=O)N[C@@H](C[C@@H]1CCNC1=O)C(O)S(=O)(=O)[O-])OCc1ccccc1,UP,P0DTD1
CC(C)[C@H](NC(=O)[C@H](CCC(O)=O)NC(=O)[C@H](CC(O)=O)NC(=O)OCc1ccccc1)C(=O)NN(CC(O)=O)C(=O)[C@H]1O[C@@H]1C(=O)NCc1ccccc1,CC[C@H](C)[C@H](NC(=O)OCc1ccccc1)C(=O)N[C@@H](CCC(O)=O)C(=O)N[C@@H]([C@@H](C)O)C(=O)NN(CC(O)=O)C(=O)[C@H]1O[C@@H]1C(=O)N[C@@H](C)C(=O)NCc1ccccc1,DOWN,P42574
COc1cc(OC)c(Cl)c(c1Cl)COc2cnc(nc2)Nc3c(NC(=O)C=C)cc(Cl)cc3Cl,COc1cc(cc(c1)OC)CCc2cc([nH]n2)NC(=O)c3ccccc3NC(=O)C=C,UP,P22455
CCOC(=O)C=C[C@H](C[C@@H]1CCNC1=O)NC(=O)[C@@H](NC(=O)[C@@H](NC(=O)OC(C)(C)C)C(C)C)c1ccccc1,O=C1NCC[C@H]1C[C@@H](/C=C/C(=O)OCC)NC(=O)[C@H](CC=C(C)C)CC(=O)[C@H](C(C)C)NC(=O)c2cc(on2)C,DOWN,P0C6X7
CC(C)C[C@H](NC(=O)OCc1c(F)c(F)c(F)c(F)c1F)C(=O)N[C@@H](C[C@@H]1CCNC1=O)C(O)S(=O)(=O)O,Cc1onc(c1)C(=O)N[C@@H](C)C(=O)N[C@@H](C(C)C)C(=O)N[C@@H](CC(C)C)C(=O)N[C@@H](C[C@@H]2CCNC2=O)/C=C\C(=O)OCc3ccccc3,UP,P0DTD1
CC(=O)N1CCC[C@H]1C(=O)N[C@@H](C)C(=O)N[C@@H](CC(C)C)C(=O)C1(C)CO1,CC[C@H](C)[C@H](NC(=O)[C@H](C)NC(=O)[C@H](CC(C)C)NC(C)=O)C(=O)C1(C)CO1,DOWN,P25043
CO\N=C(/C(=O)N[C@H]1[C@H]2SC(C)(C)[C@@H](N2C1=O)C(O)=O)c1csc(N)n1,CO\N=C(\C(=O)N[C@H]1[C@H]2SCC(COC(C)=O)=C(N2C1=O)C(O)=O)c1csc(N)n1,DOWN,P00811
CC(C)C[C@H](NC(=O)OC[C@H]1C[C@H]2C=CC[C@H](C2)C1)C(=O)N[C@@H](C[C@@H]1CCNC1=O)C(=O)S(=O)(=O)O,O=C1NCC[C@H]1C[C@@H](C(=O)C(=O)NC2CC2)NC(=O)[C@H](CC(C)C)NC(=O)OCc3ccccc3,UP,P0DTD1
CC(=O)N1CCC[C@H]1C(=O)N[C@@H](C)C(=O)N[C@@H](CC(C)C)C(=O)C1(C)CO1,COc1ccc(C[C@H](NC(=O)[C@H](C)NC(=O)CN2CCOCC2)C(=O)N[C@@H](Cc2ccccc2)C(=O)[C@@]2(C)CO2)cc1,DOWN,P25043
CC(C)(COC(=O)NC(CC1CCCCC1)C(=O)NC(C=O)CC1CCNC1=O)c1cccc(Cl)c1,CC(C)C[C@H](NC(=O)OCc1ccccc1)C(=O)N[C@@H](C[C@@H]1CCNC1=O)[C@@H](O)S(O)(=O)=O,UP,Q83883
C=CC(=O)NC1CN(c2nc(Nc3cn(C)nc3OC)c3ncn(C)c3n2)CC1F,COc1nn(C)cc1Nc2nc(nc(c23)n(cn3)C(C)C)N4C[C@@H](F)[C@@H](C4)NC(=O)C=C,UP,P00533
CC(C)(C)OC(=O)N[C@@H](CCc(oc12)nn2)C(=O)N[C@@H](CC3CCCCC3)C(=O)N[C@H](C=O)CCC(=O)NCCCCC1,CC(C)C[C@@H]1NC(=O)O[C@H](c2cccc(Cl)c2)CCCCCNC(=O)CC[C@@H](C=O)NC1=O,UP,Q83883
COc1ccc(C[C@H](NC(=O)[C@@H](C)NC(=O)C2=CC3=CCC=CC3=C2C)C(=O)N[C@@H](Cc2ccccc2)C(=O)[C@@]2(C)CO2)cc1,C[C@@H](NC(=O)CN1CCOCC1)C(=O)N[C@@H](Cc1c[nH]c2ccccc12)C(=O)N[C@@H](Cc1ccccc1)C(=O)[C@@]1(C)CO1,UP,P28074
C=CC(=O)Nc1cccc(CNc2nc(Nc3ccc(N4CCN(C)CC4)cc3OC)ncc2Cl)c1,NC(=O)c1cnn2cccc2c1NCc1cccc(NC(=O)C=C)c1,UP,P52333
CC(C)C[C@H](NC(=O)OCc1ccccc1)C(=O)N[C@@H](CC(C)C)C(=O)N[C@@H](CC(C)C)C(=O)[C@@]1(C)CO1,CC[C@H](C)[C@H](NC(=O)[C@H](C)NC(=O)[C@H](CC(C)C)NC(C)=O)C(=O)C1(C)CO1,DOWN,P25043
CC(=O)N1CCN(CC1)C(=O)CCl,c1ccccc1N(C)C(=O)C2CCN(CC2)C(=O)CCl,DOWN,P0DTD1
CC(C)C[C@H](NC(=O)OCc1ccccc1)C(=O)N[C@@H](C[C@@H]1CCNC1=O)C(O)S(=O)(=O)O,COc1cccc2[nH]c(C(=O)N[C@@H](CC(C)C)C(=O)N[C@H](C#N)C[C@@H]3CCNC3=O)cc12,UP,P0DTD1
CC(C)C[C@H](NC(=O)OCc1ccccc1F)C(=O)N[C@@H](C[C@@H]1CCNC1=O)C(O)S(=O)(=O)O,CCC[C@H]1CC[C@H](COC(=O)N[C@@H](CC(C)C)C(=O)N[C@@H](C[C@@H]2CCNC2=O)C(O)S(=O)(=O)O)CC1,DOWN,P0DTD1
C[C@@H](O)[C@@H]1[C@H]2CC(SCCNC=N)=C(N2C1=O)C(O)=O,C[C@@H](O)[C@@H]1[C@H]2[C@@H](C)C(S[C@@H]3CN[C@@H](C3)C(=O)N(C)C)=C(N2C1=O)C(O)=O,DOWN,P0AEB2
COc1ccc(C[C@H](NC(=O)[C@H](C)NC(=O)CN2CCOCC2)C(=O)N[C@@H](CC2CCC3CCCCC3C2)C(=O)[C@@]2(C)CO2)cc1,C[C@H](NC(=O)[C@H](Cc1ccccc1)NC(=O)[C@H](Cc1ccc(-c2ccccc2)cc1)NC(=O)[C@H](Cc1ccccc1)N=[N+]=[N-])C(=O)[C@@]1(C)CO1,DOWN,P30656
CC(C)(C)[C@H](NC(=O)C(F)(F)F)C(=O)N1C[C@H]2[C@@H]([C@H]1C(=O)N[C@H](C#N)C[C@@H]1CCNC1=O)C2(C)C,CCCCC(NC(=O)C1C2C(CN1C(=O)C(NC(=O)NC1(CS(=O)(=O)C(C)(C)C)CCCCC1)C(C)(C)C)C2(C)C)C(=O)C(=O)NC1CC1,DOWN,P0DTD1
COc1cc(OC)c(Cl)c(c1Cl)COc2cnc(nc2)Nc3c(NC(=O)C=C)cccc3F,Cc1cccc(NC(=O)C=C)c1Nc2cc(ncn2)-c3cccnc3Nc4c(Cl)c(OC)cc(c4Cl)OC,UP,P22455
CC(C)C[C@H](NC(=O)[C@@H](NC(=O)c1cc2ccccc2[nH]1)C(C)C)C(=O)N[C@H](C=O)C[C@@H]1CCNC1=O,O=C1NCC[C@H]1C[C@@H](/C=C/C(=O)OCC)NC(=O)[C@H](CC=C(C)C)CC(=O)[C@H](C(C)C)NC(=O)c2cc(on2)C,DOWN,P0C6X7
CC(C)C[C@H](NC(=O)N1CCNCC1)C(=O)N[C@@H](CCc1ccccc1)\C=C\S(=O)(=O)c1ccccc1,c1ccccc1COC(=O)N[C@@H](CC(C)C)C(=O)N[C@@H]2CN(CC2=O)C(=O)[C@H](CC(C)C)NC(=O)OCc3ccccc3,DOWN,P43235
CC(C)(C)OC(=O)Nc1cccn(C(CC2CC2)C(=O)NC(CC2CCNC2=O)C(=O)C(=O)NCc2ccccc2)c1=O,CC(C)C(NC(=O)OCc1ccccc1)C(=O)NC(Cc1ccccc1)C(=O)NC(C=O)CC1CCNC1=O,UP,P0DTD1
Clc1ccc(cc1)C2(CC2)C(=O)N3C[C@@H](C[C@H]3C(=O)NC4(C#N)CC4)S(=O)(=O)c5ccccc5Cl,c1cccc(c12)OC\C=C\COc3ccc(cc3Cl)C[C@H](NC2=O)C(=O)NC4(C#N)CC4,DOWN,P07711
CC(C)C[C@H](NC(=O)OCC1CCC(F)(F)CC1)C(=O)N[C@@H](C[C@@H]1CCNC1=O)[C@H](O)S(O)(=O)=O,O=C[C@@H](C[C@@H]1CCNC1=O)NC(=O)[C@H](CC1CC1)NC(=O)OCc1cccc(F)c1,UP,P0DTD1
Cc1nc2ccccc2n1CCNC(=O)CC(C(=O)NC(C=O)CC(=O)O)C(C)C,O=CC(CC(=O)O)NC(=O)c1ccc(CNC(=O)c2ccc(Nc3cnc4ccccc4n3)cc2)nc1,DOWN,P29466
CC(C)(COC(=O)NC(CC1CCCCC1)C(=O)NC(C=O)CC1CCNC1=O)c1cccc(Cl)c1,COc1ccc(OCCCS(=O)(=O)N[C@@H](CC2CCCCC2)C(=O)N[C@@H](C[C@@H]2CCNC2=O)[C@H](O)S(O)(=O)=O)cc1,DOWN,Q83883
C=C(F)C(=O)Nc1cccc(C)c1Nc1ncc(OCc2c(Cl)c(OC)cc(OC)c2Cl)cn1,COc1cc(OC)c(Cl)c(c1Cl)COc2cnc(nc2)Nc3c(NC(=O)C=C)cccc3C,UP,P22455
CC(=O)N1CCN(CC1)C(=O)CCl,Fc1ccc(cc1)[C@H]2CN(CCO2)C(=O)CCl,UP,P0DTD1
CC(C)C[C@H](NC(=O)OCC1=CC=CC=C1)C(=O)N[C@@H](C[C@@H]1CCNC1=O)[C@H](O)S(O)(=O)=O,CCC[C@H]1CC[C@H](OC(=O)N[C@@H](CC(C)C)C(=O)N[C@@H](C[C@@H]2CCNC2=O)C(O)S(=O)(=O)O)CC1,DOWN,P0DTD1
C[C@H]1[C@@H](O)[C@@H](O)[C@H](O)C2[C@@H]1N2C(=O)c1ccccc1,O=C(C)N1[C@@H]([C@@H]12)[C@@H](C)[C@@H](O)[C@@H](O)[C@@H]2O,UP,Q8A3I4
CC(C)CC(NC(=O)OC(C)C1CCC(F)(F)CC1)C(=O)NC(C=O)CC1CCNC1=O,CC(C)C[C@H](NC(=O)OC[C@H]1C[C@H]2C=CC[C@H](C2)C1)C(=O)N[C@@H](C[C@@H]1CCNC1=O)C(=O)S(=O)(=O)O,DOWN,P0DTD1
CC(C)C[C@H](NC(=O)OC1CCC(C)(C)CC1)C(=O)N[C@@H](C[C@@H]1CCNC1=O)C(O)S(=O)(=O)O,COc1cccc2[nH]c(C(=O)N[C@@H](CC(C)C)C(=O)N[C@H](C#N)C[C@@H]3CCNC3=O)cc12,UP,P0DTD1
OS(=O)(=O)ON1[C@H]2CN([C@@H](CC2)C(=O)NNC(=O)[C@@H]2CCNC2)C1=O,[C@@H]12CC[C@@H](C(=O)N)N(C1)C(=O)N2OS([O-])(=O)=O,UP,Q9F663
Cc1ccc(cc1)S(=O)(=O)NCc1cn(CB(O)OP(O)(O)=O)nn1,O=P([O-])([O-])OB(O)Cn1cc(nn1)-c2ccsc2,UP,Q6DRA1
CO\N=C(\C(=O)N[C@H]1[C@H]2SCC(COC(C)=O)=C(N2C1=O)C(O)=O)c1csc(N)n1,OC(=O)C1=C(C[n+]2ccccc2)CS[C@@H]2[C@H](NC(=O)Cc3cccs3)C(=O)N12,UP,P00808
C.CC(C)C.NC(CC1CCCCC1)C(=O)NC(C=O)CC1CCNC1=O.O=COCc1ccccc1,CC(C)C[C@H](NC(=O)O[C@H]1CC[C@H](c2ccccc2)CC1)C(=O)N[C@@H](C[C@@H]1CCNC1=O)C(O)S(=O)(=O)O,UP,P0DTD1
O=C1NCC[C@H]1C[C@@H](/C=C/C(=O)C)NC(=O)[C@H](CC(C)C)NC(=O)[C@H](CNC(=O)C(C)(C)C)NC(=O)OCc2ccccc2,c1ccccc1COC(=O)N[C@@H]([C@@H](C)OC(C)(C)C)C(=O)N[C@@H](CC2CCCCC2)C(=O)N[C@H](C=O)C[C@@H]3CCNC3=O,DOWN,P0C6X7
CC(C)CC(NC(=O)OC(C)C1CCC(F)(F)CC1)C(=O)NC(C=O)CC1CCNC1=O,CC(C)C[C@H](NC(=O)OCc1c(F)c(F)c(F)c(F)c1F)C(=O)N[C@@H](C[C@@H]1CCNC1=O)C(O)S(=O)(=O)O,DOWN,P0DTD1
COc1cccc2[nH]c(C(=O)NC(CC(C)C)C(=O)NC(CC3CCNC3=O)C(=O)c3nc4ccccc4s3)cc12,COc1cccc2[nH]c(C(=O)N[C@@H](CC(C)C)C(=O)N[C@H](C#N)C[C@@H]3CCNC3=O)cc12,UP,P0DTD1
CC(C)C[C@H](NC(=O)OCC1=CC=CC=C1)C(=O)N[C@@H](C[C@@H]1CCNC1=O)[C@H](O)S(O)(=O)=O,COc1cccc2[nH]c(C(=O)N[C@@H](CC(C)C)C(=O)N[C@H](C=O)C[C@@H]3CCNC3=O)cc12,DOWN,P0DTD1
CC(C)C[C@H](NC(=O)OCC12C[C@H]3C[C@@H](C1)C[C@@H](C2)C3)C(=O)N[C@@H](C[C@@H]1CCNC1=O)C(O)S(=O)(=O)O,c1ccccc1OC(=O)N[C@@H](CC(C)C)C(=O)N[C@@H](CC(C)C)C(=O)N[C@@H](C[C@@H]2CCNC2=O)C(=O)C(=O)NC3CC3,UP,P0DTD1
CC(C)(C)OC(=O)Nc1cccn(C(CC2CC2)C(=O)NC(CC2CCNC2=O)C(=O)C(=O)NCc2ccccc2)c1=O,c1ccccc1COC(=O)N[C@@H]([C@@H](C)OC(C)(C)C)C(=O)N[C@@H](CC2CCCCC2)C(=O)N[C@H](C=O)C[C@@H]3CCNC3=O,DOWN,P0DTD1
CC(C)C(NC(=O)OCc1ccccc1)C(=O)NC(Cc1ccccc1)C(=O)NC(C=O)CC1CCNC1=O,CC(C)C[C@H](NC(=O)OCC1=CC=CC=C1)C(=O)N[C@@H](C[C@@H]1CCNC1=O)[C@H](O)S(O)(=O)=O,UP,P0DTD1
CC(C)C[C@H](NC(=O)OCc1ccccc1)C(=O)N[C@@H](C[C@@H]1CCNC1=O)C(O)S(=O)(=O)O,COc1cccc(c12)[nH]c(c2)C(=O)N[C@@H](CC(C)C)C(=O)N[C@@H](C[C@@H]3CCNC3=O)C(=O)c(s4)nc(c45)cccc5,DOWN,P0DTD1
ClCC(=O)N1CCN(CC1)S(=O)(=O)c2ccccc2C#N,Fc1cccc(F)c1S(=O)(=O)N2CCN(CC2)C(=O)CCl,DOWN,P0DTD1
CC(C)C[C@H](NC(=O)OCc1ccccc1)C(=O)N[C@@H](C[C@@H]1CCNC1=O)[C@@H](O)S(O)(=O)=O,c1ccccc1OC(=O)N[C@@H](CC(C)C)C(=O)N[C@@H](CC(C)C)C(=O)N[C@@H](C[C@@H]2CCNC2=O)C(=O)C(=O)NC3CC3,UP,P0DTD1
CC(C)CC(NC(=O)OC(C)C1CCC(F)(F)CC1)C(=O)NC(C=O)CC1CCNC1=O,CC(C)C[C@H](NC(=O)O[C@H]1CC[C@H](c2ccccc2)CC1)C(=O)N[C@@H](C[C@@H]1CCNC1=O)C(O)S(=O)(=O)O,DOWN,P0DTD1
CC(C)C[C@H](NC(=O)OC[C@@H]1C[C@H]2C=CC[C@H](C2)C1)C(=O)N[C@@H](C[C@@H]1CCNC1=O)C(=O)S(=O)(=O)O,O=C1NCC[C@H]1C[C@@H](C(=O)C(=O)NC2CC2)NC(=O)[C@H](CC(C)C)NC(=O)OCc3ccccc3,UP,P0DTD1
ClCC(=O)N1CCN(CC1)S(=O)(=O)c2ccccc2C#N,Fc1ccccc1S(=O)(=O)N2CCN(CC2)C(=O)CCl,DOWN,P0DTD1
COc1cccc(c12)[nH]c(c2)C(=O)N[C@@H](CC(C)C)C(=O)N[C@@H](C[C@@H]3CCNC3=O)C(=O)COC(=O)c4ccccc4C#N,COc1cccc(c12)[nH]c(c2)C(=O)N[C@@H](CC(C)C)C(=O)N[C@@H](C[C@@H]3CCNC3=O)C(=O)c(s4)nc(c45)cccc5,UP,P0DTD1
CC(C)C[C@H](NC(=O)OC[C@H]1C[C@H]2C=CC[C@H](C2)C1)C(=O)N[C@@H](C[C@@H]1CCNC1=O)C(=O)S(=O)(=O)O,CC(C)C[C@H](NC(=O)OCc1cccc(F)c1)C(=O)N[C@@H](C[C@@H]1CCNC1=O)C(O)S(=O)(=O)O,UP,P0DTD1
CC(C)CC(NC(=O)OCc1ccccc1)C(=O)NC(CC1CCNC1=O)C(O)S(=O)(=O)O,O=C1NCC[C@H]1C[C@@H](C(=O)C(=O)NC2CC2)NC(=O)[C@H](CC(C)C)NC(=O)OCc3ccccc3,UP,P0DTD1
CC(C)(C)OC(=O)Nc1cccn(C(CC2CC2)C(=O)NC(CC2CCNC2=O)C(=O)C(=O)NCc2ccccc2)c1=O,CC(C)C[C@H](NC(=O)OCc1cccc(F)c1)C(=O)N[C@@H](C[C@@H]1CCNC1=O)C(O)S(=O)(=O)O,UP,P0DTD1
CC(C)Nc1cnc(-c2ccc(Cl)c(Cl)c2)n(CC(=O)N[C@@H](CCCNC(N)=N)C(=O)c2nccs2)c1=O,CSc1ncc(NCc2ccccc2)c(=O)n1CC(=O)N[C@@H](CCCNC(N)=N)C(=O)c1nccs1,DOWN,P03951
CC(C)C[C@H](NC(=O)OC[C@@H]1C[C@H]2CCC[C@H](C2)C1)C(=O)N[C@H](C=O)C[C@@H]1CCNC1=O,COc1cccc(c12)[nH]c(c2)C(=O)N[C@@H](CC(C)C)C(=O)N[C@@H](C[C@@H]3CCNC3=O)C(=O)COC(=O)c4ccccc4C#N,DOWN,P0DTD1
Cc1cccc(CN2CCN(CC2)C(=O)CCl)c1,c1cccc(c12)[C@@H](CN(C2)C(=O)CCl)c3ccccc3,UP,P0DTD1
CC(C)C[C@H](NC(=O)OC[C@@H]1C[C@H]2C=CC[C@H](C2)C1)C(=O)N[C@@H](C[C@@H]1CCNC1=O)C(=O)S(=O)(=O)O,O=C(N[C@@H](Cc1ccccc1)C(=O)N[C@@H](C[C@@H]1CCNC1=O)C(O)S(=O)(=O)[O-])OCc1ccccc1,UP,P0DTD1
CC(=O)N1CCC[C@H]1C(=O)N[C@@H](CC(C)C)C(=O)N[C@@H](CC(C)C)C(=O)C1(C)CO1,COc1ccc(C[C@H](NC(=O)[C@H](C)NC(=O)CN2CCOCC2)C(=O)N[C@@H](Cc2ccccc2)C(=O)[C@@]2(C)CO2)cc1,DOWN,P25043
C=CC(=O)Nc(c1)ccc(c12)ncnc2Nc3cccc(Br)c3,COc1cc2ncnc(Nc3ccc(F)c(Cl)c3)c2cc1NC(=O)\C=C\CN1CCCCC1,UP,P00533
CC(C)C[C@H](NC(=O)OCc1ccccc1)C(=O)N[C@@H](C[C@@H]1CCNC1=O)C(=O)S(=O)(=O)[O-],CCC[C@H]1CC[C@H](COC(=O)N[C@@H](CC(C)C)C(=O)N[C@@H](C[C@@H]2CCNC2=O)C(O)S(=O)(=O)O)CC1,DOWN,P0DTD1
C1COCCN1C(=O)N[C@@H](Cc2ccccc2)C(=O)N[C@@H](CCc3ccccc3)/C=C/S(=O)(=O)c4ccccc4,c1ccccc1CC(=O)N[C@@H](CCc2ccccc2)/C=C/S(=O)(=O)c3ccccc3,DOWN,Q95PM0
CC(C)C[C@H](NC(=O)OCc1ccc(F)cc1)C(=O)N[C@@H](C[C@@H]1CCNC1=O)C(O)S(=O)(=O)O,c1ccccc1OC(=O)N[C@@H](CC(C)C)C(=O)N[C@@H](CC(C)C)C(=O)N[C@@H](C[C@@H]2CCNC2=O)C(=O)C(=O)NC3CC3,UP,P0DTD1
Cc1ccc(C)c(c1)S(=O)(=O)N2CCN(CC2)C(=O)CCl,c1ccccc1N(C)C(=O)C2CCN(CC2)C(=O)CCl,DOWN,P0DTD1
CC(C)C[C@H](NC(=O)OCc1c(F)c(F)c(F)c(F)c1F)C(=O)N[C@@H](C[C@@H]1CCNC1=O)C(O)S(=O)(=O)O,O=C1NCC[C@H]1C[C@@H](/C=C/C(=O)OCC)NC(=O)[C@H](CC(C)C)NC(=O)[C@H]([C@@H](C)OC(C)(C)C)NC(=O)OCc2ccccc2,DOWN,P0DTD1
CC(C)CC(NC(=O)OCc1ccccc1)C(=O)NC(CC1CCNC1=O)C(O)S(=O)(=O)O,O=C1NCC[C@H]1C[C@@H](/C=C/C(=O)OCC)NC(=O)[C@H](CC(C)C)NC(=O)[C@H]([C@@H](C)OC(C)(C)C)NC(=O)OCc2ccccc2,DOWN,P0DTD1
CC(C)N(C)C(=O)C1CCN(CC1)C(=O)CCl,ClCC(=O)N1CCN(CC1)S(=O)(=O)c2ccc(Cl)cc2,DOWN,P0DTD1
CC(C)C[C@H](NC(=O)OC[C@H]1C[C@H]2CCC[C@H](C2)C1)C(=O)N[C@@H](C[C@@H]1CCNC1=O)C(O)S(=O)(=O)O,O=C1NCC[C@H]1C[C@@H](C(=O)C(=O)NC2CC2)NC(=O)[C@H](CC(C)C)NC(=O)OCc3ccccc3,UP,P0DTD1
CCCCOP(O)(=O)OC[C@@H]1O[C@H]([C@H](F)[C@H]1O)[n+]1cccc(c1)C(N)=O,O[C@H]1O[C@H](COP(O)(S)=O)[C@@H](O)[C@@H]1F,UP,P28907
CC(=O)N[C@@H](CC(C)C)C(=O)N[C@@H](C)C(=O)N[C@@H](CC(C)C)C(=O)C1(C)CO1,C[C@@H](NC(=O)CN1CCOCC1)C(=O)N[C@@H](Cc1c[nH]c2ccccc12)C(=O)N[C@@H](Cc1ccccc1)C(=O)[C@@]1(C)CO1,UP,P25043
CC(C)(C)OC(=O)Nc1cccn(C(CC2CC2)C(=O)NC(CC2CCNC2=O)C(=O)C(=O)NCc2ccccc2)c1=O,CC(C)C[C@H](NC(=O)OCc1ccccc1)C(=O)N[C@@H](C[C@@H]1CCNC1=O)C(=O)S(=O)(=O)[O-],UP,P0DTD1
CC(C)C[C@H](NC(=O)[C@H](Cc1ccccc1)N=[N+]=[N-])C(=O)NCC(=O)N[C@H](C=CS(C)(=O)=O)Cc1ccc(CN)cc1,CC(C)C[C@H](NC(=O)[C@H](Cc1ccccc1)N=[N+]=[N-])C(=O)N[C@@H](C)C(=O)N[C@H](C=CS(C)(=O)=O)Cc1ccc(CN)cc1,UP,P25043
COc1cccc(c12)[nH]c(c2)C(=O)N[C@@H](CC(C)C)C(=O)N[C@@H](C[C@@H]3CCNC3=O)C(=O)COC(=O)c4ccccc4C#N,O=C1NCC[C@H]1C[C@@H](/C=C/C(=O)OCC)NC(=O)[C@H](CC(C)C)NC(=O)[C@H]([C@@H](C)OC(C)(C)C)NC(=O)OCc2ccccc2,DOWN,P0DTD1
CC(C)C[C@H](NC(=O)OCc1ccccc1)C(=O)N[C@@H](C[C@@H]1CCNC1=O)C(=O)S(=O)(=O)[O-],c1ccccc1OC(=O)N[C@@H](CC(C)C)C(=O)N[C@@H](CC(C)C)C(=O)N[C@@H](C[C@@H]2CCNC2=O)C(=O)C(=O)NC3CC3,UP,P0DTD1
ClCC(=O)N1CCC(CC1)C(=O)N2CCCCC2,Fc1cccc(F)c1S(=O)(=O)N2CCN(CC2)C(=O)CCl,DOWN,P0DTD1
C.CC(C)C.NC(Cc1ccccc1)C(=O)NC(C=O)CC1CCNC1=O.O=COCc1ccccc1,c1ccccc1OC(=O)N[C@@H](CC(C)C)C(=O)N[C@@H](CC(C)C)C(=O)N[C@@H](C[C@@H]2CCNC2=O)C(=O)C(=O)NC3CC3,UP,P0DTD1
CC(C)(C)OC(=O)Nc1cccn(C(CC2CC2)C(=O)NC(CC2CCNC2=O)C(=O)C(=O)NCc2ccccc2)c1=O,O=C(N[C@@H](Cc1ccccc1)C(=O)N[C@@H](C[C@@H]1CCNC1=O)C(O)S(=O)(=O)[O-])OCc1ccccc1,UP,P0DTD1
CC(C)C[C@H](NC(=O)OC[C@@H]1C[C@H]2CCC[C@H](C2)C1)C(=O)N[C@H](C=O)C[C@@H]1CCNC1=O,CCOC(=O)C=C[C@H](C[C@@H]1CCNC1=O)NC(=O)[C@@H](CC(=O)[C@@H](NC(=O)c1cc(C)on1)C(C)C)Cc1ccc(F)cc1,UP,P0DTD1
COc1cccc(c12)[nH]c(c2)C(=O)N[C@@H](CC(C)C)C(=O)N[C@@H](C[C@@H]3CCNC3=O)C(=O)COC(=O)c4ccccc4C#N,c1ccccc1COC(=O)N[C@@H]([C@@H](C)OC(C)(C)C)C(=O)N[C@@H](CC2CCCCC2)C(=O)N[C@H](C=O)C[C@@H]3CCNC3=O,DOWN,P0DTD1
CC(=O)N1CCC[C@H]1C(=O)N[C@@H](CC(C)C)C(=O)N[C@@H](CC(C)C)C(=O)C1(C)CO1,CC[C@H](C)[C@H](NC(=O)[C@H](C)NC(=O)[C@H](CC(C)C)NC(C)=O)C(=O)C1(C)CO1,DOWN,P25043
C=CC(=O)Nc(c1)ccc(c12)ncnc2Nc3cccc(Br)c3,CC(=O)N1CCN(CC1)c2ccc(c(c2)OC)Nc3ncc(C(F)(F)F)c(n3)Nc4cccc(c4)NC(=O)C=C,DOWN,P00533
CC(C)C[C@H](NC(=O)OCC1=CC=CC=C1)C(=O)N[C@@H](C[C@@H]1CCNC1=O)[C@H](O)S(O)(=O)=O,CC(C)[C@H](NC(=O)OCc1ccccc1)C(=O)N[C@@H](CC1CCCCC1)C(=O)N[C@H](C=O)Cc1ccc[nH]c1=O,UP,P0DTD1
CC(C)C[C@H](NC(=O)OC[C@@H]1C[C@H]2C=CC[C@H](C2)C1)C(=O)N[C@@H](C[C@@H]1CCNC1=O)C(=O)S(=O)(=O)O,c1ccccc1COC(=O)N[C@@H]([C@@H](C)OC(C)(C)C)C(=O)N[C@@H](CC2CCCCC2)C(=O)N[C@H](C=O)C[C@@H]3CCNC3=O,DOWN,P0DTD1
CC1(C)S[C@@H]2[C@H](NC(=O)Cc3ccccc3)C(=O)N2[C@H]1C(O)=O,OC(=O)C1=C(C[n+]2ccccc2)CS[C@@H]2[C@H](NC(=O)Cc3cccs3)C(=O)N12,DOWN,P00808
COc1cccc(c12)[nH]c(c2)C(=O)N[C@@H](CC(C)C)C(=O)N[C@@H](C[C@@H]3CCNC3=O)C(=O)c(s4)nc(c45)cccc5,COc1cccc2[nH]c(C(=O)N[C@@H](CC(C)C)C(=O)N[C@H](C#N)C[C@@H]3CCNC3=O)cc12,UP,P0DTD1
CC1(C)S[C@@H]2[C@H](NC(=O)COc3ccccc3)C(=O)N2[C@H]1C(O)=O,Cc1onc(c1C(=O)N[C@H]1[C@H]2SC(C)(C)[C@@H](N2C1=O)C(O)=O)-c1c(Cl)cccc1Cl,UP,C8W8H7
CC(C)C[C@H](NC(=O)OCc1ccccc1F)C(=O)N[C@@H](C[C@@H]1CCNC1=O)C(O)S(=O)(=O)O,COc1cccc2[nH]c(C(=O)N[C@@H](CC(C)C)C(=O)N[C@H](C#N)C[C@@H]3CCNC3=O)cc12,UP,P0DTD1
CC(C)C[C@H](NC(=O)OC[C@@H]1C[C@H]2CCC[C@H](C2)C1)C(=O)N[C@H](C=O)C[C@@H]1CCNC1=O,CSCC[C@@H](C=O)NC(=O)[C@H](CC(C)C)NC(=O)[C@H](CC(C)C)NC(=O)C,UP,P0DTD1
OB(O)[C@@H](C)NC(=O)c1c(F)cccc1-c2ccccc2,OB(O)[C@@H](C)NC(=O)c1ccccc1Cc2ccccc2,UP,Q7CRA4
NC(=N)CCCC[C@@H]1[C@@H]2CCC[C@H]2OC1=O,NC(=N)CCCC[C@@H]1[C@@H]2[C@H](Cc3ccc(cc23)-c2ccc(O)cc2)OC1=O,UP,P01050
CC(=O)N[C@H](Cc1ccccc1)C(=O)N1CCC[C@H]1C(=O)N[C@@H](CCCCN)B(O)O,N=C(N)NCCC[C@H](NC(=O)[C@@H]1CCCN1C(=O)[C@@H](N)Cc1ccccc1)C(=O)CCl,UP,P00734
CC(C)(C)OC(=O)N[C@@H](CCc(oc12)nn2)C(=O)N[C@@H](CC3CCCCC3)C(=O)N[C@H](C=O)CCC(=O)NCCCC1,c1ccccc1COC(=O)N[C@@H](Cc(cn23)nn3)C(=O)N[C@@H](CC(C)C)C(=O)N[C@H](C=O)CCC(=O)NCCC2,UP,Q83883
CC[C@H](C)[C@H](NC(=O)[C@H]1O[C@@H]1C(=O)NCc1ccccc1)C(=O)N1CCC[C@H]1C(O)=O,COC(=O)CNC(=O)CNC(=O)[C@H](CC(C)C)NC(=O)[C@H]1O[C@@H]1C(=O)N[C@@H](CC(C)C)C(=O)N1CCC[C@H]1C(O)=O,DOWN,P07688
COc1ccc(C[C@H](NC(=O)[C@@H](C)NC(=O)C2=CC3=CCC=CC3=C2C)C(=O)N[C@@H](Cc2ccccc2)C(=O)[C@@]2(C)CO2)cc1,C[C@H](NC(=O)[C@H](Cc1ccccc1)NC(=O)[C@H](Cc1ccc(-c2ccccc2)cc1)NC(=O)[C@H](Cc1ccccc1)N=[N+]=[N-])C(=O)[C@@]1(C)CO1,DOWN,P30656
CCC[C@H]1CC[C@H](OC(=O)N[C@@H](CC(C)C)C(=O)N[C@@H](C[C@@H]2CCNC2=O)C(O)S(=O)(=O)O)CC1,COc1cccc(c12)[nH]c(c2)C(=O)N[C@@H](CC(C)C)C(=O)N[C@@H](C[C@@H]3CCNC3=O)C(=O)COC(=O)c4ccccc4C#N,DOWN,P0DTD1
CC1=C(C(=O)N[C@H](C)C(=O)N[C@@H](Cc2c[nH]c3ccccc23)C(=O)NC(Cc2ccccc2)C(=O)[C@@]2(C)CO2)Cc2ccccc21,C[C@H](NC(=O)[C@H](Cc1ccccc1)NC(=O)[C@H](Cc1ccc(-c2ccccc2)cc1)NC(=O)[C@H](Cc1ccccc1)N=[N+]=[N-])C(=O)[C@@]1(C)CO1,DOWN,P30656
CC(C)CC(NC(=O)OC(C)C1CCC(F)(F)CC1)C(=O)NC(C=O)CC1CCNC1=O,O=C(N[C@@H](Cc1ccccc1)C(=O)N[C@@H](C[C@@H]1CCNC1=O)C(O)S(=O)(=O)[O-])OCc1ccccc1,UP,P0DTD1
CC(C)CC(NC(=O)c1cc2cc(OCCN3CCOCC3)ccc2o1)C(=O)NC1CCCN(C(=O)Cc2cccc(-c3ccccn3)c2)CC1=O,c1cccc(c12)cc(o2)C(=O)N[C@@H](CC(C)C)C(=O)N[C@H]3CCCN(CC3=O)S(=O)(=O)c4ccccn4,UP,P43235
CC(C)C[C@H](NC(=O)[C@@H](Cc1ccccc1)N=[N+]=[N-])C(=O)N[C@H](C(=O)N[C@H](C=CS(C)(=O)=O)Cc1ccc(CN)cc1)[C@@H](C)O,CC(C)C[C@H](NC(=O)[C@H](Cc1ccccc1)N=[N+]=[N-])C(=O)NCC(=O)N[C@H](C=CS(C)(=O)=O)Cc1ccc(CN)cc1,DOWN,Q99436
CC(C)C[C@H](NC(=O)OCC12C[C@H]3C[C@@H](C1)C[C@@H](C2)C3)C(=O)N[C@@H](C[C@@H]1CCNC1=O)C(O)S(=O)(=O)O,CC(C)C[C@H](NC(=O)OC[C@H]1C[C@H]2C=CC[C@H](C2)C1)C(=O)N[C@@H](C[C@@H]1CCNC1=O)C(=O)S(=O)(=O)O,DOWN,P0DTD1
CC(C)C[C@H](NC(=O)OCc1cccc(F)c1)C(=O)N[C@@H](C[C@@H]1CCNC1=O)C(O)S(=O)(=O)O,CC(C)C[C@H](NC(=O)O[C@H]1CC[C@H](c2ccccc2)CC1)C(=O)N[C@@H](C[C@@H]1CCNC1=O)C(O)S(=O)(=O)O,DOWN,P0DTD1
COc1ccc(C[C@H](NC(=O)[C@@H](C)NC(=O)C2=CC3=CCC=CC3=C2C)C(=O)N[C@@H](Cc2ccccc2)C(=O)[C@@]2(C)CO2)cc1,COc1ccc(C[C@H](NC(=O)[C@H](C)NC(=O)CN2CCOCC2)C(=O)N[C@@H](Cc2ccccc2)C(=O)[C@@]2(C)CO2)cc1,DOWN,P30656
CC(C)CC(NC(=O)C(NC(=O)OCc1ccccc1)C(C)C)C(=O)NC(C=O)CC1CCNC1=O,COc1cccc2[nH]c(C(=O)N[C@@H](CC(C)C)C(=O)N[C@H](C#N)C[C@@H]3CCNC3=O)cc12,UP,P0DTD1
C=CC(=O)Nc1cc(Nc2ncc(Cl)c(Nc3ccccc3S(=O)(=O)C(C)C)n2)c(OC)cc1N1CCN(CC)CC1,CC(=O)N1CCN(CC1)c2ccc(c(c2)OC)Nc3ncc(C(F)(F)F)c(n3)Nc4cccc(c4)NC(=O)C=C,DOWN,P00533
CC(C)N(C)C(=O)C1CCN(CC1)C(=O)CCl,ClCC(=O)N1CCN(CC1)S(=O)(=O)c2ccc(Cl)s2,DOWN,P0DTD1
CC(=O)N1CCC[C@@H]1C(=O)N[C@@H](C)C(=O)N[C@@H](Cc1ccccc1)C(=O)C1(C)CO1,COc1ccc(C[C@H](NC(=O)[C@H](C)NC(=O)CN2CCOCC2)C(=O)N[C@@H](Cc2ccccc2)C(=O)[C@@]2(C)CO2)cc1,DOWN,P30656
C.CC(C)C.CC(C)CC(N)C(=O)NC(C=O)CC1CCNC1=O.O=COCc1ccccc1,CC(C)C[C@H](NC(=O)OC[C@H]1C[C@H]2C=CC[C@H](C2)C1)C(=O)N[C@@H](C[C@@H]1CCNC1=O)C(=O)S(=O)(=O)O,DOWN,P0DTD1
CC(C)C(NC(=O)OCc1ccccc1)C(=O)NC(CC1CCCCC1)C(=O)NC(C=O)CC1CCNC1=O,CC(C)C[C@H](NC(=O)OC(C)(C)C1CCC(F)(F)CC1)C(=O)N[C@@H](C[C@@H]1CCNC1=O)C(O)S(=O)(=O)O,UP,P0DTD1
CC(C)C[C@H](NC(=O)OCc1ccccc1)C(=O)N[C@@H](C[C@@H]1CCNC1=O)[C@H](O)S(=O)(=O)O,c1ccccc1OC(=O)N[C@@H](CC(C)C)C(=O)N[C@@H](CC(C)C)C(=O)N[C@@H](C[C@@H]2CCNC2=O)C(=O)C(=O)NC3CC3,UP,P0DTD1
COc1cccc2[nH]c(C(=O)N[C@@H](CC(C)C)C(=O)N[C@H](C#N)C[C@@H]3CCNC3=O)cc12,O=C1NCC[C@H]1C[C@@H](/C=C/C(=O)OCC)NC(=O)[C@H](CC(C)C)NC(=O)[C@H]([C@@H](C)OC(C)(C)C)NC(=O)OCc2ccccc2,DOWN,P0DTD1
NC(=O)c1cccc(c1)-c1cn(CB(O)OP(O)(O)=O)nn1,OB(Cn1cc(nn1)-c1cccc(c1)C(O)=O)OP(O)(O)=O,DOWN,Q6DRA1
Cc1ccc(C)c(c1)S(=O)(=O)N2CCN(CC2)C(=O)CCl,Fc1ccccc1S(=O)(=O)N2CCN(CC2)C(=O)CCl,DOWN,P0DTD1
C.CC(C)C.NC(CC1CCCCC1)C(=O)NC(C=O)CC1CCNC1=O.O=COCc1ccccc1,c1ccccc1COC(=O)N[C@@H]([C@@H](C)OC(C)(C)C)C(=O)N[C@@H](CC2CCCCC2)C(=O)N[C@H](C=O)C[C@@H]3CCNC3=O,DOWN,P0DTD1
CC1(C)S[C@@H]2[C@H](NC(=O)[C@H](C(O)=O)c3ccccc3)C(=O)N2[C@H]1C(O)=O,Cn1nnnc1SCC1=C(N2[C@H](SC1)[C@H](NC(=O)[C@H](O)c1ccccc1)C2=O)C(O)=O,DOWN,P9WKD3
NC(=O)c1cccc(c1)-c1cn(CB(O)OP(O)(O)=O)nn1,OB(O)[C@H](Cn1cc(nn1)-c1cccc(c1)C(O)=O)NC(=O)Cc1cccs1,DOWN,Q6DRA1
CC(C)C[C@H](NC(=O)OCC1=CC=CC=C1)C(=O)N[C@@H](C[C@@H]1CCNC1=O)[C@H](O)S(O)(=O)=O,CC(C)C[C@H](NC(=O)OCc1ccc(F)cc1)C(=O)N[C@@H](C[C@@H]1CCNC1=O)C(O)S(=O)(=O)O,DOWN,P0DTD1
Cc1ccc(C)c(c1)S(=O)(=O)N2CCN(CC2)C(=O)CCl,Cc1ccc(cc1)C(=O)N2CCN(CC2)C(=O)CCl,DOWN,P0DTD1
CC(C)C[C@H](NC(=O)OCc1ccccc1)C(=O)N[C@@H](C[C@@H]1CCNC1=O)C(O)S(=O)(=O)O,CCOC(=O)/C=C/C(CC1CCNC1=O)NC(=O)C(CC(C)C)NC(=O)C(NC(=O)OCc1ccccc1)C(C)OC(C)(C)C,DOWN,P0DTD1
CC(C)CC(NC(=O)C(NC(=O)NC(Cc1ccccc1)C(=O)O)C1CCNC(=N)N1)C(=O)NC(C=O)Cc1ccccc1,Oc1ccc(cc1)C[C@@H](C=O)NC(=O)[C@H](CC(C)C)NC(=O)[C@@H](NC(=O)CC(C)C)Cc2ccc(O)cc2,UP,P42790
CC(=O)N1CCN(CC1)C(=O)CCl,COc1ccc(cc1)N2CCN(CC2)C(=O)CCl,DOWN,P0DTD1
CC(C)C[C@H](NC(=O)OC(C)(C)C1CCC(F)(F)CC1)C(=O)N[C@@H](C[C@@H]1CCNC1=O)C(O)S(=O)(=O)O,c1ccccc1OC(=O)N[C@@H](CC(C)C)C(=O)N[C@@H](CC(C)C)C(=O)N[C@@H](C[C@@H]2CCNC2=O)C(=O)C(=O)NC3CC3,UP,P0DTD1
C=CC(=O)Nc1cc(-c2c[nH]c3ncnc(Nc4ccc(OCc5ccccn5)c(Cl)c4)c23)ccc1OCCN(C)C,COc1cc2ncnc(Nc3ccc(F)c(Cl)c3)c2cc1NC(=O)\C=C\CN1CCCCC1,UP,P00533
O=CC(CC1CCNC1=O)NC(=O)C(Cc1ccccc1)NC(=O)OCc1ccccc1,c1ccccc1COC(=O)N[C@@H]([C@@H](C)OC(C)(C)C)C(=O)N[C@@H](CC2CCCCC2)C(=O)N[C@H](C=O)C[C@@H]3CCNC3=O,DOWN,P0DTD1
CC(C)C[C@H](NC(=O)OCC1=CC=CC=C1)C(=O)N[C@@H](C[C@@H]1CCNC1=O)[C@H](O)S(O)(=O)=O,CC(C)C[C@H](NC(=O)OC[C@@H]1C[C@H]2CCC[C@H](C2)C1)C(=O)N[C@H](C=O)C[C@@H]1CCNC1=O,DOWN,P0DTD1
C.CC(C)C.NC(Cc1ccccc1)C(=O)NC(C=O)CC1CCNC1=O.O=COCc1ccccc1,CCOC(=O)/C=C/C(CC1CCNC1=O)NC(=O)C(CC(C)C)NC(=O)C(NC(=O)OCc1ccccc1)C(C)OC(C)(C)C,DOWN,P0DTD1
CC(C)CC(NC(=O)OCc1ccc(F)cc1)C(=O)NC(CC1CCNC1=O)C(O)S(=O)(=O)O,CC(C)C[C@H](NC(=O)OCc1cccc(F)c1)C(=O)N[C@@H](C[C@@H]1CCNC1=O)C(O)S(=O)(=O)O,UP,P0DTD1
CC(C)C[C@H](NC(=O)OC[C@H]1C[C@H]2CCC[C@H](C2)C1)C(=O)N[C@H](C=O)C[C@@H]1CCNC1=O,COc1cccc2[nH]c(C(=O)N[C@@H](CC(C)C)C(=O)N[C@@H](C[C@@H]3CCCNC3=O)C(=O)COC(=O)c3c(C)cc(C)nc3C)cc12,UP,P0DTD1
N#CN1C[C@@H](CC1)NC(=O)[C@H](CC(C)C)NC(=O)OCc2ccccc2,c1cccc(c12)cc(o2)C(=O)N[C@@H](CC(C)C)C(=O)N[C@H]3CCCN(CC3=O)S(=O)(=O)c4ccccn4,UP,P43235
OS(=O)(=O)ON1[C@@H]2CN([C@H](CC2)C(=O)NNC(=O)C2CNC2)C1=O,[C@@H]12CC[C@@H](C(=O)N)N(C1)C(=O)N2OS([O-])(=O)=O,UP,Q6XEC0
Cc1ccc(cc1)S(=O)(=O)NCc1cn(CB(O)OP(O)(O)=O)nn1,NC(=O)c1cccc(c1)-c1cn(CB(O)OP(O)(O)=O)nn1,UP,Q6DRA1
CN1CCN(CCCOc2ccccc2Nc2nc(nc3n(cnc23)C2CCCC2)C#N)CC1,CN1CCN(CCn2cnc3c(NC4CCCCC4)nc(nc23)C#N)CC1,DOWN,P43235
CC(C)C[C@H](NC(=O)OCc1ccccc1)C(=O)N[C@@H](C[C@@H]1CCNC1=O)C(=O)C(=O)NCc1ccccc1,COc1cccc(c12)[nH]c(c2)C(=O)N[C@@H](CC(C)C)C(=O)N[C@@H](C[C@@H]3CCNC3=O)C(=O)COC(=O)c4ccccc4C#N,DOWN,P0DTD1
CC(C)CC(NC(=O)OCc1ccccc1)C(=O)NC(CC1CCNC1=O)C(O)S(=O)(=O)O,CC(C)C[C@H](NC(=O)OC[C@H]1C[C@H]2C=CC[C@H](C2)C1)C(=O)N[C@@H](C[C@@H]1CCNC1=O)C(=O)S(=O)(=O)O,DOWN,P0DTD1
CC(C)C[C@H](NC(=O)OC1CCC(C)(C)CC1)C(=O)N[C@@H](C[C@@H]1CCNC1=O)C(O)S(=O)(=O)O,CC(C)C[C@H](NC(=O)OCc1cccc(F)c1)C(=O)N[C@@H](C[C@@H]1CCNC1=O)C(O)S(=O)(=O)O,UP,P0DTD1
CC[C@H]1O[C@@H]1C\C=C/C\C=C/C\C=C/C\C=C/C\C=C/CCC(O)=O,CC\C=C/C[C@H]1O[C@@H]1C\C=C/C\C=C/C\C=C/CCCC(O)=O,UP,A0A0H2ZD27
CC(C)C[C@H](NC(=O)OCC1CCC(F)(F)CC1)C(=O)N[C@@H](C[C@@H]1CCNC1=O)[C@H](O)S(O)(=O)=O,O=CC(CC1CCNC1=O)NC(=O)C(Cc1ccccc1)NC(=O)OCc1ccccc1,UP,P0DTD1
COc1cccc2[nH]c(C(=O)NC(CC(C)C)C(=O)NC(CC3CCNC3=O)C(=O)c3nc4ccccc4s3)cc12,O=C[C@@H](C[C@@H]1CCNC1=O)NC(=O)[C@H](CC1CC1)NC(=O)OCc1ccccc1,UP,P0DTD1
CC(C)N(C)C(=O)C1CCN(CC1)C(=O)CCl,Fc1ccccc1S(=O)(=O)N2CCN(CC2)C(=O)CCl,DOWN,P0DTD1
CCOC(=O)C=C[C@H](C[C@@H]1CCNC1=O)NC(=O)[C@@H](NC(=O)[C@@H](NC(=O)OC(C)(C)C)C(C)C)c1ccccc1,O=C1NCC[C@H]1C[C@@H](/C=C/C(=O)OCC)NC(=O)[C@H](CC(C)C)NC(=O)[C@H](C(C)C)NC(=O)[C@H](C)NC(=O)c2cc(on2)C,DOWN,P0C6X7
COc1cc(OC)c(Cl)c(c1Cl)COc2cnc(nc2)Nc3c(NC(=O)C=C)cccc3C,Cc1cccc(NC(=O)C=C)c1Nc2cc(ncn2)-c3cccnc3Nc4c(Cl)c(OC)cc(c4Cl)OC,UP,P22455
CC(C)C[C@H](NC(=O)OCc1ccccc1F)C(=O)N[C@@H](C[C@@H]1CCNC1=O)C(O)S(=O)(=O)O,COc1cccc(c12)[nH]c(c2)C(=O)N[C@@H](CC(C)C)C(=O)N[C@@H](C[C@@H]3CCNC3=O)C(=O)COC(=O)c4ccccc4C#N,DOWN,P0DTD1
C[C@H](NC(=O)[C@H](Cc1ccccc1)NC(=O)[C@H](Cc1ccc(-c2ccccc2)cc1)NC(=O)[C@H](Cc1ccccc1)N=[N+]=[N-])C(=O)[C@@]1(C)CO1,Cc1ccc(CNC(=O)[C@H](Cc2ccccc2)NC(=O)[C@H](CC(C)C)NC(=O)[C@H](CNC(=O)CCl)NC(=O)CN2CCOCC2)cc1,UP,P30656
O=C1NCC[C@H]1C[C@@H](/C=C/C(=O)OCC)NC(=O)[C@H](Cc2ccccc2)NC(=O)[C@H](COC(C)(C)C)NC(=O)OCc3ccccc3,c1ccccc1COC(=O)N[C@@H]([C@@H](C)OC(C)(C)C)C(=O)N[C@@H](CC2CCCCC2)C(=O)N[C@H](C=O)C[C@@H]3CCNC3=O,DOWN,P0C6X7
CC(C)C[C@H](NC(=O)OCc1c(F)c(F)c(F)c(F)c1F)C(=O)N[C@@H](C[C@@H]1CCNC1=O)C(O)S(=O)(=O)O,O=C[C@@H](C[C@@H]1CCNC1=O)NC(=O)[C@H](CC1CC1)NC(=O)OCc1cccc(F)c1,UP,P0DTD1
CC(C)CC(NC(=O)OCc1ccc(F)cc1)C(=O)NC(CC1CCNC1=O)C(O)S(=O)(=O)O,CC(C)C[C@H](NC(=O)OC[C@H]1C[C@H]2CCC[C@H](C2)C1)C(=O)N[C@@H](C[C@@H]1CCNC1=O)C(O)S(=O)(=O)O,DOWN,P0DTD1
CC(=O)N1CCN(CC1)C(=O)CCl,ClCC(=O)N1CCN(CC1)C(=O)c2cccs2,UP,P0DTD1
COc1ccc(C[C@H](NC(=O)[C@H](C)NC(=O)C2=CC3=CCC=CC3=C2C)C(=O)N[C@@H](Cc2ccccc2)C(=O)[C@@]2(C)CO2)cc1,COc1ccc(C[C@H](NC(=O)[C@H](C)NC(=O)CN2CCOCC2)C(=O)N[C@@H](CCC2CCCCC2)C(=O)[C@@]2(C)CO2)cc1,UP,P25043
CC(C)C[C@H](NC(=O)OC[C@H]1C[C@H]2C=CC[C@H](C2)C1)C(=O)N[C@@H](C[C@@H]1CCNC1=O)C(=O)S(=O)(=O)O,CC(C)C[C@H](NC(=O)OCc1ccccc1)C(=O)N[C@@H](C[C@@H]1CCNC1=O)[C@@H](O)S(O)(=O)=O,UP,P0DTD1
CC(=O)N1CCC[C@@H]1C(=O)N[C@@H](C)C(=O)N[C@@H](Cc1ccccc1)C(=O)C1(C)CO1,CC[C@H](C)[C@@H]1C(=O)O[C@H]1C(=O)NCCCC[C@H](NC(=O)[C@H](C)NC(=O)OCc1ccccc1)C(=O)OCc1ccccc1,DOWN,P30656
CO\N=C(/C(=O)N[C@H]1[C@H]2SC(C)(C)[C@@H](N2C1=O)C(O)=O)c1csc(N)n1,Cc1onc(c1C(=O)N[C@H]1[C@H]2SC(C)(C)[C@@H](N2C1=O)C(O)=O)-c1ccccc1,UP,P00811
CC(C)C[C@H](NC(=O)OC1(Cc2ccccc2)CCN(CC1)C(=O)OC(C)(C)C)C(=O)N[C@@H](C[C@@H]1CCNC1=O)[C@H](O)S(O)(=O)=O,CC(C)C[C@H](NC(=O)OCC1=CC=CC=C1)C(=O)N[C@@H](C[C@@H]1CCNC1=O)[C@H](O)S(O)(=O)=O,UP,K9N638
CC(C)C[C@H](NC(=O)OC[C@H]1C[C@H]2C=CC[C@H](C2)C1)C(=O)N[C@@H](C[C@@H]1CCNC1=O)C(=O)S(=O)(=O)O,c1ccccc1OC(=O)N[C@@H](CC(C)C)C(=O)N[C@@H](CC(C)C)C(=O)N[C@@H](C[C@@H]2CCNC2=O)C(=O)C(=O)NC3CC3,UP,P0DTD1
C=CC(=O)Nc1cc(-c2c[nH]c3ncnc(Nc4ccc(OCc5ccccn5)c(Cl)c4)c23)ccc1OCCN(C)C,CCOc1cc2ncc(C#N)c(Nc3ccc(OCc4ccccn4)c(Cl)c3)c2cc1NC(=O)/C=C/CN(C)C,UP,P00533
CCCCC(NC(=O)C1C2C(CN1C(=O)C(NC(=O)NC1(CS(=O)(=O)C(C)(C)C)CCCCC1)C(C)(C)C)C2(C)C)C(=O)C(=O)NC1CC1,CN(C)C(=O)C(NC(=O)CNC(=O)C(=O)C(CC1CC1)NC(=O)C1C2C(CN1C(=O)C(NC(=O)OC(C)(C)C)C(C)(C)C)C2(C)C)c1ccccc1,DOWN,Q9ELS8
C[C@@H](O)[C@@H]1[C@H]2SC([C@H]3CCCO3)=C(N2C1=O)C(O)=O,C[C@@H](O)[C@@H]1[C@H]2[C@@H](C)C(S[C@@H]3CN[C@@H](C3)C(=O)N(C)C)=C(N2C1=O)C(O)=O,DOWN,Q6XEC0
CC(C)C(NC(=O)OCc1ccccc1)C(=O)NC(Cc1ccccc1)C(=O)NC(C=O)CC1CCNC1=O,Cc1onc(c1)C(=O)N[C@@H](C)C(=O)N[C@@H](C(C)C)C(=O)N[C@@H](CC(C)C)C(=O)N[C@@H](C[C@@H]2CCNC2=O)/C=C\C(=O)OCc3ccccc3,UP,P0DTD1
COc1cc(OC)c(Cl)c(c1Cl)COc2cnc(nc2)Nc3c(NC(=O)C=C)cccc3C,COc1cc(cc(c1)OC)CCc2cc([nH]n2)NC(=O)c3ccccc3NC(=O)C=C,UP,P22455
CC(C)C(NC(=O)c1ccc(C(=O)N2CCOCC2)cc1)C(=O)N1CCCC1C(=O)NC(C(=O)C(F)(F)C(F)(F)F)C(C)C,COC(=O)CCC(=O)N[C@@H](C)C(=O)N[C@@H](C)C(=O)N1CCC[C@H]1C(=O)N[C@H](C(=O)CCl)C(C)C,DOWN,P08246
c1cccnc1-c2coc(n2)C(=O)CCCCCCc3ccccc3,c1cccnc1-c2oc(nn2)C(=O)CCCCCCc3ccccc3,UP,P97612
C/C=C/C#CC(=O)[C@@H](C)[C@H]1CC[C@H]([C@@]12C)/C(CCC2)=C/C=C3\C[C@@H](O)C(=C)[C@H](O)C3,C=CC(=O)CC[C@@H](C)[C@H]1CC[C@H]2C(=CC=C3C[C@@H](O)C(=C)[C@H](O)C3)CCC[C@@]21C,UP,P13053
CC(C)C[C@H](NC(=O)OC[C@H]1C[C@H]2CCC[C@H](C2)C1)C(=O)N[C@@H](C[C@@H]1CCNC1=O)C(O)S(=O)(=O)O,CC(C)C[C@H](NC(=O)OCc1ccccc1)C(=O)N[C@@H](C[C@@H]1CCNC1=O)C(=O)S(=O)(=O)[O-],UP,P0DTD1
COc1cccc2[nH]c(C(=O)N[C@@H](CC(C)C)C(=O)N[C@H](C#N)C[C@@H]3CCNC3=O)cc12,O=C1NCC[C@H]1C[C@@H](C(=O)C(=O)NC2CC2)NC(=O)[C@H](CC(C)C)NC(=O)OCc3ccccc3,UP,P0DTD1
CC(C)C[C@H](NC(=O)OC[C@H]1C[C@H]2C=CC[C@H](C2)C1)C(=O)N[C@@H](C[C@@H]1CCNC1=O)C(=O)S(=O)(=O)O,Cc1onc(c1)C(=O)N[C@@H](C)C(=O)N[C@@H](C(C)C)C(=O)N[C@@H](CC(C)C)C(=O)N[C@@H](C[C@@H]2CCNC2=O)/C=C\C(=O)OCc3ccccc3,UP,P0DTD1
CC(C)C(NC(=O)OCc1ccccc1)C(=O)NC(CC1CCCCC1)C(=O)NC(C=O)CC1CCNC1=O,c1ccccc1COC(=O)N[C@@H]([C@@H](C)OC(C)(C)C)C(=O)N[C@@H](CC2CCCCC2)C(=O)N[C@H](C=O)C[C@@H]3CCNC3=O,DOWN,P0DTD1
CC(C)C[C@H](NC(=O)OCc1ccccc1F)C(=O)N[C@@H](C[C@@H]1CCNC1=O)C(O)S(=O)(=O)O,O=C1NCC[C@H]1C[C@@H](/C=C/C(=O)OCC)NC(=O)[C@H](CC(C)C)NC(=O)[C@H]([C@@H](C)OC(C)(C)C)NC(=O)OCc2ccccc2,DOWN,P0DTD1
CC(C)CC(NC(=O)OCc1ccccc1)C(=O)NC(CC1CCNC1=O)C(O)S(=O)(=O)O,CC(C)C[C@H](NC(=O)OC(C)(C)C1CCC(F)(F)CC1)C(=O)N[C@@H](C[C@@H]1CCNC1=O)C(O)S(=O)(=O)O,UP,P0DTD1
COc1cccc2[nH]c(C(=O)NC(CC(C)C)C(=O)NC(CC3CCNC3=O)C(=O)c3nc4ccccc4s3)cc12,Cc1onc(c1)C(=O)N[C@@H](C)C(=O)N[C@@H](C(C)C)C(=O)N[C@@H](CC(C)C)C(=O)N[C@@H](C[C@@H]2CCNC2=O)/C=C\C(=O)OCc3ccccc3,UP,P0DTD1
O=C(Nc1cccnc1)N1CCC(Cc2cccc(Oc3ccc(C(F)(F)F)cn3)c2)CC1,O=C(Nc1cccnc1)N1CCN(c2nc(-c3ccccc3)ns2)CC1,UP,P97612
O=CC(CC1CCNC1=O)NC(=O)C1C2CCCC2CN1C(=O)CCc1cc(F)cc(F)c1,c1ccccc1COC(=O)N[C@@H]([C@@H](C)OC(C)(C)C)C(=O)N[C@@H](CC2CCCCC2)C(=O)N[C@H](C=O)C[C@@H]3CCNC3=O,DOWN,P0DTD1
N=C(N)NCCC[C@H](NC(=O)[C@@H]1CCCN1C(=O)[C@H](N)Cc1ccccc1)C(=O)CCl,N[C@H](Cc1ccccc1)C(=O)N([C@@H](CCCNC(N)=N)C(=O)c1nc2ccccc2s1)C(=O)[C@@H]1CCCN1,DOWN,P00734
O=C(/C=C/c1ccccc1)NC(CC1CC1)C(=O)NC(CC1CCNC1=O)C(=O)C(=O)NCc1ccccc1,O=C1NCC[C@H]1C[C@@H](/C=C/C(=O)OCC)NC(=O)[C@H](Cc2ccccc2)NC(=O)[C@H](CC(=O)OC(C)(C)C)NC(=O)OCc3ccccc3,DOWN,P0C6X7
CC(C)C[C@H](NC(=O)OCc1ccccc1)C(=O)N[C@H](C=O)C[C@@H]1CCNC1=O,CCOC(=O)C=C[C@H](C[C@@H]1CCNC1=O)NC(=O)[C@@H](NC(=O)[C@@H](NC(=O)OC(C)(C)C)C(C)C)c1ccccc1,UP,P0C6X7
O=C1NCC[C@H]1C[C@@H](/C=C/C(=O)OCC)NC(=O)[C@H](CC(C)C)NC(=O)[C@H]([C@@H](C)OC(C)(C)C)NC(=O)OCc2ccccc2,c1ccccc1COC(=O)N[C@@H]([C@@H](C)OC(C)(C)C)C(=O)N[C@@H](CC2CCCCC2)C(=O)N[C@H](C=O)C[C@@H]3CCNC3=O,DOWN,P0DTD1
CC(=O)N[C@H](Cc1ccccc1)C(=O)N1CCC[C@H]1C(=O)N[C@@H](CCCN)B(O)O,N=C(N)NCCC[C@H](NC(=O)[C@@H]1CCCN1C(=O)[C@@H](N)Cc1ccccc1)C(=O)CCl,UP,P00734
CC(C)CC(NC(=O)OCc1ccc(F)cc1)C(=O)NC(CC1CCNC1=O)C(O)S(=O)(=O)O,CCOC(=O)/C=C/C(CC1CCNC1=O)NC(=O)C(CC(C)C)NC(=O)C(NC(=O)OCc1ccccc1)C(C)OC(C)(C)C,DOWN,P0DTD1
CCCCC\C=C/C\C=C\C=C\C(=O)CCCCC(O)=O,CC\C=C/C\C=C/C\C=C/C\C=C/C\C=C\C=C\C(=O)CCCCC(O)=O,UP,P37231
CC(C)C(NC(=O)OCc1ccccc1)C(=O)NC(CC1CCCCC1)C(=O)NC(C=O)CC1CCNC1=O,COc1cccc(c12)[nH]c(c2)C(=O)N[C@@H](CC(C)C)C(=O)N[C@@H](C[C@@H]3CCNC3=O)C(=O)c(s4)nc(c45)cccc5,DOWN,P0DTD1
C1CC1NC(=O)C(=O)[C@H](CCCC)NC(=O)[C@H]([C@H]([C@H]23)C3(C)C)N(C2)C(=O)[C@H](C(C)(C)C)NC(=O)NC4(CS(=O)(=O)C(C)(C)C)CCCCC4,CCC[C@H](NC(=O)[C@@H]1[C@H]2CCC[C@H]2CN1C(=O)[C@@H](NC(=O)[C@@H](NC(=O)c1cnccn1)C1CCCCC1)C(C)(C)C)C(=O)C(=O)NC1CC1,DOWN,P0DTD1
CC(C)C(NC(=O)OCc1ccccc1)C(=O)NC(CC1CCCCC1)C(=O)NC(C=O)CC1CCNC1=O,CC(C)C[C@H](NC(=O)OC[C@H]1C[C@H]2C=CC[C@H](C2)C1)C(=O)N[C@@H](C[C@@H]1CCNC1=O)C(=O)S(=O)(=O)O,DOWN,P0DTD1
CC(C)C[C@H](NC(=O)OCc1ccccc1)C(=O)N[C@@H](C[C@@H]1CCNC1=O)[C@@H](O)S(O)(=O)=O,O=C1NCC[C@H]1C[C@@H](C(=O)C(=O)NC2CC2)NC(=O)[C@H](CC(C)C)NC(=O)OCc3ccccc3,UP,P0DTD1
CC(C)C[C@H](NC(=O)OCc1c(F)c(F)c(F)c(F)c1F)C(=O)N[C@@H](C[C@@H]1CCNC1=O)C(O)S(=O)(=O)O,c1ccccc1COC(=O)N[C@@H]([C@@H](C)OC(C)(C)C)C(=O)N[C@@H](CC2CCCCC2)C(=O)N[C@H](C=O)C[C@@H]3CCNC3=O,DOWN,P0DTD1
CC(C)C[C@H](NC(=O)OC[C@H]1C[C@H]2CCC[C@H](C2)C1)C(=O)N[C@@H](C[C@@H]1CCNC1=O)C(O)S(=O)(=O)O,O=C1NCC[C@H]1C[C@@H](/C=C/C(=O)OCC)NC(=O)[C@H](CC(C)C)NC(=O)[C@H]([C@@H](C)OC(C)(C)C)NC(=O)OCc2ccccc2,DOWN,P0DTD1
CC(=O)OCC1=C(N2[C@H](SC1)[C@H](NC(=O)Cc1cccs1)C2=O)C(O)=O,C[C@@H](NC(=O)[C@@H](C)NC(=O)[C@H](CCC1=C(N2[C@H](SC1)[C@H](NC(=O)Cc1ccccc1)C2=O)C(O)=O)NC(=O)CC[C@@H](NC(C)=O)C(O)=O)C(O)=O,DOWN,P15555
CN1CCN(CC1)c1ccc(Nc2ncc(Cl)c(Nc3ccccc3NC(=O)C=C)n2)cc1,COc1cncc(c1)Nc2ncc(C(F)(F)F)c(n2)Nc3ccccc3NC(=O)C=C,UP,P28482
COc1cccc2[nH]c(C(=O)N[C@@H](CC(C)C)C(=O)N[C@H](C=O)C[C@@H]3CCNC3=O)cc12,c1ccccc1OC(=O)N[C@@H](CC(C)C)C(=O)N[C@@H](CC(C)C)C(=O)N[C@@H](C[C@@H]2CCNC2=O)C(=O)C(=O)NC3CC3,UP,P0DTD1
Fc1ccc(cc1)[C@H]2CN(CCO2)C(=O)CCl,Fc1ccccc1S(=O)(=O)N2CCN(CC2)C(=O)CCl,DOWN,P0DTD1
COc1cc(OC)c(Cl)c(c1Cl)-c(c2)ccc(c23)nc(nc3)Nc4c(C)cccc4NC(=O)C=C,COc1cc(OC)c(Cl)c(c1Cl)COc2cnc(nc2)Nc3c(NC(=O)C=C)cc(F)cc3Cl,UP,P22455
CC(C)C[C@H](NC(=O)O[C@H]1CC[C@H](c2ccccc2)CC1)C(=O)N[C@@H](C[C@@H]1CCNC1=O)C(O)S(=O)(=O)O,O=C1NCC[C@H]1C[C@@H](C(=O)C(=O)NC2CC2)NC(=O)[C@H](CC(C)C)NC(=O)OCc3ccccc3,UP,P0DTD1
CC(C)C[C@H](NC(=O)OCC12C[C@H]3C[C@@H](C1)C[C@@H](C2)C3)C(=O)N[C@@H](C[C@@H]1CCNC1=O)C(O)S(=O)(=O)O,O=C1NCC[C@H]1C[C@@H](/C=C/C(=O)OCC)NC(=O)[C@H](CC(C)C)NC(=O)[C@H]([C@@H](C)OC(C)(C)C)NC(=O)OCc2ccccc2,DOWN,P0DTD1
CC(C)C[C@H](NC(=O)OCC1CCC(F)(F)CC1)C(=O)N[C@@H](C[C@@H]1CCNC1=O)[C@H](O)S(O)(=O)=O,CC(C)C[C@H](NC(=O)OCc1ccccc1F)C(=O)N[C@@H](C[C@@H]1CCNC1=O)C(O)S(=O)(=O)O,UP,P0DTD1
CC(=O)N1CCN(CC1)C(=O)CCl,ClCC(=O)N1CCN(Cc2cccc(Cl)c2)CC1,UP,P0DTD1
O=CC(Cc1cnc[nH]1)NCC1CC2CCCCC2CN1C(=O)CCNc1ccccc1,O=C[C@@H](Cc1cnc[nH]1)NC[C@@H]1C[C@H]2CCCC[C@@H]2CN1C(=O)CCNc1ccccc1,UP,P0C6X7
C.CC(C)C.NC(Cc1ccccc1)C(=O)NC(C=O)CC1CCNC1=O.O=COCc1ccccc1,CC(C)(C)OC(=O)Nc1cccn(C(CC2CC2)C(=O)NC(CC2CCNC2=O)C(=O)C(=O)NCc2ccccc2)c1=O,DOWN,P0DTD1
COC(=O)CNC(=O)CNC(=O)[C@H](CC(C)C)NC(=O)[C@H]1O[C@@H]1C(=O)N[C@@H](CC(C)C)C(=O)N1CCC[C@H]1C(O)=O,c1ccccc1CNC(=O)[C@H]2O[C@@H]2C(=O)N[C@@H]([C@@H](C)CC)C(=O)N3CCC[C@H]3C(=O)OCc4ccccc4,DOWN,P07688
OC[C@H]1O[C@H](OC[C@H]2C[C@H](OC[C@H]3[C@@H]4O[C@@H]4[C@@H](O)[C@@H](O)[C@@H]3O)[C@@H](O)[C@@H](O)[C@@H]2O)[C@@H](O)[C@@H](O)[C@@H]1O,OC[C@H]1O[C@H](OC[C@H]2O[C@H](OC[C@H]3[C@@H]4O[C@@H]4[C@@H](O)[C@@H](O)[C@@H]3O)[C@@H](O)[C@@H](O)[C@@H]2O)[C@@H](O)[C@@H](O)[C@@H]1O,DOWN,A0A6B9HEB8
CCOC(=O)/C=C/C(CC1CCNC1=O)NC(=O)C(CC(C)C)NC(=O)C(NC(=O)OCc1ccccc1)C(C)OC(C)(C)C,COc1cccc2[nH]c(C(=O)N[C@@H](CC(C)C)C(=O)N[C@H](C=O)C[C@@H]3CCNC3=O)cc12,UP,P0DTD1
Fc1ccccc1-c(c(Cl)c2)cc(c23)ncnc3N4CCN(CC4)C(=O)C=C,c1[nH]nc(c12)ccc(C)c2-c(c(Cl)c3)cc(c34)ncc5c4N6[C@@H](CO5)CN(CC6)C(=O)C=C,UP,P01116
CC(C)C[C@H](NC(=O)OC[C@H]1C[C@H]2C=CC[C@H](C2)C1)C(=O)N[C@@H](C[C@@H]1CCNC1=O)C(=O)S(=O)(=O)O,COc1cccc2[nH]c(C(=O)N[C@@H](CC(C)C)C(=O)N[C@H](C=O)C[C@@H]3CCNC3=O)cc12,UP,P0DTD1
CC(C)(C)c1ccc(N(C(=O)CCl)[C@@H](C(=O)NC2CCCCC2)c2cccnc2)cc1,CCc1cccc(C)c1NC(=O)[C@H](N(C(=O)C=C)c2cc([nH]n2)C(C)(C)C)c3cccnc3,UP,P0DTD1
C.CC(C)C.CC(C)CC(N)C(=O)NC(C=O)CC1CCNC1=O.O=COCc1ccccc1,c1ccccc1COC(=O)N[C@@H]([C@@H](C)OC(C)(C)C)C(=O)N[C@@H](CC2CCCCC2)C(=O)N[C@H](C=O)C[C@@H]3CCNC3=O,DOWN,P0DTD1
O=c1[nH]c(=O)n(C2CC(O)C(COP(=O)([O-])[O-])O2)cc1F,O[C@H]1C[C@@H](O[C@@H]1COP(O)(O)=O)n1ccc(=O)[nH]c1=O,DOWN,P0A884
N=C(N)NCCC[C@H](N)C(=O)C(N)=O,N[C@H](Cc1ccccc1)C(=O)N1CCC[C@H]1C(=O)N[C@@H](CCCNC(N)=N)C(=O)CCl,DOWN,P00734
CC(C)CC(NC(=O)OCc1ccc(F)cc1)C(=O)NC(CC1CCNC1=O)C(O)S(=O)(=O)O,CC(C)C[C@H](NC(=O)OC[C@H]1C[C@H]2CCC[C@H](C2)C1)C(=O)N[C@H](C=O)C[C@@H]1CCNC1=O,DOWN,P0DTD1
c1cccc(c12)[nH]c(c2)C(=O)N[C@@H](CC3CCCCC3)C(=O)N[C@H](C=O)C[C@@H]4CCNC4=O,c1ccccc1COC(=O)N[C@@H]([C@@H](C)OC(C)(C)C)C(=O)N[C@@H](CC2CCCCC2)C(=O)N[C@H](C=O)C[C@@H]3CCNC3=O,DOWN,P0DTD1
C=CC(=O)Nc1ccc(N2CCN(Cc3ccc(-c4nc5cc[nH]c(=O)c5cc4-c4ccccc4)cc3)CC2)cc1,C=CC(=O)Nc1cccc(C(=O)NC2CCN(Cc3ccc(-c4nc5cc[nH]c(=O)c5cc4-c4ccccc4)cc3)CC2)c1,DOWN,P31749
C=C(F)C(=O)Nc1cccc(C)c1Nc1ncc(OCc2c(Cl)c(OC)cc(OC)c2Cl)cn1,COc1cc(OC)c(Cl)c(c1Cl)COc2cnc(nc2)Nc3c(NC(=O)C=C)cc(F)cc3Cl,UP,P22455
NC(=O)C1CCC2CN1C(=O)N2OS(=O)(=O)[O-],O=C(NNC(=O)C1CCC2CN1C(=O)N2OS(=O)(=O)O)C1CCCNC1,DOWN,G3XD46
CC1(C)S[C@@H]2[C@H](NC(=O)[C@H](C(O)=O)c3ccccc3)C(=O)N2[C@H]1C(O)=O,CC1(C)S[C@@H]2[C@H](NC(=O)[C@H](NC(=O)N3CCNC3=O)c3ccccc3)C(=O)N2[C@H]1C(O)=O,UP,Q51504
CCCCCC(=O)N[C@H](C(=O)N[C@@H](CC[S@@](C)=O)C(=O)N[C@@H](CC(C)C)C(=O)[C@]1(C)CO1)C(C)C,CC[C@H](C)[C@H](NC(=O)[C@H]([C@@H](C)CC)N(C)C(C)=O)C(=O)N[C@H](C(=O)N[C@@H](CC(C)C)C(=O)[C@@]1(C)CO1)[C@@H](C)O,UP,P30656
O=C1NCC[C@H]1C[C@@H](/C=C/C(=O)OCC)NC(=O)[C@H](CC(C)C)NC(=O)[C@H]([C@@H](C)OC(C)(C)C)NC(=O)OCc2ccccc2,O=C1NCC[C@H]1C[C@@H](C(=O)C(=O)NC2CC2)NC(=O)[C@H](CC(C)C)NC(=O)OCc3ccccc3,UP,P0DTD1
C=CC(=O)Nc1ccc(N2CCN(Cc3ccc(-c4nc5cc[nH]c(=O)c5cc4-c4ccccc4)cc3)CC2)cc1,Cn1c2ccc(NC(=O)C=C)cc2n(C2CCN(Cc3ccc(cc3)-c3nc4cc[nH]c(=O)c4cc3-c3ccccc3)CC2)c1=O,DOWN,P31749
CC(C)C[C@H](NC(=O)OCC1CCC(F)(F)CC1)C(=O)N[C@@H](C[C@@H]1CCNC1=O)[C@H](O)S(O)(=O)=O,c1ccccc1OC(=O)N[C@@H](CC(C)C)C(=O)N[C@@H](CC(C)C)C(=O)N[C@@H](C[C@@H]2CCNC2=O)C(=O)C(=O)NC3CC3,UP,P0DTD1
CC(C)(C)NC(=O)N[C@@H](C(C)(C)C)C(=O)N(C[C@@H]([C@@H]12)C2(C)C)[C@@H]1C(=O)N[C@@H](C(=O)C(=O)N)CC3CCC3,CC(C)[C@H](NS(C)(=O)=O)C(=O)N1C[C@H]2[C@@H]([C@H]1C(=O)N[C@@H](C[C@@H]1CCNC1=O)C(=O)c1nc3ccccc3s1)C2(C)C,UP,P0DTD1
CC(C)CC(NC(=O)OC(C)C1CCC(F)(F)CC1)C(=O)NC(C=O)CC1CCNC1=O,CC(C)C[C@H](NC(=O)OC[C@@H]1C[C@H]2C=CC[C@H](C2)C1)C(=O)N[C@@H](C[C@@H]1CCNC1=O)C(=O)S(=O)(=O)O,DOWN,P0DTD1
CCCCCCCCS(=O)(=O)N[C@@H](CC1CCCCC1)C(=O)N[C@@H](C[C@@H]1CCNC1=O)[C@H](O)S(O)(=O)=O,COc1ccc(OCCCS(=O)(=O)N[C@@H](CC2CCCCC2)C(=O)N[C@@H](C[C@@H]2CCNC2=O)[C@H](O)S(O)(=O)=O)cc1,DOWN,Q83883
CCCCCC(=O)N[C@H](C(=O)N[C@@H](CCC(=O)N(C)C)C(=O)N[C@@H](CC(C)C)C(=O)[C@]1(C)CO1)C(C)C,CCCCCC(=O)N[C@H](C(=O)N[C@@H](CC[S@@](C)=O)C(=O)N[C@@H](CC(C)C)C(=O)[C@]1(C)CO1)C(C)C,UP,P30656
CC(C)C[C@H](NC(=O)OC[C@@H]1C[C@H]2C=CC[C@H](C2)C1)C(=O)N[C@@H](C[C@@H]1CCNC1=O)C(=O)S(=O)(=O)O,O=C1NCC[C@H]1C[C@@H](/C=C/C(=O)OCC)NC(=O)[C@H](CC(C)C)NC(=O)[C@H]([C@@H](C)OC(C)(C)C)NC(=O)OCc2ccccc2,DOWN,P0DTD1
c1ccccc1COC(=O)N[C@@H]([C@@H](C)OC(C)(C)C)C(=O)N[C@@H](CC2CCCCC2)C(=O)N[C@H](C=O)C[C@@H]3CCNC3=O,c1ccccc1OC(=O)N[C@@H](CC(C)C)C(=O)N[C@@H](CC(C)C)C(=O)N[C@@H](C[C@@H]2CCNC2=O)C(=O)C(=O)NC3CC3,UP,P0DTD1
Cc1ccc(C)c(c1)S(=O)(=O)N2CCN(CC2)C(=O)CCl,ClCC(=O)N1CCN(Cc2cccc(Cl)c2)CC1,UP,P0DTD1
CC(C)C[C@H](NC(=O)OCc1ccc(F)cc1)C(=O)N[C@@H](C[C@@H]1CCNC1=O)C(O)S(=O)(=O)O,O=C(N[C@@H](Cc1ccccc1)C(=O)N[C@@H](C[C@@H]1CCNC1=O)C(O)S(=O)(=O)[O-])OCc1ccccc1,UP,P0DTD1
CC(C)C[C@H](NC(=O)OCc1ccccc1)C(=O)N[C@@H](C[C@@H]1CCNC1=O)C(=O)S(=O)(=O)[O-],O=C[C@@H](C[C@@H]1CCNC1=O)NC(=O)[C@H](CC1CC1)NC(=O)OCc1ccccc1,DOWN,P0DTD1
C1COCCN1C(=O)N[C@@H](CC(C)C)C(=O)N[C@H](C(=O)CF)CCc2ccccc2,Oc1ccc(cc1)C[C@@H](C(=O)N[C@H](C)C(=O)CF)NC(=O)OCc2ccccc2,UP,P25779
O=CC(Cc1cnc[nH]1)NCC1CC2CCCCC2CN1C(=O)CCNc1ccccc1,O=CC(Cc1cnc[nH]1)NCC1CC2CCCCC2CN1C(=O)c1ccc(-c2ccccc2)cc1,UP,P0C6X7
CC(C)C[C@H](NC(=O)OCC1=CC=CC=C1)C(=O)N[C@@H](C[C@@H]1CCNC1=O)[C@H](O)S(O)(=O)=O,O=C1NCC[C@H]1C[C@@H](C(=O)C(=O)NC2CC2)NC(=O)[C@H](CC(C)C)NC(=O)OCc3ccccc3,UP,P0DTD1
Cc1nc(-c2ccccc2)c([nH]c1=O)-c1ccc(CN2CCC(CC2)n2c3cc(NC(=O)C=C)ccc3[nH]c2=O)cc1,Cn1c2ccc(NC(=O)C=C)cc2n(C2CCN(Cc3ccc(cc3)-c3nc4cc[nH]c(=O)c4cc3-c3ccccc3)CC2)c1=O,DOWN,P31749
CC(C)C[C@H](NC(=O)OCC12C[C@H]3C[C@@H](C1)C[C@@H](C2)C3)C(=O)N[C@@H](C[C@@H]1CCNC1=O)C(O)S(=O)(=O)O,Cc1onc(c1)C(=O)N[C@@H](C)C(=O)N[C@@H](C(C)C)C(=O)N[C@@H](CC(C)C)C(=O)N[C@@H](C[C@@H]2CCNC2=O)/C=C\C(=O)OCc3ccccc3,UP,P0DTD1
CC(=O)N1CCN(CC1)C(=O)CCl,Fc1cccc(F)c1S(=O)(=O)N2CCN(CC2)C(=O)CCl,DOWN,P0DTD1
ClCC(=O)N1CCN(Cc2ccc(Cl)s2)CC1,Fc1ccc(cc1)[C@H]2CN(CCO2)C(=O)CCl,UP,P0DTD1
CC(C)C[C@H](NC(=O)OCc1ccccc1)C(=O)N[C@@H](CC(C)C)C(=O)N[C@@H](CC(C)C)C(=O)[C@@]1(C)CO1,CC(C)C[C@H](NC(=O)[C@H](Cc1ccccc1)N=[N+]=[N-])C(=O)N[C@@H](C)C(=O)N[C@H](C=CS(C)(=O)=O)Cc1ccc(CN)cc1,UP,P25043
CC(C)C[C@H](NC(=O)OC[C@H]1C[C@H]2CCC[C@H](C2)C1)C(=O)N[C@@H](C[C@@H]1CCNC1=O)C(O)S(=O)(=O)O,CCC[C@H]1CC[C@H](OC(=O)N[C@@H](CC(C)C)C(=O)N[C@@H](C[C@@H]2CCNC2=O)C(O)S(=O)(=O)O)CC1,UP,P0DTD1
CC(C)[C@H](NC(=O)[C@H](CCC(O)=O)NC(=O)[C@H](CC(O)=O)NC(=O)OCc1ccccc1)C(=O)NN(CC(O)=O)C(=O)[C@H]1O[C@@H]1C(=O)NCc1ccccc1,CC(C)[C@H](NC(=O)[C@H](CCC(O)=O)NC(=O)[C@H](CC(O)=O)NC(=O)OCc1ccccc1)C(=O)NN(CC(O)=O)C(=O)[C@H]1O[C@@H]1C(=O)OCc1ccccc1,UP,P42574
CC(=O)N1CCC[C@H]1C(=O)N[C@@H](C)C(=O)N[C@@H](CC(C)C)C(=O)C1(C)CO1,CC(=O)N[C@H](CC(C)C)C(=O)N[C@@H](C)C(=O)N[C@@H](CCC(=O)O)C(=O)C1(C)CO1,DOWN,P25043
CC1(C)S[C@@H]2[C@H](NC(=O)[C@H](N)c3ccc(O)cc3)C(=O)N2[C@H]1C(O)=O,CO\N=C(/C(=O)N[C@H]1[C@H]2SC(C)(C)[C@@H](N2C1=O)C(O)=O)c1csc(N)n1,UP,P00811
CCOC(=O)[C@H]1O[C@H]1C(=O)N(CCC(=O)N)NC(=O)[C@H](Cc2ccccc2)NC(=O)[C@H](CC(C)C)NC(=O)OCc3ccccc3,O=C1NCC[C@H]1C[C@@H](/C=C/C(=O)OCC)NC(=O)[C@H](Cc2ccccc2)NC(=O)[C@H](CCC(=O)OC(C)(C)C)NC(=O)OCc3ccccc3,DOWN,P0C6X7
CC(C)C[C@H](NC(=O)OC[C@H]1C[C@H]2CCC[C@H](C2)C1)C(=O)N[C@@H](C[C@@H]1CCNC1=O)C(O)S(=O)(=O)O,Cc1onc(c1)C(=O)N[C@@H](C)C(=O)N[C@@H](C(C)C)C(=O)N[C@@H](CC(C)C)C(=O)N[C@@H](C[C@@H]2CCNC2=O)/C=C\C(=O)OCc3ccccc3,UP,P0DTD1
ClCC(=O)N1CCN(CC1)C(=O)c2cccs2,ClCC(=O)Nc1cccc(c1)C(=O)N2CCSCC2,DOWN,P0DTD1
Cc1onc(c1)C(=O)N[C@@H](C)C(=O)N[C@@H](C(C)C)C(=O)N[C@@H](CC(C)C)C(=O)N[C@@H](C[C@@H]2CCNC2=O)/C=C\C(=O)OCc3ccccc3,O=C1NCC[C@H]1C[C@@H](C(=O)C(=O)NC2CC2)NC(=O)[C@H](CC(C)C)NC(=O)OCc3ccccc3,DOWN,P0DTD1
O=C1NCC[C@H]1C[C@@H](/C=C/C(=O)C2CC2)NC(=O)[C@H](CC(C)C)NC(=O)[C@H]([C@@H](C)OC(C)(C)C)NC(=O)OCc3ccccc3,O=C1NCC[C@H]1C[C@@H](/C=C/C(=O)OCC)NC(=O)[C@H](Cc2ccccc2)NC(=O)[C@H](CCC(=O)OC(C)(C)C)NC(=O)OCc3ccccc3,DOWN,P0C6X7
CC(C)CC(NC(=O)C(NC(=O)OCc1ccccc1)C(C)C)C(=O)NC(C=O)CC1CCNC1=O,CC(C)C[C@H](NC(=O)OC(C)(C)C1CCC(F)(F)CC1)C(=O)N[C@@H](C[C@@H]1CCNC1=O)C(O)S(=O)(=O)O,UP,P0DTD1
CC(C)C[C@H](NC(=O)OC[C@H]1C[C@H]2CCC[C@H](C2)C1)C(=O)N[C@@H](C[C@@H]1CCNC1=O)C(O)S(=O)(=O)O,CC(C)C[C@H](NC(=O)OCc1cccc(F)c1)C(=O)N[C@@H](C[C@@H]1CCNC1=O)C(O)S(=O)(=O)O,UP,P0DTD1
COC(=O)CCC(=O)N[C@@H](C)C(=O)N[C@@H](C)C(=O)N1CCC[C@H]1C(=O)N[C@@H](C)C(=O)CCl,COC(=O)CCC(=O)N[C@@H](C)C(=O)N[C@@H](C)C(=O)N1CCC[C@H]1C(=O)N[C@H](C(=O)CCl)C(C)C,DOWN,P08246
C=CC(=O)Nc1ccccc1Nc1nc(Nc2ccc(N3CCN(C)CC3)cc2)ncc1C(=O)Nc1c(C)cccc1Cl,C=CC(=O)Nc1ccccc1Nc1nc(Nc2ccc(N3CCN(C)CC3)cc2)ncc1Cl,DOWN,P12931
O=c1[nH]c(=O)n(C2CC(O)C(COP(=O)([O-])[O-])O2)cc1F,O[C@H]1C[C@@H](O[C@@H]1COP(O)(O)=O)n1cc(F)c(=O)[nH]c1=O,DOWN,P0A884
CSC1=C(N2[C@@H]([C@@H]([C@@H](C)O)C2=O)[C@H]1C)C(O)=O,C[C@@H](O)[C@@H]1[C@H]2[C@@H](C)C(S[C@@H]3CN[C@@H](C3)C(=O)NC3=CC=CC(=C3)C(O)=O)=C(N2C1=O)C(O)=O,DOWN,I6Y9J2
CC(C)C[C@H](NC(=O)OCc1ccccc1)C(=O)N[C@@H](CC(C)C)C(=O)N[C@@H](Cc1ccc(O)cc1)C(=O)C=O,CC(C)C[C@H](NC(=O)[C@H](CCc1ccccc1)NC(=O)CN1CCOCC1)C(=O)N[C@@H](Cc1ccccc1)C(=O)N[C@@H](CC(C)C)C(=O)[C@@]1(C)CO1,DOWN,P30656
CC(C)C[C@H](NC(=O)OC1(Cc2ccccc2)CCN(CC1)C(=O)OC(C)(C)C)C(=O)N[C@@H](C[C@@H]1CCNC1=O)[C@@H](O)S(O)(=O)=O,CC(C)C[C@H](NC(=O)OCc1ccccc1)C(=O)N[C@@H](C[C@@H]1CCNC1=O)[C@@H](O)S(O)(=O)=O,UP,K9N638
CC(C)C[C@H](NC(=O)O[C@H]1CC[C@H](c2ccccc2)CC1)C(=O)N[C@@H](C[C@@H]1CCNC1=O)C(O)S(=O)(=O)O,COc1cccc2[nH]c(C(=O)NC(CC(C)C)C(=O)NC(CC3CCNC3=O)C(=O)c3nc4ccccc4s3)cc12,DOWN,P0DTD1
C=C(F)C(=O)Nc1cccc(C)c1Nc1ncc(OCc2c(Cl)c(OC)cc(OC)c2Cl)cn1,COc1cc(OC)c(Cl)c(c1Cl)-c(c2)ccc(c23)nc(nc3)Nc4c(C)cccc4NC(=O)C=C,DOWN,P22455
C=CC(=O)Nc1cccc(-n2c(=O)cc(C)c3cnc(Nc4ccc(N5CCN(C)CC5)cc4OC)nc32)c1,C=CC(=O)Nc1cccc(Nc2nc(Nc3ccc(OCCOC)cc3)ncc2F)c1,DOWN,P00533
CC(C)C[C@H](NC(=O)OCc1ccccc1)C(=O)N[C@@H](C[C@@H]1CCNC1=O)[C@H](O)S(=O)(=O)O,O=C1NCC[C@H]1C[C@@H](C(=O)C(=O)NC2CC2)NC(=O)[C@H](CC(C)C)NC(=O)OCc3ccccc3,UP,P0DTD1
c1cccc(c12)[se]n(c2=O)-c3ccccc3,c1cccc(c12)[se]n(c2=O)-c3ccccn3,DOWN,P00441
C[C@@H](NC(=O)CN1CCOCC1)C(=O)N[C@@H](Cc1c[nH]c2ccccc12)C(=O)N[C@@H](Cc1ccccc1)C(=O)[C@@]1(C)CO1,C[C@H](NC(=O)[C@H](Cc1ccccc1)NC(=O)[C@H](Cc1ccc(-c2ccccc2)cc1)NC(=O)[C@H](Cc1ccccc1)N=[N+]=[N-])C(=O)[C@@]1(C)CO1,DOWN,P30656
CC(C)C[C@H](NC(=O)OC[C@H]1C[C@H]2CC[C@@H]1C2)C(=O)N[C@@H](C[C@@H]1CCNC1=O)C(O)S(=O)(=O)O,c1ccccc1COC(=O)N[C@@H]([C@@H](C)OC(C)(C)C)C(=O)N[C@@H](CC2CCCCC2)C(=O)N[C@H](C=O)C[C@@H]3CCNC3=O,DOWN,P0DTD1
CC(C)C[C@H](NC(=O)[C@@H](NC(=O)c1cc2ccccc2[nH]1)C(C)C)C(=O)N[C@H](C=O)C[C@@H]1CCNC1=O,O=C1NCC[C@H]1C[C@@H](/C=C/C(=O)C2CC2)NC(=O)[C@H](CC(C)C)NC(=O)[C@H]([C@@H](C)OC(C)(C)C)NC(=O)OCc3ccccc3,DOWN,P0C6X7
O=C1NCC[C@H]1C[C@@H](/C=C/C(=O)OCC)NC(=O)[C@H](Cc2ccccc2)NC(=O)OCc3ccccc3,O=C1NCC[C@H]1C[C@@H](/C=C/C(=O)OCC)NC(=O)[C@H](Cc2ccccc2)NC(=O)[C@H](COC(C)(C)C)NC(=O)OCc3ccccc3,DOWN,Q5UEA2
CC(C)C[C@H](NC(=O)OCc1ccccc1)C(=O)N[C@@H](C[C@@H]1CCNC1=O)C(=O)C(=O)NCc1ccccc1,O=C[C@@H](C[C@@H]1CCNC1=O)NC(=O)[C@H](CC1CC1)NC(=O)OCc1cccc(F)c1,UP,P0DTD1
CC(C)C[C@H](NC(=O)OCc1ccccc1)C(=O)N[C@@H](C[C@@H]1CCNC1=O)C(=O)C(=O)NCc1ccccc1,COc1cccc2[nH]c(C(=O)N[C@@H](CC(C)C)C(=O)N[C@H](C=O)C[C@@H]3CCNC3=O)cc12,UP,P0DTD1
CC(C)C[C@H](NC(=O)OC[C@H]1C[C@H]2CC[C@@H]1C2)C(=O)N[C@@H](C[C@@H]1CCNC1=O)C(O)S(=O)(=O)O,O=C1NCC[C@H]1C[C@@H](C(=O)C(=O)NC2CC2)NC(=O)[C@H](CC(C)C)NC(=O)OCc3ccccc3,UP,P0DTD1
CC(C)C[C@H](NC(=O)OC[C@H]1C[C@H]2CCC[C@H](C2)C1)C(=O)N[C@H](C=O)C[C@@H]1CCNC1=O,CCOC(=O)/C=C/C(CC1CCNC1=O)NC(=O)C(CC(C)C)NC(=O)C(NC(=O)OCc1ccccc1)C(C)OC(C)(C)C,DOWN,P0DTD1
CC(C)C[C@H](NC(=O)OC1CCC(C)(C)CC1)C(=O)N[C@@H](C[C@@H]1CCNC1=O)C(O)S(=O)(=O)O,CCOC(=O)/C=C/C(CC1CCNC1=O)NC(=O)C(CC(C)C)NC(=O)C(NC(=O)OCc1ccccc1)C(C)OC(C)(C)C,DOWN,P0DTD1
OB(O)CNS(=O)(=O)c1ccc(cc1)-c1nnn[nH]1,OB(O)CNS(=O)(=O)c1ccc(cc1Cl)-c1nnn[nH]1,UP,P00811
CN1CCN(CC1)c1ccc(Nc2ncc(Cl)c(Nc3ccccc3NC(=O)C=C)n2)cc1,Cn1cc(cn1)Nc2ncc(Cl)c(n2)Oc3ccccc3NC(=O)C=C,UP,O43318
CCCNC(=O)[C@@H]1O[C@H]1C(=O)N[C@@H]([C@@H](C)CC)C(=O)N1CCC[C@H]1C(O)=O,c1ccccc1CNC(=O)[C@H]2O[C@@H]2C(=O)N[C@@H]([C@@H](C)CC)C(=O)N3CCC[C@H]3C(=O)OCc4ccccc4,DOWN,P07688
N#CCNC(=O)C(Cc1ccccc1)NC(=O)c1ccccc1,Oc1ccc(cc1)C[C@@H](C(=O)N[C@H](C)C(=O)CF)NC(=O)OCc2ccccc2,UP,P25779
CC(C)C[C@H](NC(=O)OC[C@H]1C[C@H]2C=CC[C@H](C2)C1)C(=O)N[C@@H](C[C@@H]1CCNC1=O)C(=O)S(=O)(=O)O,O=C[C@@H](C[C@@H]1CCNC1=O)NC(=O)[C@H](CC1CC1)NC(=O)OCc1cccc(F)c1,UP,P0DTD1
C=CC(=O)Nc1ccc2[nH]c(=O)n(C3CCN(Cc4ccc(C5=N/C(=C\c6ccc(O)cc6)C(=O)N=C5c5ccccc5)cc4)CC3)c2c1,Cn1c2ccc(NC(=O)C=C)cc2n(C2CCN(Cc3ccc(cc3)-c3nc4cc[nH]c(=O)c4cc3-c3ccccc3)CC2)c1=O,DOWN,P31749
CC1(C)S[C@@H]2[C@H](N)C(=O)N2[C@H]1C(O)=O,CC1(C)S[C@@H]2[C@H](\N=C\N3CCCCCC3)C(=O)N2[C@H]1C(O)=O,DOWN,P9WKD3
CC(C)C[C@H](NC(=O)OCC1=CC=CC=C1)C(=O)N[C@@H](C[C@@H]1CCNC1=O)[C@H](O)S(O)(=O)=O,O=C(N[C@@H](Cc1ccccc1)C(=O)N[C@@H](C[C@@H]1CCNC1=O)C(O)S(=O)(=O)[O-])OCc1ccccc1,UP,P0DTD1
CC(C)=CC[C@@H](O1)[C@@]1(C)[C@H]([C@]2(C)O)[C@H](OC)[C@@H](CC2)OC(=O)NC(=O)CCl,C[C@@]1(O)CCC(=O)[C@@H](OC)[C@]1(O)[C@@]2(C)O[C@@H]2CC=C(C)C,UP,P50579
CC(C)CC(NC(=O)OCc1ccccc1)C(=O)NC(CC1CCNC1=O)C(O)S(=O)(=O)O,CC(C)C[C@H](NC(=O)OC[C@H]1C[C@H]2CCC[C@H](C2)C1)C(=O)N[C@@H](C[C@@H]1CCNC1=O)C(O)S(=O)(=O)O,DOWN,P0DTD1
CN1CCN(CC1)c1ccc(Cc2cc3cnc(nc3n2C2CCCCC2)C#N)cc1,CN1CCN(CCn2cnc3c(NC4CCCCC4)nc(nc23)C#N)CC1,DOWN,P43235
O=C1NCC[C@H]1C[C@@H](/C=C/C(=O)OCC)NC(=O)[C@H](Cc2ccccc2)NC(=O)OCc3ccccc3,O=C1NCC[C@H]1C[C@@H](/C=C/C(=O)OCC)NC(=O)[C@H](Cc2ccccc2)NC(=O)[C@H](COC(C)(C)C)NC(=O)OCc3ccccc3,DOWN,P0C6X7
COc1ccc(C[C@H](NC(=O)[C@H](C)NC(=O)CN2CCOCC2)C(=O)N[C@@H](CC2CCC3CCCCC3C2)C(=O)[C@@]2(C)CO2)cc1,COc1ccc(C[C@H](NC(=O)[C@H](C)NC(=O)CN2CCOCC2)C(=O)N[C@@H](Cc2ccccc2)C(=O)[C@@]2(C)CO2)cc1,DOWN,P25043
C=CC(=O)Nc1cccc(-c2c[nH]c3ncccc23)c1,NC(=O)c1cnn2cccc2c1NCc1cccc(NC(=O)C=C)c1,UP,P52333
CN(C)C(=O)CCNc1nc(N2CCN(CC2)C(=O)C=C)c2cc(Cl)c(cc2n1)-c1cc(O)cc2ccccc12,Fc1ccccc1-c(c2F)c(Cl)cc(c23)c(ncn3)N4CCN(CC4)C(=O)C=C,UP,P01116
COc1cc(OC)c(Cl)c(c1Cl)-c(cc2)cc(c23)cnc(n3)N[C@@H]4COCC[C@@H]4NC(=O)C=C,Clc1c(OC)cc(OC)c(Cl)c1-c(c2)c(=O)n(C)c(c23)nc(nc3)N[C@@H]4COC[C@@H]4NC(=O)C=C,UP,P22455
CC(=O)N[C@H](Cc1ccccc1)C(=O)N1CCC[C@H]1C(=O)N[C@@H](CCCCN)B(O)O,N[C@H](Cc1ccccc1)C(=O)N1CCC[C@H]1C(=O)N[C@@H](CCCNC(N)=N)C(=O)CCl,UP,P00734
CC(C)CC(NC(=O)C(NC(=O)OCc1ccccc1)C(C)C)C(=O)NC(C=O)CC1CCNC1=O,CC(C)C[C@H](NC(=O)OC[C@@H]1C[C@H]2C=CC[C@H](C2)C1)C(=O)N[C@@H](C[C@@H]1CCNC1=O)C(=O)S(=O)(=O)O,DOWN,P0DTD1
C=CC(=O)Nc(c1)ccc(c12)ncnc2Nc3ccccc3,n1cnc(OC)c(c12)c(c[nH]2)-c3cccc(c3)NC(=O)C=C,UP,P00523
O=C1NCC[C@H]1C[C@@H](/C=C/C(=O)OCC)NC(=O)[C@H](CC(C)C)NC(=O)[C@H](C(C)C)NC(=O)[C@H](C)NC(=O)c2cc(on2)C,O=C1NCC[C@H]1C[C@@H](/C=C/C(=O)OCC)NC(=O)[C@H](Cc2ccccc2)NC(=O)[C@H](COC(C)(C)C)NC(=O)OCc3ccccc3,UP,P0C6X7
CC(C)C[C@H](NC(=O)OCc1ccccc1)C(=O)N[C@@H](C[C@@H]1CCNC1=O)C(=O)C(=O)NCc1ccccc1,CC(C)C[C@H](NC(=O)OCc1ccccc1)C(=O)N[C@@H](C[C@@H]1CCNC1=O)[C@@H](O)S(O)(=O)=O,UP,P0DTD1
CC(=O)N1CCN(CC1)C(=O)CCl,Cc1ccc(cc1)C(=O)N2CCN(CC2)C(=O)CCl,DOWN,P0DTD1
Fc1ccc(cc1)[C@H]2CN(CCO2)C(=O)CCl,[O-][N+](=O)c1ccccc1N2CCN(CC2)C(=O)CCl,DOWN,P0DTD1
CC(C)C[C@H](NC(=O)OC[C@@H]1C[C@H]2C=CC[C@H](C2)C1)C(=O)N[C@@H](C[C@@H]1CCNC1=O)C(=O)S(=O)(=O)O,CC(C)C[C@H](NC(=O)OC[C@H]1C[C@H]2CC[C@@H]1C2)C(=O)N[C@@H](C[C@@H]1CCNC1=O)C(O)S(=O)(=O)O,UP,P0DTD1
CC(C)CC(NC(=O)C(NC(=O)OCc1ccccc1)C(C)C)C(=O)NC(C=O)CC1CCNC1=O,O=C1NCC[C@H]1C[C@@H](C(=O)C(=O)NC2CC2)NC(=O)[C@H](CC(C)C)NC(=O)OCc3ccccc3,UP,P0DTD1
CC(C)C[C@H](NC(=O)O[C@H]1CC[C@H](c2ccccc2)CC1)C(=O)N[C@@H](C[C@@H]1CCNC1=O)C(O)S(=O)(=O)O,COc1cccc(c12)[nH]c(c2)C(=O)N[C@@H](CC(C)C)C(=O)N[C@@H](C[C@@H]3CCNC3=O)C(=O)c(s4)nc(c45)cccc5,DOWN,P0DTD1
COc1cccc2[nH]c(C(=O)N[C@@H](CC(C)C)C(=O)N[C@H](C#N)C[C@@H]3CCNC3=O)cc12,O=C(N[C@@H](Cc1ccccc1)C(=O)N[C@@H](C[C@@H]1CCNC1=O)C(O)S(=O)(=O)[O-])OCc1ccccc1,UP,P0DTD1
CC(C)C[C@H](NC(=O)OC[C@H]1C[C@H]2C=CC[C@H](C2)C1)C(=O)N[C@@H](C[C@@H]1CCNC1=O)C(=O)S(=O)(=O)O,c1ccccc1COC(=O)N[C@@H]([C@@H](C)OC(C)(C)C)C(=O)N[C@@H](CC2CCCCC2)C(=O)N[C@H](C=O)C[C@@H]3CCNC3=O,DOWN,P0DTD1
C.CC(C)C.NC(Cc1ccccc1)C(=O)NC(C=O)CC1CCNC1=O.O=COCc1ccccc1,O=C1NCC[C@H]1C[C@@H](/C=C/C(=O)OCC)NC(=O)[C@H](CC(C)C)NC(=O)[C@H]([C@@H](C)OC(C)(C)C)NC(=O)OCc2ccccc2,DOWN,P0DTD1
CC(=O)N[C@H](Cc1ccccc1)C(=O)N1CCC[C@H]1C(=O)N[C@@H](CCCN)B(O)O,N=C(N)NCCC[C@H](NC(=O)[C@@H]1CCCN1C(=O)[C@H](N)Cc1ccccc1)C(=O)CCl,UP,P00734
CCOC(=O)C=C[C@H](C[C@@H]1CCNC1=O)NC(=O)[C@@H](NC(=O)[C@@H](NC(=O)OC(C)(C)C)C(C)C)c1ccccc1,Cc1onc(c1)C(=O)N[C@@H](C)C(=O)N[C@@H](C(C)C)C(=O)N[C@@H](CC(C)C)C(=O)N[C@@H](C[C@@H]2CCNC2=O)/C=C\C(=O)OCc3ccccc3,UP,P0C6X7
CC(=O)N[C@@H](CC(=O)O)C(=O)N[C@@H](CCC(=O)O)C(=O)N[C@H](C(=O)N[C@H](C=O)CC(=O)O)C(C)C,CC(C)[C@H](NC(=O)[C@H](CCC(O)=O)NC(=O)[C@H](CC(O)=O)NC(=O)OCc1ccccc1)C(=O)NN(CC(O)=O)C(=O)\C=C\C(=O)OCc1ccccc1,DOWN,P42574
CC(C)C[C@H](NC(=O)OC1CCC(C)(C)CC1)C(=O)N[C@@H](C[C@@H]1CCNC1=O)C(O)S(=O)(=O)O,Cc1onc(c1)C(=O)N[C@@H](C)C(=O)N[C@@H](C(C)C)C(=O)N[C@@H](CC(C)C)C(=O)N[C@@H](C[C@@H]2CCNC2=O)/C=C\C(=O)OCc3ccccc3,UP,P0DTD1
CC(C)[C@H](NC(=O)c1ccc(cc1)C(=O)NCC(O)=O)C(=O)N1CCC[C@H]1C(=O)N[C@@H](C(C)C)C(=O)C(F)(F)F,FC(F)(F)C(F)(F)C(=O)[C@H](C(C)C)NC(=O)[C@@H]1CCCN1C(=O)[C@H](C(C)C)NC(=O)c2ccc(cc2)C(=O)N3CCOCC3,DOWN,P00772
CCOC(=O)[C@H]1O[C@@H]1C(=O)N[C@@H]([C@@H](C)CC)C(O)=O,CCOC(=O)[C@H]1O[C@@H]1C(=O)N[C@@H]([C@@H](C)O)C(=O)N[C@@H]([C@@H](C)CC)C(O)=O,UP,P07688
CCC[C@H]1CC[C@H](OC(=O)N[C@@H](CC(C)C)C(=O)N[C@@H](C[C@@H]2CCNC2=O)C(O)S(=O)(=O)O)CC1,c1ccccc1OC(=O)N[C@@H](CC(C)C)C(=O)N[C@@H](CC(C)C)C(=O)N[C@@H](C[C@@H]2CCNC2=O)C(=O)C(=O)NC3CC3,UP,P0DTD1
CC(C)C[C@H](NC(=O)[C@@H](NC(=O)c1cc2ccccc2[nH]1)C(C)C)C(=O)N[C@H](C=O)C[C@@H]1CCNC1=O,c1ccccc1COC(=O)N[C@@H]([C@@H](C)OC(C)(C)C)C(=O)N[C@@H](CC2CCCCC2)C(=O)N[C@H](C=O)C[C@@H]3CCNC3=O,DOWN,P0C6X7
CC(C)CC(NC(=O)OCc1ccc(F)cc1)C(=O)NC(CC1CCNC1=O)C(O)S(=O)(=O)O,CC(C)C[C@H](NC(=O)OCc1ccccc1)C(=O)N[C@@H](C[C@@H]1CCNC1=O)C(=O)C(=O)NCc1ccccc1,DOWN,P0DTD1
CC(=O)OC(C(CC1CCNC1=O)NC(=O)C(CC(C)C)NC(=O)OCC(C)(C)c1cccc(Cl)c1)S(=O)(=O)O,COc1ccc(OCCCS(=O)(=O)N[C@@H](CC2CCCCC2)C(=O)N[C@@H](C[C@@H]2CCNC2=O)[C@H](O)S(O)(=O)=O)cc1,DOWN,Q83883
N#CC1CCC2CN1C(=O)N2OS(=O)(=O)[O-],NC(=O)C1CCC2CN1C(=O)N2OS(=O)(=O)[O-],DOWN,G3XD46
ClCC(=O)N1CCN(CC1)C(=O)c2cccs2,Fc1ccccc1S(=O)(=O)N2CCN(CC2)C(=O)CCl,DOWN,P0DTD1
N=C(N)NCCC[C@H](NC(=O)[C@H](Cc1ccccc1)NC(=O)[C@@H](N)Cc1ccccc1)C(=O)CCl,N[C@H](Cc1ccccc1)C(=O)N1CCC[C@H]1C(=O)N[C@@H](CCCNC(N)=N)C(=O)CCl,UP,P08709
CC(C)C[C@H](NC(=O)OCc1cccc(F)c1)C(=O)N[C@@H](C[C@@H]1CCNC1=O)C(O)S(=O)(=O)O,COc1cccc2[nH]c(C(=O)NC(CC(C)C)C(=O)NC(CC3CCNC3=O)C(=O)c3nc4ccccc4s3)cc12,DOWN,P0DTD1
CC(C)C[C@H](NC(=O)OCC12C[C@H]3C[C@@H](C1)C[C@@H](C2)C3)C(=O)N[C@@H](C[C@@H]1CCNC1=O)C(O)S(=O)(=O)O,CCOC(=O)/C=C/C(CC1CCNC1=O)NC(=O)C(CC(C)C)NC(=O)C(NC(=O)OCc1ccccc1)C(C)OC(C)(C)C,DOWN,P0DTD1
CC(C)C[C@H](NC(=O)[C@@H](NC(=O)c1cc2ccccc2[nH]1)C(C)C)C(=O)N[C@H](C=O)C[C@@H]1CCNC1=O,O=C1NCC[C@H]1C[C@@H](/C=C/C(=O)OCC)NC(=O)[C@H](CC(C)C)NC(=O)[C@H](C(C)C)NC(=O)[C@H](C)NC(=O)c2cc(on2)C,DOWN,P0C6X7
CC(=O)NNC(=O)[C@@H]1CC[C@@H]2CN1C(=O)N2OS(O)(=O)=O,OS(=O)(=O)ON1[C@@H]2CN([C@H](CC2)C(=O)NNC(=O)C2CNC2)C1=O,DOWN,Q6XEC0
CC(C)C[C@H](NC(=O)OCC1CCC(F)(F)CC1)C(=O)N[C@@H](C[C@@H]1CCNC1=O)[C@H](O)S(O)(=O)=O,CCOC(=O)/C=C/C(CC1CCNC1=O)NC(=O)C(CC(C)C)NC(=O)C(NC(=O)OCc1ccccc1)C(C)OC(C)(C)C,DOWN,P0DTD1
CC(C)C[C@H](NC(=O)[C@@H](NC(=O)c1cc2ccccc2[nH]1)C(C)C)C(=O)N[C@H](C=O)C[C@@H]1CCNC1=O,CCOC(=O)C=C[C@H](C[C@@H]1CCNC1=O)NC(=O)[C@@H](NC(=O)[C@@H](NC(=O)OC(C)(C)C)C(C)C)c1ccccc1,UP,P0C6X7
CC(C)C[C@H](NC(=O)OCc1ccccc1F)C(=O)N[C@@H](C[C@@H]1CCNC1=O)C(O)S(=O)(=O)O,c1ccccc1COC(=O)N[C@@H]([C@@H](C)OC(C)(C)C)C(=O)N[C@@H](CC2CCCCC2)C(=O)N[C@H](C=O)C[C@@H]3CCNC3=O,DOWN,P0DTD1
C1COCCN1C(=O)N[C@@H](CC(C)C)C(=O)N[C@H](CCc2ccccc2)/C=C/S(=O)(=O)c3ccccc3,CN1CCN(C(=O)NC(Cc2ccccc2)C(=O)NC(/C=C/S(=O)(=O)c2ccccc2)CCc2ccccc2)CC1,UP,Q8MNY2
CC(=O)N1CCC[C@H]1C(=O)N[C@@H](CC(C)C)C(=O)N[C@@H](CC(C)C)C(=O)C1(C)CO1,CC(=O)N[C@@H](CC(C)C)C(=O)N[C@@H](C)C(=O)N[C@@H](CC(C)C)C(=O)C1(C)CO1,DOWN,P25043
COc1cc(OC)cc(c1)N1Cc2cnc(Nc3ccc(cc3)N3CCN(C)CC3)nc2N(Cc2ccc(NC(=O)C=C)cc2)C1=O,COc1cc(cc(c1)OC)CCc2cc([nH]n2)NC(=O)c3ccccc3NC(=O)C=C,UP,P22455
