anchor,target,instr,protein
C=C(F)C(=O)Nc1cccc(C)c1Nc1ncc(OCc2c(Cl)c(OC)cc(OC)c2Cl)cn1,COc1cc(OC)c(Cl)c(c1Cl)COc2cnc(nc2)Nc3c(NC(=O)C=C)cccc3F,UP,P22455
CC(C)C[C@H](NC(=O)[C@H](Cc1ccccc1)N=[N+]=[N-])C(=O)NCC(=O)N[C@H](C=CS(C)(=O)=O)Cc1ccc(CN)cc1,CC(C)C[C@H](NC(=O)c1cnccn1)C(=O)N[C@@H](CC(C)C)C(=O)N[C@H](C=CS(C)(=O)=O)Cc1ccc(CN)cc1,DOWN,P25043
O=C(NNC(=O)C1CCC2CN1C(=O)N2)C1CCNC1,OS(=O)(=O)ON1[C@H]2CN([C@@H](CC2)C(=O)NC2CCNCC2)C1=O,UP,Q9F663
COc1cccc(c12)[nH]c(c2)C(=O)N[C@@H](CC(C)C)C(=O)N[C@@H](C[C@@H]3CCNC3=O)C(=O)COC(=O)c4ccccc4C#N,O=CC(CC1CCNC1=O)NC(=O)C(Cc1ccccc1)NC(=O)OCc1ccccc1,DOWN,P0DTD1
CC(C)C[C@H](NC(=O)OC[C@H]1C[C@H]2CCC[C@H](C2)C1)C(=O)N[C@H](C=O)C[C@@H]1CCNC1=O,COc1cccc2[nH]c(C(=O)N[C@@H](CC(C)C)C(=O)N[C@@H](C[C@@H]3CCCNC3=O)C(=O)COC(=O)c3c(C)cc(C)nc3C)cc12,DOWN,P0DTD1
CC(C)C[C@H](NC(=O)OCc1ccccc1)C(=O)N[C@@H](C[C@@H]1CCNC1=O)[C@H](O)S(=O)(=O)O,COc1cccc2[nH]c(C(=O)N[C@@H](CC(C)C)C(=O)N[C@@H](C[C@@H]3CCCNC3=O)C(=O)COC(=O)c3c(C)cc(C)nc3C)cc12,DOWN,P0DTD1
CC(C)C[C@H](NC(=O)OC[C@H]1C[C@H]2C=CC[C@H](C2)C1)C(=O)N[C@@H](C[C@@H]1CCNC1=O)C(=O)S(=O)(=O)O,COc1cccc2[nH]c(C(=O)N[C@@H](CC(C)C)C(=O)N[C@H](C#N)C[C@@H]3CCNC3=O)cc12,UP,P0DTD1
CC(C)C[C@H](NC(=O)OCC1CCC(F)(F)CC1)C(=O)N[C@@H](C[C@@H]1CCNC1=O)[C@H](O)S(O)(=O)=O,CC(C)C[C@H](NC(=O)O[C@H]1CC[C@H](c2ccccc2)CC1)C(=O)N[C@@H](C[C@@H]1CCNC1=O)C(O)S(=O)(=O)O,DOWN,P0DTD1
O=CC(=O)C(Cc1ccccc1)NC(=O)C(Cc1ccccc1)NC(=O)OCc1ccccc1,Oc1ccc(cc1)C[C@@H](C(=O)N[C@H](C)C(=O)CF)NC(=O)OCc2ccccc2,UP,P25779
CC(=O)N1CCN(CC1)C(=O)CCl,ClCC(=O)N1CCN(CC1)Cc2cccc(c23)cccc3,UP,P0DTD1
CCC[C@H]1CC[C@H](COC(=O)N[C@@H](CC(C)C)C(=O)N[C@@H](C[C@@H]2CCNC2=O)C(O)S(=O)(=O)O)CC1,COc1cccc2[nH]c(C(=O)N[C@@H](CC(C)C)C(=O)N[C@H](C#N)C[C@@H]3CCNC3=O)cc12,UP,P0DTD1
CC(C)C[C@H](NC(=O)[C@H](Cc1ccccc1)N=[N+]=[N-])C(=O)N[C@@H](C)C(=O)N[C@H](C=CS(C)(=O)=O)Cc1ccc(CN)cc1,COC[C@H](NC(=O)[C@H](CC(C)C)NC(=O)c1cnc(C)s1)C(=O)N[C@H](C=CS(C)(=O)=O)Cc1ccc(CN)cc1,UP,P25043
COc1cccc2[nH]c(C(=O)N[C@@H](CC(C)C)C(=O)N[C@H](C=O)C[C@@H]3CCNC3=O)cc12,O=C(N[C@@H](Cc1ccccc1)C(=O)N[C@@H](C[C@@H]1CCNC1=O)C(O)S(=O)(=O)[O-])OCc1ccccc1,UP,P0DTD1
Cc1ccc(c(C)c1)S(=O)(=O)N2CCN(CC2)C(=O)CCl,Cc1ccc(cc1)S(=O)(=O)N2CCN(CC2)C(=O)CCl,UP,P0DTD1
CC(C)C[C@H](NC(=O)OC[C@@H]1C[C@H]2CCC[C@H](C2)C1)C(=O)N[C@H](C=O)C[C@@H]1CCNC1=O,O=C(N[C@@H](Cc1ccccc1)C(=O)N[C@@H](C[C@@H]1CCNC1=O)C(O)S(=O)(=O)[O-])OCc1ccccc1,UP,P0DTD1
Cc1ccc(cc1)C(=O)N2CCN(CC2)C(=O)CCl,[O-][N+](=O)c1ccccc1N2CCN(CC2)C(=O)CCl,DOWN,P0DTD1
O=C1NCC[C@H]1C[C@@H](/C=C/C(=O)OCC)NC(=O)[C@H](Cc2ccccc2)NC(=O)OCc3ccccc3,O=C1NCC[C@H]1C[C@@H](/C=C/C(=O)OCC)NC(=O)[C@H](Cc2ccccc2)NC(=O)[C@H](CC(=O)OC(C)(C)C)NC(=O)OCc3ccccc3,UP,Q5UEA2
C=CC(=O)Nc1cc(-c2c[nH]c3ncnc(Nc4ccc(CN5C(=O)c6ccccc6C5=O)cc4)c23)ccc1OCCO,C=CC(=O)Nc1ccc2ncnc(Nc3cccc(Br)c3)c2c1,UP,P00533
Fc1ccccc1S(=O)(=O)N2CCN(CC2)C(=O)CCl,c1cccc(c12)[C@@H](CN(C2)C(=O)CCl)c3ccccc3,DOWN,P0DTD1
ClCC(=O)Nc1cccc(c1)N2CCCC2=O,ClCC(=O)Nc1cccnc1Cl,UP,P0DTD1
CCOc(oc1=O)c(Cl)c(c12)ccc(c2)N,CCOc1oc(=O)c2cc(NC(N)=N)ccc2c1Cl,UP,P00772
C=CC(=O)N1CCCC(n2nc(-c3ccc(OCc4cccc(C)n4)c(Cl)c3)c3c(N)ncnc32)C1,C=CC(=O)N1CCCC(n2nc(-c3cn(C)c4ccccc34)c3c(N)ncnc32)C1,UP,P00533
ClCC(=O)N1CCN(CC1)C(=O)c2cccs2,ClCC(=O)N1CCN(CC1)Cc2cccc(c23)cccc3,UP,P0DTD1
CC(C)C[C@H](NC(=O)OC[C@H]1C[C@H]2CC[C@@H]1C2)C(=O)N[C@@H](C[C@@H]1CCNC1=O)C(O)S(=O)(=O)O,O=CC(CC1CCNC1=O)NC(=O)C(Cc1ccccc1)NC(=O)OCc1ccccc1,DOWN,P0DTD1
CC(C)C[C@H](NC(=O)OC[C@H]1C[C@H]2CCC[C@H](C2)C1)C(=O)N[C@@H](C[C@@H]1CCNC1=O)C(O)S(=O)(=O)O,CC(C)C[C@H](NC(=O)OC[C@H]1C[C@H]2CC[C@@H]1C2)C(=O)N[C@@H](C[C@@H]1CCNC1=O)C(O)S(=O)(=O)O,UP,P0DTD1
COc1ccc(cc1)N2CCN(CC2)C(=O)CCl,Cc1cccc(CN2CCN(CC2)C(=O)CCl)c1,DOWN,P0DTD1
CC(C)C[C@H](NC(=O)OCc1ccc(F)cc1)C(=O)N[C@@H](C[C@@H]1CCNC1=O)C(O)S(=O)(=O)O,O=C(N[C@@H](Cc1ccccc1)C(=O)N[C@@H](C[C@@H]1CCNC1=O)C(O)S(=O)(=O)[O-])OCc1ccccc1,UP,P0DTD1
CC(C)C[C@H](NC(=O)OCc1ccccc1)C(=O)N[C@@H](C[C@@H]1CCNC1=O)C(O)S(=O)(=O)O,O=C(N[C@@H](Cc1ccccc1)C(=O)N[C@@H](C[C@@H]1CCNC1=O)C(O)S(=O)(=O)[O-])OCc1ccccc1,UP,P0DTD1
CC(C)C[C@H](NC(=O)OCC1CCC(F)(F)CC1)C(=O)N[C@@H](C[C@@H]1CCNC1=O)[C@H](O)S(O)(=O)=O,CC(C)C[C@H](NC(=O)OCc1c(F)c(F)c(F)c(F)c1F)C(=O)N[C@@H](C[C@@H]1CCNC1=O)C(O)S(=O)(=O)O,DOWN,P0DTD1
ClCC(=O)N1CCN(CC1)S(=O)(=O)c2ccc(Cl)cc2,Fc1cccc(F)c1S(=O)(=O)N2CCN(CC2)C(=O)CCl,UP,P0DTD1
CC(C)C(NC(=O)OCc1ccccc1)C(=O)NC(Cc1ccccc1)C(=O)NC(C=O)CC1CCNC1=O,O=C1NCC[C@H]1C[C@@H](/C=C/C(=O)OCC)NC(=O)[C@H](CC(C)C)NC(=O)[C@H]([C@@H](C)OC(C)(C)C)NC(=O)OCc2ccccc2,UP,P0DTD1
CC(C)C[C@H](NC(=O)OC[C@H]1C[C@H]2C=CC[C@H](C2)C1)C(=O)N[C@@H](C[C@@H]1CCNC1=O)C(=O)S(=O)(=O)O,O=CC(CC1CCNC1=O)NC(=O)C(Cc1ccccc1)NC(=O)OCc1ccccc1,DOWN,P0DTD1
CC(C)C(NC(=O)OCc1ccccc1)C(=O)NC(Cc1ccccc1)C(=O)NC(C=O)CC1CCNC1=O,CC(C)C[C@H](NC(=O)OC[C@H]1C[C@H]2CC[C@@H]1C2)C(=O)N[C@@H](C[C@@H]1CCNC1=O)C(O)S(=O)(=O)O,DOWN,P0DTD1
CC(C)(C)OC(=O)Nc1cccn(C(CC2CC2)C(=O)NC(CC2CCNC2=O)C(=O)C(=O)NCc2ccccc2)c1=O,CC(C)CC(NC(=O)C(NC(=O)OCc1ccccc1)C(C)C)C(=O)NC(C=O)CC1CCNC1=O,DOWN,P0DTD1
CC(C)C[C@H](NC(=O)OC(C)(C)C1CCC(F)(F)CC1)C(=O)N[C@@H](C[C@@H]1CCNC1=O)C(O)S(=O)(=O)O,O=C[C@@H](C[C@@H]1CCNC1=O)NC(=O)[C@H](CC1CC1)NC(=O)OCc1cccc(F)c1,DOWN,P0DTD1
O=C(NNC(=O)C1CCC2CN1C(=O)N2)C1CCCNC1,OS(=O)(=O)ON1[C@H]2CN([C@@H](CC2)C(=O)NNC(=O)[C@@H]2CCCNC2)C1=O,UP,Q9F663
CO[C@]1(NC(=O)Cc2cccs2)[C@H]2SCC(COC(N)=O)=C(N2C1=O)C(O)=O,CO\N=C(\C(=O)N[C@H]1[C@H]2SCC(COC(C)=O)=C(N2C1=O)C(O)=O)c1csc(N)n1,UP,P00811
CC(C)(C)OC(=O)Nc1cccn(C(CC2CC2)C(=O)NC(CC2CCNC2=O)C(=O)C(=O)NCc2ccccc2)c1=O,O=C(N[C@@H](Cc1ccccc1)C(=O)N[C@@H](C[C@@H]1CCNC1=O)C(O)S(=O)(=O)[O-])OCc1ccccc1,UP,P0DTD1
CC(C)C[C@H](NC(=O)OC(C)(C)C1CCC(F)(F)CC1)C(=O)N[C@@H](C[C@@H]1CCNC1=O)C(O)S(=O)(=O)O,CC(C)C[C@H](NC(=O)OCC1=CC=CC=C1)C(=O)N[C@@H](C[C@@H]1CCNC1=O)[C@H](O)S(O)(=O)=O,UP,P0DTD1
CC(C)C[C@H](NC(=O)OCc1ccccc1)C(=O)N[C@@H](C[C@@H]1CCNC1=O)[C@H](O)S(=O)(=O)O,O=C[C@@H](C[C@@H]1CCNC1=O)NC(=O)[C@H](CC1CC1)NC(=O)OCc1cccc(F)c1,DOWN,P0DTD1
O=C(N[C@@H](Cc1ccc(cc1)-c1ccc(cc1)C#N)C#N)[C@@H]1CCCN1,O[C@@H]1CN[C@@H](C1)C(=O)N[C@@H](Cc1ccc(cc1)-c1ccc(cc1)C#N)C#N,UP,P53634
O[C@@H]([C@H](C[C@@H]1CCNC1=O)NC(=O)[C@@H](CC1CCCCC1)NC(=O)OCc1ccccc1)S(O)(=O)=O,c12cn(nn2)CCCNC(=O)CC[C@@H](C=O)NC(=O)[C@H](CC3CCCCC3)NC(=O)[C@H](C1)NC(=O)OCc4ccccc4,DOWN,Q83883
Cc1cccc(CN2CCN(CC2)C(=O)CCl)c1,ClCC(=O)N1CCC(CC1)C(=O)N2CCCCC2,UP,P0DTD1
CC(C)(C)Oc1ccc(cc1)C[C@@H](C(=O)C=O)NC(=O)[C@H](Cc2ccccc2)NC(=O)OCc3ccccc3,CC(C)(C)Oc1ccc(cc1)C[C@@H](C(=O)C=[N+]=[N-])NC(=O)[C@H](Cc2ccccc2)NC(=O)OCc3ccccc3,DOWN,P07711
CC(=O)CCC[N+](C)(C)C,CC(=O)OCC[N+](C)(C)C,DOWN,P04058
CC(C)C[C@H](NC(=O)OC[C@H]1C[C@H]2C=CC[C@H](C2)C1)C(=O)N[C@@H](C[C@@H]1CCNC1=O)C(=O)S(=O)(=O)O,O=C[C@@H](C[C@@H]1CCNC1=O)NC(=O)[C@H](CC1CC1)NC(=O)OCc1ccccc1,DOWN,P0DTD1
O=C1NCC[C@H]1C[C@@H](/C=C/C(=O)OCC)NC(=O)[C@H](Cc2ccccc2)NC(=O)OCc3ccccc3,O=C1NCC[C@H]1C[C@@H](/C=C/C(=O)OCC)NC(=O)[C@H](Cc2ccccc2)NC(=O)[C@H](CC(=O)OC(C)(C)C)NC(=O)OCc3ccccc3,UP,P0C6X7
CC(C)C[C@H](NC(=O)OC[C@H]1C[C@H]2CC[C@@H]1C2)C(=O)N[C@@H](C[C@@H]1CCNC1=O)C(O)S(=O)(=O)O,O=C(N[C@@H](Cc1ccccc1)C(=O)N[C@@H](C[C@@H]1CCNC1=O)C(O)S(=O)(=O)[O-])OCc1ccccc1,UP,P0DTD1
CC(C)C[C@H](NC(=O)OCC1CCC(F)(F)CC1)C(=O)N[C@@H](C[C@@H]1CCNC1=O)[C@H](O)S(O)(=O)=O,COc1cccc2[nH]c(C(=O)N[C@@H](CC(C)C)C(=O)N[C@H](C#N)C[C@@H]3CCNC3=O)cc12,UP,P0DTD1
CC(C)C[C@H](NC(=O)OCc1ccccc1)C(=O)N[C@@H](C[C@@H]1CCNC1=O)C(O)S(=O)(=O)O,CC(C)[C@H](NC(=O)OCc1ccccc1)C(=O)N[C@@H](CC1CCCCC1)C(=O)N[C@H](C=O)Cc1ccc[nH]c1=O,DOWN,P0DTD1
COc1cccc(c12)CN(CC2)C(=O)c3c(C4CC4)n(c(c35)c(C)cc(Cl)c5)CC(=O)NC6CN(C6)C(=O)C=C,COc1cccc(c12)CN(CC2)C(=O)c3cn(c(c34)ccc(Br)c4)CC(=O)NC5CN(C5)C(=O)C=C,UP,P01116
COc1ccc(cc1)N2CCN(CC2)C(=O)CCl,ClCC(=O)N1CCN(Cc2ccc(Cl)s2)CC1,DOWN,P0DTD1
COc1cccc(c12)[nH]c(c2)C(=O)N[C@@H](CC(C)C)C(=O)N[C@@H](C[C@@H]3CCNC3=O)C(=O)c(s4)nc(c45)cccc5,O=C[C@@H](C[C@@H]1CCNC1=O)NC(=O)[C@H](CC1CC1)NC(=O)OCc1cccc(F)c1,DOWN,P0DTD1
CC(C)C[C@H](NC(=O)OC[C@H]1C[C@H]2CC[C@@H]1C2)C(=O)N[C@@H](C[C@@H]1CCNC1=O)C(O)S(=O)(=O)O,O=C[C@@H](C[C@@H]1CCNC1=O)NC(=O)[C@H](CC1CC1)NC(=O)OCc1ccccc1,DOWN,P0DTD1
COc1cccc(c12)[nH]c(c2)C(=O)N[C@@H](CC(C)C)C(=O)N[C@@H](C[C@@H]3CCNC3=O)C(=O)COC(=O)c4ccccc4C#N,O=C[C@@H](C[C@@H]1CCNC1=O)NC(=O)[C@H](CC1CC1)NC(=O)OCc1ccccc1,DOWN,P0DTD1
Cc1ccc(c(C)c1)S(=O)(=O)N2CCN(CC2)C(=O)CCl,ClCC(=O)N1CCN(CC1)S(=O)(=O)c2ccc(Cl)s2,UP,P0DTD1
COc1ccc(c(C)c1)NC(=O)[C@H](N(C(=O)C=C)c2cc(on2)C(C)(C)C)c3cccnc3,c1ccncc1[C@H](C(=O)NC(C)(C)C)N(C(=O)C=C)c2cc(on2)C(C)(C)C,UP,P0DTD1
O=C(/C=C/c1ccccc1)NC(Cc1ccccc1)C(=O)NC(CC1CCNC1=O)C(=O)C(=O)NCc1ccccc1,O=C1NCC[C@H]1C[C@H](NC(=O)OC(C)(C)C)C(=O)C(=O)NCc2ccccc2,DOWN,P0C6X5
ClCC(=O)N1CCN(CC1)C(=O)c2cccs2,Fc1ccc(cc1)[C@H]2CN(CCO2)C(=O)CCl,UP,P0DTD1
CC1=C(C(=O)N[C@H](C)C(=O)N[C@@H](Cc2c[nH]c3ccccc23)C(=O)NC(Cc2ccccc2)C(=O)[C@@]2(C)CO2)Cc2ccccc21,COc1ccc(C[C@H](NC(=O)[C@H](C)NC(=O)CN2CCOCC2)C(=O)N[C@@H](CC2CCC3CCCCC3C2)C(=O)[C@@]2(C)CO2)cc1,DOWN,P30656
CC(C)C[C@H](NC(=O)OC1CCC(C)(C)CC1)C(=O)N[C@@H](C[C@@H]1CCNC1=O)C(O)S(=O)(=O)O,COc1cccc2[nH]c(C(=O)N[C@@H](CC(C)C)C(=O)N[C@H](C#N)C[C@@H]3CCNC3=O)cc12,UP,P0DTD1
O=C(NC1CCNCC1)C1CCC2CN1C(=O)N2OS(=O)(=O)O,O=C(NNC(=O)C1CCC2CN1C(=O)N2OS(=O)(=O)O)C1CCCNC1,DOWN,P00811
CC(C)C[C@H](NC(=O)OCc1ccccc1)C(=O)N[C@@H](C[C@@H]1CCNC1=O)[C@H](O)S(=O)(=O)O,c1cccc(c12)[nH]c(c2)C(=O)N[C@@H](Cc3cccc(F)c3)C(=O)N[C@H](C=O)C[C@@H]4CCNC4=O,UP,P0DTD1
Cc1cccc(CN2CCN(CC2)C(=O)CCl)c1,Oc1ccccc1NC(=O)C2CCN(CC2)C(=O)CCl,UP,P0DTD1
CC(C)C[C@H](NC(=O)OC1CCC(C)(C)CC1)C(=O)N[C@@H](C[C@@H]1CCNC1=O)C(O)S(=O)(=O)O,O=C(N[C@@H](Cc1ccccc1)C(=O)N[C@@H](C[C@@H]1CCNC1=O)C(O)S(=O)(=O)[O-])OCc1ccccc1,UP,P0DTD1
COc1cccc(c12)[nH]c(c2)C(=O)N[C@@H](CC(C)C)C(=O)N[C@@H](C[C@@H]3CCNC3=O)C(=O)COC(=O)c4ccccc4C#N,COc1cccc2[nH]c(C(=O)N[C@@H](CC(C)C)C(=O)N[C@@H](C[C@@H]3CCCNC3=O)C(=O)COC(=O)c3c(C)cc(C)nc3C)cc12,DOWN,P0DTD1
Cc1onc(c1C(=O)N[C@H]1[C@H]2SC(C)(C)[C@@H](N2C1=O)C(O)=O)-c1c(Cl)cccc1Cl,Cc1onc(c1C(=O)N[C@H]1[C@H]2SC(C)(C)[C@@H](N2C1=O)C(O)=O)-c1ccccc1Cl,DOWN,C8W8H7
CC(C)C[C@H](NC(=O)OCc1ccccc1)C(=O)N[C@@H](C[C@@H]1CCNC1=O)C(=O)C(=O)NCc1ccccc1,CCOC(=O)/C=C/C(CC1CCNC1=O)NC(=O)C(CC(C)C)NC(=O)C(NC(=O)OCc1ccccc1)C(C)OC(C)(C)C,UP,P0DTD1
COc1cccc2[nH]c(C(=O)N[C@@H](CC(C)C)C(=O)N[C@H](C#N)C[C@@H]3CCNC3=O)cc12,O=C1NCC[C@H]1C[C@@H](/C=C/C(=O)OCC)NC(=O)[C@H](CC(C)C)NC(=O)[C@H]([C@@H](C)OC(C)(C)C)NC(=O)OCc2ccccc2,UP,P0DTD1
CCCCCC(=O)N[C@H](C(=O)N[C@@H](CCC(=O)N(C)C)C(=O)N[C@@H](CC(C)C)C(=O)C(C)C)C(C)C,CCCCCC(=O)N[C@H](C(=O)N[C@@H](CC[S@@](C)=O)C(=O)N[C@@H](CC(C)C)C(=O)[C@]1(C)CO1)C(C)C,UP,P30656
C=CC(=O)Nc1cc(Nc2nccc(-c3cn(C)c4ccccc34)n2)c(OC)cc1N(C)CCN(C)C,C=CC(=O)Nc1cccc(N(C(=O)OCc2ccc(F)cc2)c2ccnc(Nc3ccn(C)n3)n2)c1,UP,P00533
N=C(N)NCCC[C@H](NC(=O)[C@@H]1CCCN1C(=O)[C@@H](Cc1ccccc1)NC(=O)CS)C(=O)CCl,N=C(N)NCCC[C@H](NC(=O)[C@@H]1CCCN1C(=O)[C@@H](N)Cc1ccccc1)C(=O)CCl,DOWN,P00734
C=CC(=O)Nc1cccc(c1)-c2ncnc(c23)[nH]cc3,NC(=O)c1cnn2cccc2c1NCc1cccc(NC(=O)C=C)c1,UP,P52333
COc1cccc2[nH]c(C(=O)N[C@@H](CC(C)C)C(=O)N[C@H](C=O)C[C@@H]3CCNC3=O)cc12,c1cccc(c12)[nH]c(c2)C(=O)N[C@@H](CC3CCCCC3)C(=O)N[C@H](C=O)C[C@@H]4CCNC4=O,UP,P0DTD1
CC(=O)N[C@H](Cc1ccccc1)C(=O)N[C@@H](Cc1ccccc1)C(=O)N[C@@H](CCCNC(N)=[NH2+])C(=O)CCl,NC(=[NH2+])NCCC[C@H](NC(=O)[C@H](Cc1ccccc1)NC(=O)[C@H](N)Cc1ccccc1)C(=O)CCl,DOWN,P08709
CC(C)C[C@H](NC(=O)OCC1=CC=CC=C1)C(=O)N[C@@H](C[C@@H]1CCNC1=O)[C@H](O)S(O)(=O)=O,CC(C)C[C@H](NC(=O)OCc1ccccc1)C(=O)N[C@@H](C[C@@H]1CCNC1=O)C(O)S(=O)(=O)O,DOWN,P0DTD1
CC(C)C[C@H](NC(=O)OCc1ccccc1)C(=O)N[C@H](C=O)C[C@@H]1CCNC1=O,O=C1NCC[C@H]1C[C@@H](/C=C/C(=O)OCC)NC(=O)[C@H](CC(C)C)NC(=O)[C@H](C(C)C)NC(=O)[C@H](C(C)C)NC(=O)c2ccoc2,UP,P0C6X7
CC(C)C[C@H](NC(=O)O[C@H]1CC[C@H](c2ccccc2)CC1)C(=O)N[C@@H](C[C@@H]1CCNC1=O)C(O)S(=O)(=O)O,O=C[C@@H](C[C@@H]1CCNC1=O)NC(=O)[C@H](CC1CC1)NC(=O)OCc1cccc(F)c1,DOWN,P0DTD1
CCOC(=O)C=C[C@H](C[C@@H]1CCNC1=O)NC(=O)[C@H](Cc1ccccc1)NC(=O)CCC1CC1,CN(C)c1ccc(cc1)/C=C/C(=O)N[C@@H](Cc2ccccc2)C(=O)N[C@H](C=O)C[C@@H]3CCNC3=O,UP,A9XG43
CC(C)C[C@H](NC(=O)OC[C@H]1C[C@H]2C=CC[C@H](C2)C1)C(=O)N[C@@H](C[C@@H]1CCNC1=O)C(=O)S(=O)(=O)O,COc1cccc2[nH]c(C(=O)N[C@@H](CC(C)C)C(=O)N[C@@H](C[C@@H]3CCCNC3=O)C(=O)COC(=O)c3c(C)cc(C)nc3C)cc12,DOWN,P0DTD1
CC(C)C[C@H](NC(=O)O[C@@H](Cc1ccccc1)C1CCC(F)(F)CC1)C(=O)N[C@@H](C[C@@H]1CCNC1=O)C(O)S(=O)(=O)O,O=C(N[C@@H](Cc1ccccc1)C(=O)N[C@@H](C[C@@H]1CCNC1=O)C(O)S(=O)(=O)[O-])OCc1ccccc1,UP,P0DTD1
COc1cccc2[nH]c(C(=O)N[C@@H](CC(C)C)C(=O)N[C@H](C=O)C[C@@H]3CCNC3=O)cc12,O=CC(CC1CCNC1=O)NC(=O)C(Cc1ccccc1)NC(=O)OCc1ccccc1,DOWN,P0DTD1
CC(C)C(NC(=O)OCc1ccccc1)C(=O)NC(Cc1ccccc1)C(=O)NC(C=O)CC1CCNC1=O,CCC[C@H]1CC[C@H](OC(=O)N[C@@H](CC(C)C)C(=O)N[C@@H](C[C@@H]2CCNC2=O)C(O)S(=O)(=O)O)CC1,DOWN,P0DTD1
CC(C)C[C@H](NC(=O)OCCc1cccc(Cl)c1)C(=O)N[C@@H](C[C@@H]1CCNC1=O)[C@H](O)S(O)(=O)=O,CC(C)C[C@H](NC(=O)OCc1ccccc1)C(=O)N[C@@H](C[C@@H]1CCNC1=O)[C@@H](O)S(O)(=O)=O,DOWN,K9N638
CCC[C@H]1CC[C@H](OC(=O)N[C@@H](CC(C)C)C(=O)N[C@@H](C[C@@H]2CCNC2=O)C(O)S(=O)(=O)O)CC1,Cc1onc(c1)C(=O)N[C@@H](C)C(=O)N[C@@H](C(C)C)C(=O)N[C@@H](CC(C)C)C(=O)N[C@@H](C[C@@H]2CCNC2=O)/C=C\C(=O)OCc3ccccc3,DOWN,P0DTD1
NC(=O)C1CCC2CN1C(=O)N2OS(=O)(=O)O,[C@@H]12CC[C@@H](C(=O)N)N(C1)C(=O)N2OS([O-])(=O)=O,UP,Q6XEC0
Oc1c(C)cc(cc1C)/C=C/c2cc(cc(c2)N(C)C)C(=O)Sc3ccc(F)cc3,Oc1c(C)cc(cc1C)/C=C/c2ccc(cc2)NC(=O)C=C,DOWN,P02766
CC(C)C[C@H](NC(=O)OCC1=CC=CC=C1)C(=O)N[C@@H](C[C@@H]1CCNC1=O)[C@H](O)S(O)(=O)=O,CC(C)C[C@H](NC(=O)OCc1ccccc1)C(=O)N[C@@H](C[C@@H]1CCNC1=O)[C@H](O)S(=O)(=O)O,DOWN,P0DTD1
CC(C)C[C@H](NC(=O)OCC1CCC(F)(F)CC1)C(=O)N[C@@H](C[C@@H]1CCNC1=O)[C@H](O)S(O)(=O)=O,O=C[C@@H](C[C@@H]1CCNC1=O)NC(=O)[C@H](CC1CC1)NC(=O)OCc1ccccc1,DOWN,P0DTD1
COc1cccc2[nH]c(C(=O)NC(CC(C)C)C(=O)NC(CC3CCNC3=O)C(=O)c3nc4ccccc4s3)cc12,COc1cccc2[nH]c(C(=O)N[C@@H](CC(C)C)C(=O)N[C@H](C#N)C[C@@H]3CCNC3=O)cc12,UP,P0DTD1
CC(C)C[C@H](NC(=O)OC[C@@H]1C[C@H]2CCC[C@H](C2)C1)C(=O)N[C@H](C=O)C[C@@H]1CCNC1=O,O=C[C@@H](C[C@@H]1CCNC1=O)NC(=O)[C@H](CC1CC1)NC(=O)OCc1cccc(F)c1,DOWN,P0DTD1
CC(C)CC(NC(=O)OC(C)C1CCC(F)(F)CC1)C(=O)NC(C=O)CC1CCNC1=O,CC(C)C[C@H](NC(=O)OCC1=CC=CC=C1)C(=O)N[C@@H](C[C@@H]1CCNC1=O)[C@H](O)S(O)(=O)=O,UP,P0DTD1
CC(C)C[C@H](NC(=O)OCC12C[C@H]3C[C@@H](C1)C[C@@H](C2)C3)C(=O)N[C@@H](C[C@@H]1CCNC1=O)C(O)S(=O)(=O)O,O=C1NCC[C@H]1C[C@@H](C(=O)C(=O)NC2CC2)NC(=O)[C@H](CC(C)C)NC(=O)OCc3ccccc3,DOWN,P0DTD1
NC(=O)C1CCC2CN1C(=O)N2OS(=O)(=O)[O-],O=C(NNC(=O)C1CCC2CN1C(=O)N2OS(=O)(=O)O)C1CCCNC1,DOWN,G3XD46
Cc1ccc(CO[C@@H]2C[C@H](N(C2)C(=O)[C@@H](CCc2ccccc2)NC(=O)OCc2ccccc2)C(=O)N[C@@H](CCCCN)C(=O)c2nc3ccccc3o2)cc1,NCCCC[C@H](NC(=O)OCc1ccccc1)C(=O)N[C@@H](CCc1ccccc1)C(=O)N[C@@H](CCCCN)C(=O)c1nc2ccccc2o1,UP,Q16651
CC(C)C[C@H](NC(=O)OCc1ccccc1)C(=O)N[C@@H](C[C@@H]1CCNC1=O)C(O)S(=O)(=O)O,COc1cccc2[nH]c(C(=O)N[C@@H](CC(C)C)C(=O)N[C@H](C#N)C[C@@H]3CCNC3=O)cc12,UP,P0DTD1
CC(C)C[C@H](NC(=O)c1ccncc1)C(=O)NCC(=O)CNS(=O)(=O)c1ccc(Oc2ccccc2)cc1,c1ccccc1-c2cc(ccc2)[C@@H](CC(C)C)C(=O)NCC(=O)CNS(=O)(=O)c3ccccn3,DOWN,P43235
C=CC(=O)Nc1cccc(N(C(=O)OCc2ccc(F)cc2)c2ccnc(Nc3ccn(C)n3)n2)c1,COCCSc1nc(-c2ccc(F)cc2)c([nH]1)-c3ccnc(c3)Nc4cc(NC(=O)C=C)ccc4OC,DOWN,P00533
COc1cccc2[nH]c(C(=O)NC(CC(C)C)C(=O)NC(CC3CCNC3=O)C(=O)c3nc4ccccc4s3)cc12,O=C(N[C@@H](Cc1ccccc1)C(=O)N[C@@H](C[C@@H]1CCNC1=O)C(O)S(=O)(=O)[O-])OCc1ccccc1,UP,P0DTD1
CC(C)[C@H](NC(N)=O)C(=O)N[C@@H](CCCNC(N)=N)C(=O)c1nccs1,Cc1cccc(c1)-c1ncc(N)c(=O)n1CC(=O)N[C@@H](CCCNC(N)=N)C(=O)c1nccs1,DOWN,P03951
c1cccc(c12)N(C(=O)C=C)CCN2C(=O)OC,c1cccc(c12)N(C(=O)C=C)CCN2C(=O)OC(C)(C)C,UP,P24941
COc1ccc(cc1)N2CCN(CC2)C(=O)CCl,Fc1cccc(F)c1S(=O)(=O)N2CCN(CC2)C(=O)CCl,UP,P0DTD1
CC(C)C[C@H](NC(=O)[C@@H](NC(=O)[C@@H](NC(=O)[C@H](C)C(=O)N[C@@H](Cc1ccccc1)C(=O)O)[C@@H](C)O)[C@H](C)O)C(=O)[C@H]1CO1,CC(C)C[C@H](NC(=O)[C@H](CCc1ccccc1)NC(=O)CN1CCOCC1)C(=O)N[C@@H](Cc1ccccc1)C(=O)N[C@@H](CC(C)C)C(=O)[C@@]1(C)CO1,UP,P25043
CCOC(=O)C=C[C@H](C[C@@H]1CCNC1=O)NC(=O)[C@@H](NC(=O)[C@@H](NC(=O)OC(C)(C)C)C(C)C)c1ccccc1,O=C1NCC[C@H]1C[C@@H](/C=C/C(=O)OCC)NC(=O)[C@H](CC(C)C)NC(=O)[C@H](C(C)C)NC(=O)[C@H](C(C)C)NC(=O)c2ccoc2,UP,P0C6X7
Cc1ccc(c(C)c1)S(=O)(=O)N2CCN(CC2)C(=O)CCl,ClCC(=O)N1CCN(Cc2cccs2)CC1,DOWN,P0DTD1
Cc1ccc(c(C)c1)S(=O)(=O)N2CCN(CC2)C(=O)CCl,ClCC(=O)N1CCN(CC1)S(=O)(=O)c2cccs2,UP,P0DTD1
CC(C)C[C@H](NC(=O)[C@@H](NC(=O)c1cc2ccccc2[nH]1)C(C)C)C(=O)N[C@H](C=O)C[C@@H]1CCNC1=O,O=C1NCC[C@H]1C[C@@H](/C=C/C(=O)OCC)NC(=O)[C@H](Cc2ccccc2)NC(=O)[C@H](COC(C)(C)C)NC(=O)OCc3ccccc3,DOWN,P0C6X7
CC(C)CCNC(=O)[C@H](CC(C)C)NC(=O)[C@@H]1O[C@H]1C(O)=O,CCOC(=O)[C@H]1O[C@@H]1C(=O)N[C@@H]([C@@H](C)CC)C(O)=O,DOWN,P07688
CC(C)C[C@H](NC(=O)[C@H](CCc1ccccc1)NC(=O)CN1CCOCC1)C(=O)N[C@@H](Cc1ccccc1)C(=O)N[C@@H](CC(C)C)C(=O)[C@@]1(C)CO1,CCCCCC(=O)N[C@H](C(=O)N[C@@H](CC[S@@](C)=O)C(=O)N[C@@H](CC(C)C)C(=O)[C@]1(C)CO1)C(C)C,UP,P30656
CC(C)C[C@H](NC(=O)OCc1ccccc1F)C(=O)N[C@@H](C[C@@H]1CCNC1=O)C(O)S(=O)(=O)O,O=C1NCC[C@H]1C[C@@H](/C=C/C(=O)OCC)NC(=O)[C@H](CC(C)C)NC(=O)[C@H]([C@@H](C)OC(C)(C)C)NC(=O)OCc2ccccc2,UP,P0DTD1
CCOC(=O)/C=C/C(CC1CCNC1=O)NC(=O)C(CC(C)C)NC(=O)C(NC(=O)OCc1ccccc1)C(C)OC(C)(C)C,c1cccc(c12)[nH]c(c2)C(=O)N[C@@H](Cc3cccc(F)c3)C(=O)N[C@H](C=O)C[C@@H]4CCNC4=O,UP,P0DTD1
C.CC(C)C.NC(Cc1ccccc1)C(=O)NC(C=O)CC1CCNC1=O.O=COCc1ccccc1,CC(C)CC(NC(=O)OCc1ccccc1)C(=O)NC(CC1CCNC1=O)C(O)S(=O)(=O)O,DOWN,P0DTD1
N[C@@H](CCC[C@@]1(CN1)C(O)=O)C(O)=O,N[C@@H](CCC[C@]1(CN1)C(O)=O)C(O)=O,UP,P44859
c1ccccc1COC(=O)N[C@@H](Cc2ccccc2)C(=O)N[C@@H](CCc3ccccc3)/C=C/S(=O)(=O)Cc4ccccc4,c1ccccc1COC(=O)N[C@@H](Cc2ccccc2)C(=O)N[C@@H](CCc3ccccc3)/C=C/S(=O)(=O)Oc4ccccc4,DOWN,P25779
CC(C)C[C@H](NC(=O)[C@H](Cc1ccccc1)N=[N+]=[N-])C(=O)N[C@@H](C)C(=O)N[C@H](C=CS(C)(=O)=O)Cc1ccc(CN)cc1,CC(C)C[C@H](NC(=O)[C@H](Cc1ccccc1)N=[N+]=[N-])C(=O)N[C@@H](CO)C(=O)N[C@H](C=CS(C)(=O)=O)Cc1ccc(CN)cc1,UP,P25043
CC(C)C[C@H](NC(=O)OC[C@H]1C[C@H]2C=CC[C@H](C2)C1)C(=O)N[C@@H](C[C@@H]1CCNC1=O)C(=O)S(=O)(=O)O,CC(C)C[C@H](NC(=O)OCc1ccccc1)C(=O)N[C@@H](C[C@@H]1CCNC1=O)[C@@H](O)S(O)(=O)=O,UP,P0DTD1
F[C@@H]1CN[C@@H](C1)C(=O)N[C@@H](Cc1ccc(cc1)-c1ccc(cc1)C#N)C#N,O[C@@H]1CN[C@@H](C1)C(=O)N[C@@H](Cc1ccc(cc1)-c1ccc(cc1)C#N)C#N,UP,P53634
C=CC(=O)N(c1ccc(C(C)(C)C)cc1)C(C(=O)NCCCOC)c1cccnc1,c1ccncc1[C@H](C(=O)NC(C)(C)C)N(C(=O)C=C)c2cc(on2)C(C)(C)C,DOWN,P0DTD1
CC(C)C[C@H](NC(=O)[C@@H](NC(=O)[C@H](CO)NC(=O)[C@@H](N)CCC(=O)O)[C@@H](C)O)C(=O)N[C@H](C=O)CCC(N)=O,C[C@H](O)N[C@@H](CC(N)=O)C(=O)N[C@@H](CO)C(=O)N[C@H](C(=O)N[C@@H](CO)C(=O)N[C@H](C=O)CCC(N)=O)[C@@H](C)O,DOWN,P0C6X7
ClCC(=O)N1CCC(CC1)NC(=O)c2ccccc2,ClCC(=O)Nc1cccc(c1)C(=O)N2CCSCC2,DOWN,P0DTD1
Cc1ccc(C)c(c1)S(=O)(=O)N2CCN(CC2)C(=O)CCl,ClCC(=O)N1CCN(CC1)C(=O)c2cccs2,DOWN,P0DTD1
OS(=O)(=O)ON1[C@H]2CN([C@@H](CC2)C#N)C1=O,OS(=O)(=O)ON1[C@H]2CN([C@@H](CC2)C(=O)NNC(=O)[C@@H]2CCNC2)C1=O,UP,Q9F663
CCOC(=O)C=C[C@H](C[C@@H]1CCNC1=O)NC(=O)[C@@H]1C[C@@H](c2ccccc2)CN1C(=O)[C@@H](NC(=O)c1cc(C)on1)C(C)C,O=C1NCC[C@H]1C[C@@H](/C=C/C(=O)OCC)NC(=O)[C@H](Cc2ccc(F)cc2)CC(=O)[C@H](C(C)C)NC(=O)c3noc(C)c3,DOWN,P04936
CC(C)C[C@H](NC(=O)O[C@H]1CC[C@H](c2ccccc2)CC1)C(=O)N[C@@H](C[C@@H]1CCNC1=O)C(O)S(=O)(=O)O,CCOC(=O)/C=C/C(CC1CCNC1=O)NC(=O)C(CC(C)C)NC(=O)C(NC(=O)OCc1ccccc1)C(C)OC(C)(C)C,UP,P0DTD1
C.CC(C)C.NC(Cc1ccccc1)C(=O)NC(C=O)CC1CCNC1=O.O=COCc1ccccc1,CCOC(=O)C=C[C@H](C[C@@H]1CCNC1=O)NC(=O)[C@@H](CC(=O)[C@@H](NC(=O)c1cc(C)on1)C(C)C)Cc1ccc(F)cc1,UP,P0DTD1
CC(C)C[C@H](NC(=O)OC[C@H]1C[C@H]2CCC[C@H](C2)C1)C(=O)N[C@H](C=O)C[C@@H]1CCNC1=O,O=C[C@@H](C[C@@H]1CCNC1=O)NC(=O)[C@H](CC1CC1)NC(=O)OCc1cccc(F)c1,DOWN,P0DTD1
CCCCC[C@H](O)\C=C\[C@H]1C=CC(=O)[C@@H]1CCCCCCC(O)=O,CCCCC[C@H](O)\C=C\[C@H]1C=CC(=O)[C@@H]1C\C=C/CCCC(O)=O,DOWN,P43354
CC(C)C[C@H](NC(=O)[C@H](Cc1ccccc1)N=[N+]=[N-])C(=O)N[C@@H](C)C(=O)N[C@H](C=CS(C)(=O)=O)Cc1ccc(CN)cc1,CC(C)C[C@H](NC(=O)c1cnccn1)C(=O)N[C@@H](CC(C)C)C(=O)N[C@H](C=CS(C)(=O)=O)Cc1ccc(CN)cc1,DOWN,P25043
CCOC(=O)[C@H]1O[C@@H]1C(=O)N[C@@H]([C@@H](C)CC)C(=O)N[C@@H](C)C(O)=O,CCOC(=O)[C@H]1O[C@@H]1C(=O)N[C@@H]([C@@H](C)CC)C(=O)N[C@@H]([C@@H](C)CC)C(O)=O,DOWN,P07688
ClCC(=O)N1CCN(CC1)S(=O)(=O)c2ccc(Cl)cc2,ClCC(=O)N1CCN(Cc2ccc(Cl)s2)CC1,DOWN,P0DTD1
CC1(C)S[C@@H]2[C@H](NC(=O)COc3ccccc3)C(=O)N2[C@H]1C(O)=O,Cc1onc(c1C(=O)N[C@H]1[C@H]2SC(C)(C)[C@@H](N2C1=O)C(O)=O)-c1c(Cl)cccc1Cl,UP,C8W8H7
C.CC(C)C.NC(Cc1ccccc1)C(=O)NC(C=O)CC1CCNC1=O.O=COCc1ccccc1,CC(C)C[C@H](NC(=O)OC[C@@H]1C[C@H]2CCC[C@H](C2)C1)C(=O)N[C@H](C=O)C[C@@H]1CCNC1=O,DOWN,P0DTD1
CC(C)C[C@H](NC(=O)OCc1ccccc1)C(=O)N[C@@H](C[C@@H]1CCNC1=O)[C@H](O)S(=O)(=O)O,O=C(N[C@@H](Cc1ccccc1)C(=O)N[C@@H](C[C@@H]1CCNC1=O)C(O)S(=O)(=O)[O-])OCc1ccccc1,UP,P0DTD1
CC(C)C[C@H](NC(=O)[C@H](CCC(=O)O)NC(=O)[C@@H](NC(=O)[C@@H](N)C(C)O)C(C)C)C(=O)N[C@@H](CCC(N)=O)C(=O)NCC(=O)N[C@H](C(=O)N[C@H](C(=O)N1CCC[C@H]1C(=O)N[C@@H](CCCNC(=N)N)C(=O)CCl)C(C)C)C(C)C,N=C(N)NCCC[C@H](NC(=O)[C@@H]1CCCN1C(=O)[C@@H](Cc1ccccc1)NC(=O)CS)C(=O)CCl,DOWN,P00734
Oc1ccc(cc1)C[C@@H](C(=O)N[C@H](C)C(=O)CF)NC(=O)OCc2ccccc2,[O-][N+](=O)c1ccc(cc1)OS(=O)(=O)/C=C/[C@H](CCc2ccccc2)NC(=O)[C@H](Cc3ccccc3)NC(=O)OCc4ccccc4,UP,P25779
CCOC(=O)[C@H]1O[C@H]1C(=O)N(CCC(=O)N)NC(=O)[C@H](Cc2ccccc2)NC(=O)[C@H](CC(C)C)NC(=O)OCc3ccccc3,O=C1NCC[C@H]1C[C@@H](/C=C/C(=O)OCC)NC(=O)[C@H](Cc2ccccc2)NC(=O)[C@H](CCC(=O)OC(C)(C)C)NC(=O)OCc3ccccc3,DOWN,P0C6X7
ClCC(=O)N1CCN(Cc2cccc(Cl)c2)CC1,c1cccc(c12)[C@@H](CN(C2)C(=O)CCl)c3ccccc3,DOWN,P0DTD1
CC(C)C[C@H](NC(=O)OCc1ccccc1)C(=O)N[C@@H](C[C@@H]1CCNC1=O)[C@@H](O)S(O)(=O)=O,O=C(N[C@@H](Cc1ccccc1)C(=O)N[C@@H](C[C@@H]1CCNC1=O)C(O)S(=O)(=O)[O-])OCc1ccccc1,UP,P0DTD1
Cc1ccc(cc1)C(=O)N2CCN(CC2)C(=O)CCl,Cc1ccccc1CN1CCCN(CC1)C(=O)CCl,DOWN,P0DTD1
C=CC(=O)N(c1ccc(C(C)(C)C)cc1)C(C(=O)NC)c1cccnc1,C=CC(=O)N(c1ccc(C(C)(C)C)cc1)C(C(=O)NCCCOC)c1cccnc1,UP,P0DTD1
COc1cccc2[nH]c(C(=O)N[C@@H](CC(C)C)C(=O)N[C@H](C=O)C[C@@H]3CCNC3=O)cc12,c1cccc(c12)[nH]c(c2)C(=O)N[C@@H](Cc3cccc(F)c3)C(=O)N[C@H](C=O)C[C@@H]4CCNC4=O,UP,P0DTD1
CC(C)C[C@H](NC(=O)OCC1=CC=CC=C1)C(=O)N[C@@H](C[C@@H]1CCNC1=O)[C@H](O)S(O)(=O)=O,Cc1onc(c1)C(=O)N[C@@H](C)C(=O)N[C@@H](C(C)C)C(=O)N[C@@H](CC(C)C)C(=O)N[C@@H](C[C@@H]2CCNC2=O)/C=C\C(=O)OCc3ccccc3,DOWN,P0DTD1
CO[C@]1(NC(=O)Cc2cccs2)[C@H]2SCC(COC(N)=O)=C(N2C1=O)C(O)=O,CO[C@]1(NC(=O)[C@@H](C(O)=O)c2ccc(O)cc2)[C@H]2OCC(CSc3nnnn3C)=C(N2C1=O)C(O)=O,UP,P00811
Oc1ccc(cc1)C[C@@H](C(=O)N[C@H](C)C(=O)CF)NC(=O)OCc2ccccc2,c1ccccc1COC(=O)N[C@@H](Cc2ccccc2)C(=O)N[C@@H](CCc3ccccc3)/C=C/S(=O)(=O)Cc4ccccc4,UP,P25779
CC(C)C[C@H](NC(=O)[C@@H](NC(=O)c1cc2ccccc2[nH]1)C(C)C)C(=O)N[C@H](C=O)C[C@@H]1CCNC1=O,O=C1NCC[C@H]1C[C@@H](/C=C/C(=O)C)NC(=O)[C@H](CC(C)C)NC(=O)[C@H](CNC(=O)C(C)(C)C)NC(=O)OCc2ccccc2,DOWN,P0C6X7
COc1ccc(C[C@H](NC(=O)[C@H](C)NC(=O)CN2CCOCC2)C(=O)N[C@@H](CC2CCC3CCCCC3C2)C(=O)[C@@]2(C)CO2)cc1,COc1ccc(C[C@H](NC(=O)[C@H](C)NC(=O)CN2CCOCC2)C(=O)N[C@@H](C[C@@H]2CCC[C@@H]3CCCC[C@H]32)C(=O)[C@@]2(C)CO2)cc1,DOWN,P25043
C=CC(=O)N1CCCC(n2ncc3c(N)ncnc32)C1,Oc1ccc(cc1)-c2nn(c(c23)ncnc3N)[C@@H]4CCCN(C4)C(=O)C=C,UP,O14733
N=C(N)NCCC[C@H](NC(=O)[C@@H]1CCCN1C(=O)[C@H](N)Cc1ccccc1)C(=O)CCl,NC(=[NH2+])NCCC[C@H](NC(=O)[C@@H]1CCCN1C(=O)[C@H](N)Cc1ccccc1)C(=O)CCl,DOWN,P00734
C=CC(=O)Nc1ccc(CN(C(=O)Nc2c(Cl)c(OC)cc(OC)c2Cl)c2cc(Nc3ccc(N4CCN(C)CC4)cc3)ncn2)cc1,C=CC(=O)Nc1ccc(OC)c(Nc2cc(-c3[nH]c(CCCO)nc3-c3ccc(F)cc3)ccn2)c1,UP,P00533
OS(=O)(=O)ON1[C@H]2CN([C@@H](CC2)C(=O)NNC(=O)[C@@H]2CCCNC2)C1=O,[C@@H]12CC[C@@H](C(=O)N)N(C1)C(=O)N2OS([O-])(=O)=O,UP,Q9F663
CCOC(=O)/C=C/C(CC1CCNC1=O)NC(=O)C(CC(C)C)NC(=O)C(NC(=O)OCc1ccccc1)C(C)OC(C)(C)C,c1cccc(c12)[nH]c(c2)C(=O)N[C@@H](CC3CCCCC3)C(=O)N[C@H](C=O)C[C@@H]4CCNC4=O,UP,P0DTD1
CC(C)(C)OC(=O)N[C@@H](CCc(oc12)nn2)C(=O)N[C@@H](CC3CCCCC3)C(=O)N[C@H](C=O)CCC(=O)NCCCC1,CC(C)(C)OC(=O)N[C@@H](CCc(oc12)nn2)C(=O)N[C@@H](CC3CCCCC3)C(=O)N[C@H](C=O)CCC(=O)NCCCCC1,DOWN,Q83883
CC(C)(C)OC(=O)N[C@@H](CCc(oc12)nn2)C(=O)N[C@@H](CC3CCCCC3)C(=O)N[C@H](C=O)CCC(=O)NCCCCC1,c12cn(nn1)CCNC(=O)CC[C@@H](C=O)NC(=O)[C@H](CC(C)C)NC(=O)[C@H](C2)NC(=O)OCc3ccccc3,UP,Q83883
C=CC(=O)N1CCCC(n2nc(-c3ccc(OCc4cccc(C)n4)c(Cl)c3)c3c(N)ncnc32)C1,C=CC(=O)N1C[C@@H](CCC1)n2nc(c(c23)c(N)ncn3)-c4ccc(cc4)Oc5ccccc5,UP,P00533
C=CC(=O)N(c1ccc(C(C)(C)C)cc1)C(C(=O)NC)c1cccnc1,c1ccncc1[C@H](C(=O)NC(C)(C)C)N(C(=O)C=C)c2cc(on2)C(C)(C)C,DOWN,P0DTD1
CC(C)C[C@H](NC(=O)OCc1ccccc1)C(=O)N[C@@H](C[C@@H]1CCNC1=O)C(O)S(=O)(=O)O,CC(C)C[C@H](NC(=O)OCc1ccccc1)C(=O)N[C@@H](C[C@@H]1CCNC1=O)[C@@H](O)S(O)(=O)=O,UP,P0DTD1
C1COCCN1C(=O)N[C@@H](Cc2ccccc2)C(=O)N[C@@H](CCc3ccccc3)/C=C/S(=O)(=O)c4ccccc4,O=CC(=O)C(Cc1ccccc1)NC(=O)C(Cc1ccccc1)NC(=O)OCc1ccccc1,DOWN,P25779
COc1ccc(C[C@H](NC(=O)[C@H](C)NC(=O)C2=CC3=CCC=CC3=C2C)C(=O)N[C@@H](Cc2ccccc2)C(=O)[C@@]2(C)CO2)cc1,COc1ccc(C[C@H](NC(=O)[C@H](C)NC(=O)CN2CCOCC2)C(=O)N[C@@H](CC2CCC3CCCCC3C2)C(=O)[C@@]2(C)CO2)cc1,DOWN,P30656
ClCC(=O)N1CCN(Cc2ccc(Cl)s2)CC1,Fc1ccccc1S(=O)(=O)N2CCN(CC2)C(=O)CCl,UP,P0DTD1
O=C1NCC[C@H]1C[C@@H](/C=C/C(=O)C)NC(=O)[C@H](CC(C)C)NC(=O)[C@H](CNC(=O)C(C)(C)C)NC(=O)OCc2ccccc2,O=C1NCC[C@H]1C[C@@H](/C=C/C(=O)OCC)NC(=O)[C@H](Cc2ccccc2)NC(=O)[C@H](CCC(=O)OC(C)(C)C)NC(=O)OCc3ccccc3,DOWN,P0C6X7
Cc1ccc(C)c(c1)S(=O)(=O)N2CCN(CC2)C(=O)CCl,ClCC(=O)N1CCN(CC1)S(=O)(=O)c2ccccc2C#N,DOWN,P0DTD1
CC(C)C[C@H](NC(=O)OC(C)(C)C1CCC(F)(F)CC1)C(=O)N[C@@H](C[C@@H]1CCNC1=O)C(O)S(=O)(=O)O,Cc1onc(c1)C(=O)N[C@@H](C)C(=O)N[C@@H](C(C)C)C(=O)N[C@@H](CC(C)C)C(=O)N[C@@H](C[C@@H]2CCNC2=O)/C=C\C(=O)OCc3ccccc3,DOWN,P0DTD1
ClCC(=O)N1CCN(Cc2ccsc2)CC1,Fc1cccc(c1)S(=O)(=O)N2CCN(CC2)C(=O)CCl,UP,P0DTD1
CNC(=O)c1cc(ccn1)Oc2ccc(cc2)Nc3ncc(F)c(n3)Nc4cccc(c4)NC(=O)C=C,Nc1nccc(Oc2cccc(NC(=O)C=C)c2)c1-c1ccc(Oc2ccccc2)cc1,UP,Q06187
COc1ccc(cc1)N2CCN(CC2)C(=O)CCl,ClCC(=O)N1CCN(CC1)S(=O)(=O)c2cccs2,UP,P0DTD1
ClCC(=O)N1CCC(CC1)NC(=O)c2ccccc2,ClCC(=O)N1CCN(CC1)S(=O)(=O)c2ccccc2C#N,DOWN,P0DTD1
ClCC(=O)N1CCN(CC1)S(=O)(=O)c2cccs2,ClCC(=O)N1CCN(Cc2cccs2)CC1,DOWN,P0DTD1
CC(C)[C@H](NC(=O)OCc1ccccc1)C(=O)N[C@@H](CC1CCCCC1)C(=O)N[C@H](C=O)Cc1ccc[nH]c1=O,O=C[C@@H](C[C@@H]1CCNC1=O)NC(=O)[C@H](CC1CC1)NC(=O)OCc1cccc(F)c1,DOWN,P0DTD1
Fc1cccc(c1)S(=O)(=O)N2CCN(CC2)C(=O)CCl,[O-][N+](=O)c1ccccc1N2CCN(CC2)C(=O)CCl,DOWN,P0DTD1
C=CC(=O)N(c1ccc(C(C)(C)C)cc1)[C@@H](C(=O)NCCc1cccc(F)c1)c1cccnc1,c1ccncc1[C@H](C(=O)NC(C)(C)C)N(C(=O)C=C)c2cc(on2)C(C)(C)C,DOWN,P0DTD1
COc1cc(OC)c(Cl)c(c1Cl)COc2cnc(nc2)Nc3c(NC(=O)C=C)cccc3F,Clc1c(OC)cc(OC)c(Cl)c1-c(c2)c(=O)n(C)c(c23)nc(nc3)N[C@@H]4COC[C@@H]4NC(=O)C=C,DOWN,P22455
CCCNC(=O)[C@@H]1[C@H](O1)C(=O)N[C@@H]([C@@H](C)CC)C(=O)N2CCC[C@H]2C(=O)OCc3ccccc3,CCOC(=O)[C@H]1O[C@@H]1C(=O)N[C@@H]([C@@H](C)CC)C(=O)N[C@@H]([C@@H](C)CC)C(O)=O,DOWN,P07688
CC(C)[C@H](NC(=O)c1ccc(C(=O)O)cc1)C(=O)N1CCC[C@H]1C(=O)N[C@H](C(=O)C(F)(F)F)C(C)C,CC(C)[C@H](NC(=O)c1ccc(cc1)C(=O)NCC(O)=O)C(=O)N1CCC[C@H]1C(=O)N[C@@H](C(C)C)C(=O)C(F)(F)F,DOWN,P00772
C.CC(C)C.NC(Cc1ccccc1)C(=O)NC(C=O)CC1CCNC1=O.O=COCc1ccccc1,c1cccc(c12)[nH]c(c2)C(=O)N[C@@H](CC3CCCCC3)C(=O)N[C@H](C=O)C[C@@H]4CCNC4=O,UP,P0DTD1
Cc1ccc(cc1)S(=O)(=O)N2CCN(CC2)C(=O)CCl,ClCC(=O)N1CCN(CC1)S(=O)(=O)c2ccccc2C#N,DOWN,P0DTD1
CC(C)C[C@H](NC(=O)OC[C@H]1C[C@H]2CC[C@@H]1C2)C(=O)N[C@@H](C[C@@H]1CCNC1=O)C(O)S(=O)(=O)O,O=C1NCC[C@H]1C[C@@H](C(=O)C(=O)NC2CC2)NC(=O)[C@H](CC(C)C)NC(=O)OCc3ccccc3,DOWN,P0DTD1
C=CC(=O)Nc1ccc2ncnc(Nc3cccc(Br)c3)c2c1,C=CC(=O)Nc1cccc(Nc2nc(Nc3ccc(OCCOC)cc3)ncc2F)c1,UP,P00533
C=C(CCN1CCOCC1)C(=O)NC[C@@H](NC(=O)[C@H](Cc1nc2ccc(C(C)C)cc2s1)NC(=O)CC)C1CCCCC1,C=C(CN(C)C)C(=O)NC[C@@H](NC(=O)[C@H](Cc1nc2ccc(C(C)C)cc2s1)NC(=O)CC)C1CCCCC1,DOWN,Q96GG9
COc1cccc2[nH]c(C(=O)N[C@@H](CC(C)C)C(=O)N[C@H](C=O)C[C@@H]3CCNC3=O)cc12,O=C1NCC[C@H]1C[C@@H](/C=C/C(=O)OCC)NC(=O)[C@H](CC(C)C)NC(=O)[C@H]([C@@H](C)OC(C)(C)C)NC(=O)OCc2ccccc2,UP,P0DTD1
CC(C)C[C@H](NC(=O)OCc1c(F)c(F)c(F)c(F)c1F)C(=O)N[C@@H](C[C@@H]1CCNC1=O)C(O)S(=O)(=O)O,CC(C)C[C@H](NC(=O)OCc1ccccc1)C(=O)N[C@@H](C[C@@H]1CCNC1=O)[C@@H](O)S(O)(=O)=O,UP,P0DTD1
CC(C)C[C@H](NC(=O)OC[C@H]1C[C@H]2CCC[C@H](C2)C1)C(=O)N[C@H](C=O)C[C@@H]1CCNC1=O,O=C(N[C@@H](Cc1ccccc1)C(=O)N[C@@H](C[C@@H]1CCNC1=O)C(O)S(=O)(=O)[O-])OCc1ccccc1,UP,P0DTD1
CCOC(=O)C=C[C@H](C[C@@H]1CCNC1=O)NC(=O)[C@@H](CC(=O)[C@@H](NC(=O)c1cc(C)on1)C(C)C)Cc1ccc(F)cc1,Cc1onc(c1)C(=O)N[C@@H](C)C(=O)N[C@@H](C(C)C)C(=O)N[C@@H](CC(C)C)C(=O)N[C@@H](C[C@@H]2CCNC2=O)/C=C\C(=O)OCc3ccccc3,DOWN,P0DTD1
CC(C)C[C@H](NC(=O)OCC1=CC=CC=C1)C(=O)N[C@@H](C[C@@H]1CCNC1=O)[C@H](O)S(O)(=O)=O,CCC[C@H]1CC[C@H](OC(=O)N[C@@H](CC(C)C)C(=O)N[C@@H](C[C@@H]2CCNC2=O)C(O)S(=O)(=O)O)CC1,DOWN,P0DTD1
CC(C)C[C@H](NC(=O)OC(C)(C)C1CCC(F)(F)CC1)C(=O)N[C@@H](C[C@@H]1CCNC1=O)C(O)S(=O)(=O)O,O=C[C@@H](C[C@@H]1CCNC1=O)NC(=O)[C@H](CC1CC1)NC(=O)OCc1ccccc1,DOWN,P0DTD1
CC(C)C[C@H](NC(=O)OCc1ccccc1)C(=O)N[C@@H](C[C@@H]1CCNC1=O)[C@H](O)S(=O)(=O)O,COc1cccc2[nH]c(C(=O)N[C@@H](CC(C)C)C(=O)N[C@H](C#N)C[C@@H]3CCNC3=O)cc12,UP,P0DTD1
ClCC(=O)N1CCN(CC1)S(=O)(=O)c2ccccc2C#N,ClCC(=O)N1CCN(Cc2cccc(Cl)c2)CC1,UP,P0DTD1
COc1ccc(cc1)N2CCN(CC2)C(=O)CCl,ClCC(=O)N1CCN(CC1)S(=O)(=O)c2ccccc2C#N,DOWN,P0DTD1
CC(C)(C)OC(=O)N[C@@H](CCc(oc12)nn2)C(=O)N[C@@H](CC3CCCCC3)C(=O)N[C@H](C=O)CCC(=O)NCCCC1,c12cn(nn2)CCNC(=O)CC[C@@H](C=O)NC(=O)[C@H](CC3CCCCC3)NC(=O)[C@H](C1)NC(=O)OCc4ccccc4,DOWN,Q83883
COc1cccc(c12)[nH]c(c2)C(=O)N[C@@H](CC(C)C)C(=O)N[C@@H](C[C@@H]3CCNC3=O)C(=O)COC(=O)c4ccccc4C#N,O=C[C@@H](C[C@@H]1CCNC1=O)NC(=O)[C@H](CC1CC1)NC(=O)OCc1cccc(F)c1,DOWN,P0DTD1
COc1ccc(cn1)NC(=O)C2CCN(CC2)C(=O)CCl,ClCC(=O)N1CCC(CC1)C(=O)N2CCCCC2,UP,P0DTD1
COc1ccc(cc1)N2CCN(CC2)C(=O)CCl,COc1ccc(cn1)NC(=O)C2CCN(CC2)C(=O)CCl,DOWN,P0DTD1
CC(C)CCNC(=O)[C@H](CC(C)C)NC(=O)[C@@H]1O[C@H]1C(O)=O,c1ccccc1C[C@H](C(=O)N(C)C)NC(=O)[C@H]2O[C@@H]2C(=O)NCCc3ccccn3,DOWN,P00784
CC(C)C[C@@H]1NC(=O)O[C@H](c2cccc(Cl)c2)CCCCCNC(=O)CC[C@@H](C=O)NC1=O,c12cn(nn1)CCNC(=O)CC[C@@H](C=O)NC(=O)[C@H](CC(C)C)NC(=O)[C@H](C2)NC(=O)OCc3ccccc3,DOWN,Q83883
COc1cccc(c12)[nH]c(c2)C(=O)N[C@@H](CC(C)C)C(=O)N[C@@H](C[C@@H]3CCNC3=O)C(=O)c(s4)nc(c45)cccc5,O=CC(CC1CCNC1=O)NC(=O)C(Cc1ccccc1)NC(=O)OCc1ccccc1,DOWN,P0DTD1
CCCCCC(=O)N[C@H](C(=O)N[C@@H](CCC(=O)N(C)C)C(=O)N[C@@H](CC(C)C)C(=O)[C@]1(C)CO1)C(C)C,CC[C@H](C)[C@H](NC(=O)[C@H]([C@@H](C)CC)N(C)C(C)=O)C(=O)N[C@H](C(=O)N[C@@H](CC(C)C)C(=O)[C@@]1(C)CO1)[C@@H](C)O,DOWN,P30656
CC(C)N(C)C(=O)C1CCN(CC1)C(=O)CCl,ClCC(=O)N1CCN(CC1)C(=O)c2cccs2,DOWN,P0DTD1
CC(C)C[C@H](NC(=O)OCc1ccccc1F)C(=O)N[C@@H](C[C@@H]1CCNC1=O)C(O)S(=O)(=O)O,O=C[C@@H](C[C@@H]1CCNC1=O)NC(=O)[C@H](CC1CC1)NC(=O)OCc1cccc(F)c1,DOWN,P0DTD1
CC(C)CC(NC(=O)OCc1ccc(F)cc1)C(=O)NC(CC1CCNC1=O)C(O)S(=O)(=O)O,O=C[C@@H](C[C@@H]1CCNC1=O)NC(=O)[C@H](CC1CC1)NC(=O)OCc1cccc(F)c1,DOWN,P0DTD1
CC(C)CC(NC(=O)OC(C)C1CCC(F)(F)CC1)C(=O)NC(C=O)CC1CCNC1=O,COc1cccc2[nH]c(C(=O)NC(CC(C)C)C(=O)NC(CC3CCNC3=O)C(=O)c3nc4ccccc4s3)cc12,UP,P0DTD1
CC(C)C[C@H](NC(=O)OCC1CCC(F)(F)CC1)C(=O)N[C@@H](C[C@@H]1CCNC1=O)[C@H](O)S(O)(=O)=O,CC(C)C[C@H](NC(=O)OC[C@H]1C[C@H]2C=CC[C@H](C2)C1)C(=O)N[C@@H](C[C@@H]1CCNC1=O)C(=O)S(=O)(=O)O,DOWN,P0DTD1
CCCCCCCC/C=C\CCCCCCCC(=O)c1nnc(o1)-c2ccccn2,Cc1ccc(-c2cnc(C(=O)CCCCCCc3ccccc3)o2)nc1,DOWN,P97612
OC(=O)CCCCCC(=O)CCC(O)=O,OCC(=O)CCC(O)=O,DOWN,P05373
C=CC(=O)Nc1cccc(C(=O)Nc2ccc(Nc3cc(-c4c(-c5ccc(F)cc5)nc(SC)n4C)ccn3)cc2)c1,CN(C)C/C=C/C(=O)Nc1ccc(C(=O)Nc2cccc(Nc3nccc(-c4cccnc4)n3)c2)cc1,DOWN,P53779
CC(C)Nc1cnc(-c2ccc(Cl)c(Cl)c2)n(CC(=O)N[C@@H](CCCNC(N)=N)C(=O)c2nccs2)c1=O,CC(C)[C@H](NC(N)=O)C(=O)N[C@@H](CCCNC(N)=N)C(=O)c1nccs1,DOWN,P03951
C=CC(=O)N1CCC(CC1)[C@@H]2CCNc(n23)c(C(=O)N)c(n3)-c4ccc(cc4)Oc5ccccc5,Nc1nccc(Oc2cccc(NC(=O)C=C)c2)c1-c1ccc(Oc2ccccc2)cc1,UP,Q06187
COc1cccc(c12)[nH]c(c2)C(=O)N[C@@H](CC(C)C)C(=O)N[C@@H](C[C@@H]3CCNC3=O)C(=O)c(s4)nc(c45)cccc5,COc1cccc2[nH]c(C(=O)N[C@@H](CC(C)C)C(=O)N[C@H](C#N)C[C@@H]3CCNC3=O)cc12,UP,P0DTD1
Cc1ccccc1CN1CCCN(CC1)C(=O)CCl,ClCC(=O)N1CCN(Cc2cccs2)CC1,DOWN,P0DTD1
CC(C)C[C@H](NC(=O)OCc1ccccc1)C(=O)N[C@@H](C[C@@H]1CCNC1=O)C(=O)C(=O)NCc1ccccc1,O=CC(CC1CCNC1=O)NC(=O)C(Cc1ccccc1)NC(=O)OCc1ccccc1,DOWN,P0DTD1
c1ccccc1COC(=O)N[C@@H](CC(C)C)C(=O)NNC(=O)NNC(=O)[C@H](CC(C)C)NC(=O)OCc2ccccc2,c1ccccc1COC(=O)N[C@@H](CC(C)C)c2nc(cs2)C(=O)NNC(=O)[C@H](CC(C)C)NC(=O)OCc3ccccc3,DOWN,P43235
CC(C)C[C@H](NC(=O)OC[C@H]1C[C@H]2CCC[C@H](C2)C1)C(=O)N[C@@H](C[C@@H]1CCNC1=O)C(O)S(=O)(=O)O,Cc1onc(c1)C(=O)N[C@@H](C)C(=O)N[C@@H](C(C)C)C(=O)N[C@@H](CC(C)C)C(=O)N[C@@H](C[C@@H]2CCNC2=O)/C=C\C(=O)OCc3ccccc3,DOWN,P0DTD1
CC(C)(C)OC(=O)Nc1cccn(C(CC2CC2)C(=O)NC(CC2CCNC2=O)C(=O)C(=O)NCc2ccccc2)c1=O,CC(C)C[C@H](NC(=O)OCC1=CC=CC=C1)C(=O)N[C@@H](C[C@@H]1CCNC1=O)[C@H](O)S(O)(=O)=O,UP,P0DTD1
O=C(Nc1ccncc1)c1cc([N+](=O)[O-])ccc1Cl,c1ccccc1NC(=O)c2cc([N+](=O)[O-])ccc2Cl,UP,P37231
NC(=N)NCCC[C@H](NC(=O)[C@@H]1CCN2CC[C@@](N)(Cc3ccccc3)C(=O)N12)C(=O)c1nccs1,NC(=[NH2+])NCCC[C@H](NC(=O)[C@@H]1CCCN1C(=O)[C@H](N)Cc1ccccc1)C(=O)CCl,DOWN,P00734
C=CC(=O)Nc1cc(-c2c[nH]c3ncnc(Nc4ccc(OCc5ccccn5)c(Cl)c4)c23)ccc1OCCO,C=CC(=O)Nc1ccc2ncnc(Nc3cccc(Br)c3)c2c1,UP,P00533
CC(C)C[C@H](NC(=O)OC1CCC(C)(C)CC1)C(=O)N[C@@H](C[C@@H]1CCNC1=O)C(O)S(=O)(=O)O,COc1cccc2[nH]c(C(=O)N[C@@H](CC(C)C)C(=O)N[C@@H](C[C@@H]3CCCNC3=O)C(=O)COC(=O)c3c(C)cc(C)nc3C)cc12,DOWN,P0DTD1
CC(C)C[C@H](NC(=O)OCC1=CC=CC=C1)C(=O)N[C@@H](C[C@@H]1CCNC1=O)[C@H](O)S(O)(=O)=O,CC(C)C[C@H](NC(=O)OCc1ccccc1)C(=O)N[C@@H](C[C@@H]1CCNC1=O)C(=O)S(=O)(=O)[O-],DOWN,P0DTD1
C.CC(C)C.NC(Cc1ccccc1)C(=O)NC(C=O)CC1CCNC1=O.O=COCc1ccccc1,CC(C)C[C@H](NC(=O)OCc1ccccc1)C(=O)N[C@@H](C[C@@H]1CCNC1=O)[C@H](O)S(=O)(=O)O,DOWN,P0DTD1
ClCC(=O)N1CCC(CC1)C(=O)N2CCCCC2,ClCC(=O)N1CCN(CC1)Cc2cccc(c23)cccc3,UP,P0DTD1
CCOC(=O)C=C[C@H](C[C@@H]1CCNC1=O)NC(=O)[C@@H](NC(=O)[C@@H](NC(=O)OC(C)(C)C)C(C)C)c1ccccc1,Cc1onc(c1)C(=O)N[C@@H](C)C(=O)N[C@@H](C(C)C)C(=O)N[C@@H](CC(C)C)C(=O)N[C@@H](C[C@@H]2CCNC2=O)/C=C\C(=O)OCc3ccccc3,DOWN,P0C6X7
O=C1NCC[C@H]1C[C@@H](/C=C/C(=O)C)NC(=O)[C@H](CC(C)C)NC(=O)[C@H](CNC(=O)C(C)(C)C)NC(=O)OCc2ccccc2,O=C1NCC[C@H]1C[C@@H](/C=C/C(=O)OCC)NC(=O)[C@H](CC=C(C)C)CC(=O)[C@H](C(C)C)NC(=O)c2cc(on2)C,DOWN,P0C6X7
Cc1cccc(c1)C[C@@H](C(=O)NCC#N)NC(=O)c2cc(C(C)(C)C)nn2C,Cn1nc(cc1C(=O)N[C@@H](Cc1cccc(c1)-c1nnc(CN)o1)C(=O)NCC#N)C(C)(C)C,UP,P07711
O=C1NCC[C@H]1C[C@@H](/C=C/C(=O)OCC)NC(=O)[C@H](Cc2ccccc2)NC(=O)OCc3ccccc3,O=C1NCC[C@H]1C[C@@H](/C=C/C(=O)OCC)NC(=O)[C@H](Cc2ccccc2)NC(=O)[C@H](COC(C)(C)C)NC(=O)OCc3ccccc3,DOWN,Q5UEA2
CC(C)C[C@H](NC(=O)OCc1ccccc1)C(=O)N[C@@H](C[C@@H]1CCNC1=O)C(O)S(=O)(=O)O,c1cccc(c12)[nH]c(c2)C(=O)N[C@@H](CC3CCCCC3)C(=O)N[C@H](C=O)C[C@@H]4CCNC4=O,UP,P0DTD1
COc1cccc(c12)sc(n2)NC(=O)CCl,ClCC(=O)Nc1cccnc1Cl,UP,P0DTD1
CC(=O)OCC1=C(N2[C@H](SC1)[C@H](NC(=O)Cc1cccs1)C2=O)C(O)=O,Cn1nnnc1SCC1=C(N2[C@H](SC1)[C@H](NC(=O)[C@H](O)c1ccccc1)C2=O)C(O)=O,UP,P9WKD3
Cc1ccccc1CN1CCCN(CC1)C(=O)CCl,c1cccc(c12)[C@@H](CN(C2)C(=O)CCl)c3ccccc3,DOWN,P0DTD1
O=C1Nc2ccccc2C1=O,c1cccc(c12)NC(=O)C2=O,DOWN,Q99497
COC(=O)c(ccc1)c(c12)NC(=O)C2=O,c1ccc(C)c(c12)NC(=O)C2=O,UP,Q99497
COc1ccc(cc1)N2CCN(CC2)C(=O)CCl,ClCC(=O)N1CCN(CC1)Cc2cccc(c23)cccc3,UP,P0DTD1
CCC[C@H]1CC[C@H](COC(=O)N[C@@H](CC(C)C)C(=O)N[C@@H](C[C@@H]2CCNC2=O)C(O)S(=O)(=O)O)CC1,Cc1onc(c1)C(=O)N[C@@H](C)C(=O)N[C@@H](C(C)C)C(=O)N[C@@H](CC(C)C)C(=O)N[C@@H](C[C@@H]2CCNC2=O)/C=C\C(=O)OCc3ccccc3,DOWN,P0DTD1
N=C(N)NCCC[C@H](NC(=O)[C@@H]1CCCN1C(=O)[C@H](N)Cc1ccccc1)C(=O)CCl,NC(=N)NCCC[C@H](NC(=O)[C@@H]1CC[C@@H]2CC[C@](N)(Cc3ccccc3)C(=O)N12)C(=O)c1nc2ccccc2s1,DOWN,P00734
ClCC(=O)N1CCN(Cc2ccc(Br)s2)CC1,[O-][N+](=O)c1ccccc1N2CCN(CC2)C(=O)CCl,DOWN,P0DTD1
Cc1ccc(C)c(c1)S(=O)(=O)N2CCN(CC2)C(=O)CCl,Fc1cccc(F)c1S(=O)(=O)N2CCN(CC2)C(=O)CCl,UP,P0DTD1
O[C@@H]1C[C@@H](CC(=O)[C@H]1O)C(O)=O,O[C@@H]1C[C@H](C[C@]2(CO2)[C@H]1O)C(O)=O,UP,P24670
CC(C)C[C@H](NC(=O)OCC1CCC(F)(F)CC1)C(=O)N[C@@H](C[C@@H]1CCNC1=O)[C@H](O)S(O)(=O)=O,CC(C)C[C@H](NC(=O)OC[C@H]1C[C@H]2CCC[C@H](C2)C1)C(=O)N[C@@H](C[C@@H]1CCNC1=O)C(O)S(=O)(=O)O,DOWN,P0DTD1
O=C(/C=C/c1ccccc1)NC(Cc1ccccc1)C(=O)NC(CC1CCNC1=O)C(=O)C(=O)NCc1ccccc1,O=C1NCC[C@H]1C[C@@H](/C=C/C(=O)OCC)NC(=O)[C@H](Cc2ccccc2)NC(=O)[C@H](COC(C)(C)C)NC(=O)OCc3ccccc3,DOWN,P0C6X7
CCC[C@H]1CC[C@H](OC(=O)N[C@@H](CC(C)C)C(=O)N[C@@H](C[C@@H]2CCNC2=O)C(O)S(=O)(=O)O)CC1,O=C(N[C@@H](Cc1ccccc1)C(=O)N[C@@H](C[C@@H]1CCNC1=O)C(O)S(=O)(=O)[O-])OCc1ccccc1,UP,P0DTD1
C.CC(C)C.NC(Cc1ccccc1)C(=O)NC(C=O)CC1CCNC1=O.O=COCc1ccccc1,O=C1NCC[C@H]1C[C@@H](/C=C/C(=O)OCC)NC(=O)[C@H](CC(C)C)NC(=O)[C@H]([C@@H](C)OC(C)(C)C)NC(=O)OCc2ccccc2,UP,P0DTD1
Cc1ccc(cc1)C(=O)N2CCN(CC2)C(=O)CCl,ClCC(=O)N1CCN(Cc2ccc(Cl)s2)CC1,DOWN,P0DTD1
CC(C)C[C@H](NC(=O)OCC12C[C@H]3C[C@@H](C1)C[C@@H](C2)C3)C(=O)N[C@@H](C[C@@H]1CCNC1=O)C(O)S(=O)(=O)O,COc1cccc2[nH]c(C(=O)N[C@@H](CC(C)C)C(=O)N[C@H](C=O)C[C@@H]3CCNC3=O)cc12,DOWN,P0DTD1
c1cccc(c12)N(C(=O)C=C)CCN2C(=O)OC,c1cccc(c12)N(C(=O)C=C)CCN2CC,UP,P24941
O=C(/C=C/c1ccccc1)NC(Cc1ccccc1)C(=O)NC(CC1CCNC1=O)C(=O)C(=O)NCc1ccccc1,O=C1NCC[C@H]1C[C@@H](/C=C/C(=O)OCC)NC(=O)[C@H](Cc2ccccc2)NC(=O)OCc3ccccc3,DOWN,P0C6X7
CC(C)C[C@H](NC(=O)OCC1CCC(F)(F)CC1)C(=O)N[C@@H](C[C@@H]1CCNC1=O)[C@H](O)S(O)(=O)=O,O=C1NCC[C@H]1C[C@@H](/C=C/C(=O)OCC)NC(=O)[C@H](CC(C)C)NC(=O)[C@H]([C@@H](C)OC(C)(C)C)NC(=O)OCc2ccccc2,UP,P0DTD1
CC(C)C[C@H](NC(=O)OC[C@@H]1C[C@H]2CCC[C@H](C2)C1)C(=O)N[C@H](C=O)C[C@@H]1CCNC1=O,CSCC[C@@H](C=O)NC(=O)[C@H](CC(C)C)NC(=O)[C@H](CC(C)C)NC(=O)C,UP,P0DTD1
CN1C(=O)C(=O)c(c12)cccc2,O=C1Nc2ccccc2C1=O,UP,Q99497
COc1cc(OC)c(Cl)c(c1Cl)COc2cnc(nc2)Nc3c(NC(=O)C=C)cc(F)cc3Cl,Cc1cccc(NC(=O)C=C)c1Nc2cc(ncn2)-c3cccnc3Nc4c(Cl)c(OC)cc(c4Cl)OC,DOWN,P22455
CCOC(=O)/C=C/C(CC1CCNC1=O)NC(=O)C(CC(C)C)NC(=O)C(NC(=O)OCc1ccccc1)C(C)OC(C)(C)C,CCOC(=O)C=C[C@H](C[C@@H]1CCNC1=O)NC(=O)[C@@H](CC(=O)[C@@H](NC(=O)c1cc(C)on1)C(C)C)Cc1ccc(F)cc1,UP,P0DTD1
CC(C)C[C@H](NC(=O)OC1CCC(C)(C)CC1)C(=O)N[C@@H](C[C@@H]1CCNC1=O)C(O)S(=O)(=O)O,CC(C)C[C@H](NC(=O)OC[C@H]1C[C@H]2CCC[C@H](C2)C1)C(=O)N[C@@H](C[C@@H]1CCNC1=O)C(O)S(=O)(=O)O,DOWN,P0DTD1
CC(C)C[C@H](NC(=O)OCC1=CC=CC=C1)C(=O)N[C@@H](C[C@@H]1CCNC1=O)[C@H](O)S(O)(=O)=O,CCOC(=O)/C=C/C(CC1CCNC1=O)NC(=O)C(CC(C)C)NC(=O)C(NC(=O)OCc1ccccc1)C(C)OC(C)(C)C,DOWN,P0DTD1
CC(C)C[C@H](NC(=O)OCc1c(F)c(F)c(F)c(F)c1F)C(=O)N[C@@H](C[C@@H]1CCNC1=O)C(O)S(=O)(=O)O,O=C[C@@H](C[C@@H]1CCNC1=O)NC(=O)[C@H](CC1CC1)NC(=O)OCc1cccc(F)c1,DOWN,P0DTD1
CC(C)C[C@H](NC(=O)OCc1ccccc1)C(=O)N[C@@H](C[C@@H]1CCNC1=O)[C@H](O)S(=O)(=O)O,O=C[C@@H](C[C@@H]1CCNC1=O)NC(=O)[C@H](CC1CC1)NC(=O)OCc1ccccc1,DOWN,P0DTD1
CC(C)CC(NC(=O)OCc1ccc(F)cc1)C(=O)NC(CC1CCNC1=O)C(O)S(=O)(=O)O,CC(C)C[C@H](NC(=O)OCc1ccccc1F)C(=O)N[C@@H](C[C@@H]1CCNC1=O)C(O)S(=O)(=O)O,UP,P0DTD1
Cc1ccccc1CN1CCCN(CC1)C(=O)CCl,[O-][N+](=O)c1ccccc1N2CCN(CC2)C(=O)CCl,DOWN,P0DTD1
CC(C)C[C@H](NC(=O)OCc1ccccc1)C(=O)N[C@@H](C[C@@H]1CCNC1=O)[C@H](O)S(=O)(=O)O,O=CC(CC1CCNC1=O)NC(=O)C1C2CCCC2CN1C(=O)OCc1ccccc1,UP,P0DTD1
COc1cccc2[nH]c(C(=O)NC(CC(C)C)C(=O)NC(CC3CCNC3=O)C(=O)c3nc4ccccc4s3)cc12,O=C1NCC[C@H]1C[C@@H](/C=C/C(=O)OCC)NC(=O)[C@H](CC(C)C)NC(=O)[C@H]([C@@H](C)OC(C)(C)C)NC(=O)OCc2ccccc2,UP,P0DTD1
Cc1ccccc1CN1CCCN(CC1)C(=O)CCl,ClCC(=O)N1CCN(CC1)S(=O)(=O)c2ccccc2C#N,DOWN,P0DTD1
CC(C)C[C@H](NC(=O)OC1CCC(C)(C)CC1)C(=O)N[C@@H](C[C@@H]1CCNC1=O)C(O)S(=O)(=O)O,CC(C)C[C@H](NC(=O)OCc1ccccc1)C(=O)N[C@@H](C[C@@H]1CCNC1=O)C(=O)C(=O)NCc1ccccc1,DOWN,P0DTD1
CC(C)C[C@H](NC(=O)OCc1ccccc1)C(=O)N[C@@H](C[C@@H]1CCNC1=O)[C@@H](O)S(O)(=O)=O,c12cn(nn1)CCNC(=O)CC[C@@H](C=O)NC(=O)[C@H](CC(C)C)NC(=O)[C@H](C2)NC(=O)OCc3ccccc3,UP,Q83883
O=C(Nc1cccnc1)N1CCC(Cc2cccc(Oc3ccc(C(F)(F)F)cn3)c2)CC1,O=C(Nc1cccnc1)N1CCN(c2nc(-c3ccccc3)ns2)CC1,UP,P97612
CC(C)C[C@H](NC(=O)O[C@@H](Cc1ccccc1)C1CCC(F)(F)CC1)C(=O)N[C@@H](C[C@@H]1CCNC1=O)C(O)S(=O)(=O)O,COc1cccc2[nH]c(C(=O)N[C@@H](CC(C)C)C(=O)N[C@H](C#N)C[C@@H]3CCNC3=O)cc12,UP,P0DTD1
CCOC(=O)C=C[C@H](C[C@@H]1CCNC1=O)NC(=O)[C@@H](NC(=O)[C@@H](NC(=O)OC(C)(C)C)C(C)C)c1ccccc1,O=C1NCC[C@H]1C[C@@H](/C=C/C(=O)OCC)NC(=O)[C@H](Cc2ccccc2)NC(=O)[C@H](COC(C)(C)C)NC(=O)OCc3ccccc3,UP,P0C6X7
O[C@@H]([C@H](C[C@@H]1CCNC1=O)NC(=O)[C@@H](CC1CCCCC1)NC(=O)OCc1ccccc1)S(O)(=O)=O,c12cn(nn2)CCNC(=O)CC[C@@H](C=O)NC(=O)[C@H](CC3CCCCC3)NC(=O)[C@H](C1)NC(=O)OCc4ccccc4,DOWN,Q83883
CCOC(=O)/C=C/C(CC1CCNC1=O)NC(=O)C(CC(C)C)NC(=O)C(NC(=O)OCc1ccccc1)C(C)OC(C)(C)C,O=CC(CC1CCNC1=O)NC(=O)C(Cc1ccccc1)NC(=O)OCc1ccccc1,DOWN,P0DTD1
CC(C)C[C@H](NC(=O)OCc1cccc(F)c1)C(=O)N[C@@H](C[C@@H]1CCNC1=O)C(O)S(=O)(=O)O,O=C[C@@H](C[C@@H]1CCNC1=O)NC(=O)[C@H](CC1CC1)NC(=O)OCc1ccccc1,DOWN,P0DTD1
CC(C)C[C@H](NC(=O)OCc1ccccc1)C(=O)N[C@@H](C[C@@H]1CCNC1=O)C(=O)C(=O)NCc1ccccc1,O=C1NCC[C@H]1C[C@@H](/C=C/C(=O)OCC)NC(=O)[C@H](CC(C)C)NC(=O)[C@H]([C@@H](C)OC(C)(C)C)NC(=O)OCc2ccccc2,UP,P0DTD1
Cc1ccc(c(C)c1)S(=O)(=O)N2CCN(CC2)C(=O)CCl,Fc1cccc(F)c1S(=O)(=O)N2CCN(CC2)C(=O)CCl,UP,P0DTD1
CO\N=C(\C(=O)N[C@H]1[C@H]2SCC(COC(C)=O)=C(N2C1=O)C(O)=O)c1csc(N)n1,C[C@H]1[C@H](NC(=O)/C(=N\OC(C)(C)C(=O)O)c2csc(N)n2)C(=O)N1S(=O)(=O)O,DOWN,Q47066
CC(C)C[C@H](NC(=O)OCc1ccccc1)C(=O)N[C@@H](C[C@@H]1CCNC1=O)C(=O)C(=O)NCc1ccccc1,O=C[C@@H](C[C@@H]1CCNC1=O)NC(=O)[C@H](CC1CC1)NC(=O)OCc1cccc(F)c1,DOWN,P0DTD1
Fc(c1)ccc(c12)[nH]c3c2CN(CC3)C(=O)[C@@H]4CCCC[C@H]4C(=O)NC5(C#N)CC5,Fc1ccc(cc1)N2CCN(CC2)C(=O)[C@@H]3CCCC[C@H]3C(=O)NC4(C#N)CC4,UP,P43235
CC(C)C[C@H](NC(=O)OC[C@H]1C[C@H]2CC[C@@H]1C2)C(=O)N[C@@H](C[C@@H]1CCNC1=O)C(O)S(=O)(=O)O,O=C1NCC[C@H]1C[C@@H](/C=C/C(=O)OCC)NC(=O)[C@H](CC(C)C)NC(=O)[C@H]([C@@H](C)OC(C)(C)C)NC(=O)OCc2ccccc2,UP,P0DTD1
CC(C)CC(NC(=O)OCc1ccc(F)cc1)C(=O)NC(CC1CCNC1=O)C(O)S(=O)(=O)O,CC(C)C[C@H](NC(=O)OCc1ccccc1)C(=O)N[C@@H](C[C@@H]1CCNC1=O)C(O)S(=O)(=O)O,UP,P0DTD1
CC(C)C(NC(=O)OCc1ccccc1)C(=O)NC(Cc1ccccc1)C(=O)NC(C=O)CC1CCNC1=O,CC(C)C[C@H](NC(=O)OC[C@@H]1C[C@H]2C=CC[C@H](C2)C1)C(=O)N[C@@H](C[C@@H]1CCNC1=O)C(=O)S(=O)(=O)O,DOWN,P0DTD1
CC(C)(C)OC(=O)Nc1cccn(C(CC2CC2)C(=O)NC(CC2CCNC2=O)C(=O)C(=O)NCc2ccccc2)c1=O,Cc1onc(c1)C(=O)N[C@@H](C)C(=O)N[C@@H](C(C)C)C(=O)N[C@@H](CC(C)C)C(=O)N[C@@H](C[C@@H]2CCNC2=O)/C=C\C(=O)OCc3ccccc3,DOWN,P0DTD1
ClCC(=O)N1CCC(CC1)C(=O)N2CCCCC2,ClCC(=O)N1CCN(CC1)S(=O)(=O)c2ccc(Cl)s2,UP,P0DTD1
CC(C)C[C@H](NC(=O)OC1CCC(C)(C)CC1)C(=O)N[C@@H](C[C@@H]1CCNC1=O)C(O)S(=O)(=O)O,CC(C)C[C@H](NC(=O)O[C@H]1CC[C@H](c2ccccc2)CC1)C(=O)N[C@@H](C[C@@H]1CCNC1=O)C(O)S(=O)(=O)O,DOWN,P0DTD1
CC1C(NC(=O)/C(=N/OC(C)(C)C(=O)[O-])c2csc(N)n2)C(=O)N1S(=O)(=O)O,Nc(n1)scc1C(=NOC(C)(C)C(=O)O)C(=O)NC2C(=O)[N+](C23)=C(C(=O)O)C(=C)CS3,UP,D2XKK9
CC(C)C[C@H](NC(=O)OC(C)(C)C1CCC(F)(F)CC1)C(=O)N[C@@H](C[C@@H]1CCNC1=O)C(O)S(=O)(=O)O,COc1cccc2[nH]c(C(=O)N[C@@H](CC(C)C)C(=O)N[C@H](C#N)C[C@@H]3CCNC3=O)cc12,UP,P0DTD1
NC(=N)NCCC[C@H](NC(=O)[C@@H]1CCN2CC[C@@](N)(Cc3ccccc3)C(=O)N12)C(=O)c1nccs1,N[C@H](Cc1ccccc1)C(=O)N([C@@H](CCCNC(N)=N)C(=O)c1nc2ccccc2s1)C(=O)[C@@H]1CCCN1,UP,P00734
CC(C)(C)NC(=O)NC(C(=O)N1CC2C(C1C(=O)NC(CC1CCC1)C(=O)C(N)=O)C2(C)C)C(C)(C)C,CC(C)(C)[C@H](NC(=O)C(F)(F)F)C(=O)N1C[C@H]2[C@@H]([C@H]1C(=O)N[C@H](C#N)C[C@@H]1CCNC1=O)C2(C)C,UP,P0DTD1
CC(C)C(NC(=O)OCc1ccccc1)C(=O)NC(Cc1ccccc1)C(=O)NC(C=O)CC1CCNC1=O,CC(C)CC(NC(=O)OCc1ccccc1)C(=O)NC(CC1CCNC1=O)C(O)S(=O)(=O)O,DOWN,P0DTD1
CC(C)C[C@H](NC(=O)OC[C@@H]1C[C@H]2C=CC[C@H](C2)C1)C(=O)N[C@@H](C[C@@H]1CCNC1=O)C(=O)S(=O)(=O)O,COc1cccc2[nH]c(C(=O)N[C@@H](CC(C)C)C(=O)N[C@@H](C[C@@H]3CCCNC3=O)C(=O)COC(=O)c3c(C)cc(C)nc3C)cc12,DOWN,P0DTD1
N#CN1C[C@@H](CC1)NC(=O)[C@H](CC(C)C)NC(=O)OCc2ccccc2,c1ccccc1COC(=O)N[C@@H](CC(C)C)C(=O)NNC(=O)NNC(=O)c2cccc(c2)OCc3ccccc3,DOWN,P43235
CC(=O)OCC1=C(N2[C@H](SC1)[C@H](NC(=O)Cc1cccs1)C2=O)C(O)=O,CO\N=C(\C(=O)N[C@H]1[C@H]2SCC(COC(C)=O)=C(N2C1=O)C(O)=O)c1csc(N)n1,UP,P9WKD3
CC(C)C(NC(=O)OCc1ccccc1)C(=O)NC(Cc1ccccc1)C(=O)NC(C=O)CC1CCNC1=O,CC(C)C[C@H](NC(=O)OC[C@@H]1C[C@H]2CCC[C@H](C2)C1)C(=O)N[C@H](C=O)C[C@@H]1CCNC1=O,DOWN,P0DTD1
CCCCCC(=O)\C=C\C=C/C\C=C\C\C=C\CCCC(O)=O,CCCCC\C=C/C\C=C\C=C\C(=O)CCCCC(O)=O,UP,P37231
CC(C)C[C@H](NC(=O)OC1CCC(C)(C)CC1)C(=O)N[C@@H](C[C@@H]1CCNC1=O)C(O)S(=O)(=O)O,Cc1onc(c1)C(=O)N[C@@H](C)C(=O)N[C@@H](C(C)C)C(=O)N[C@@H](CC(C)C)C(=O)N[C@@H](C[C@@H]2CCNC2=O)/C=C\C(=O)OCc3ccccc3,DOWN,P0DTD1
CC(C)C[C@H](NC(=O)OCC1CCC(F)(F)CC1)C(=O)N[C@@H](C[C@@H]1CCNC1=O)[C@H](O)S(O)(=O)=O,CC(C)C[C@H](NC(=O)OCc1cccc(F)c1)C(=O)N[C@@H](C[C@@H]1CCNC1=O)C(O)S(=O)(=O)O,DOWN,P0DTD1
COc1cccc2[nH]c(C(=O)N[C@@H](CC(C)C)C(=O)N[C@H](C=O)C[C@@H]3CCNC3=O)cc12,Cc1onc(c1)C(=O)N[C@@H](C)C(=O)N[C@@H](C(C)C)C(=O)N[C@@H](CC(C)C)C(=O)N[C@@H](C[C@@H]2CCNC2=O)/C=C\C(=O)OCc3ccccc3,DOWN,P0DTD1
COc1cccc(c1)-c1ccc2[C@H]3[C@H](Cc2c1)OC(=O)[C@@H]3CCCCC(N)=N,NC(=N)CCCC[C@@H]1[C@@H]2[C@H](Cc3ccc(cc23)-c2ccc(O)cc2)OC1=O,UP,P01050
CC(C)[C@@H]1OC(=O)[C@@]12NC(=O)[C@H](C)[C@@H]2O,CC(C)[C@H](O)[C@@]12NC(=O)[C@H](C)[C@@H]1OC2=O,UP,P25043
Oc1ccc(cc1)[C@@H](C(F)(F)F)N[C@H](C(=O)NC2(C#N)CC2)CS(=O)(=O)Cc3ccccc3,c1ccccc1S(=O)(=O)/N=C(\C)N[C@@H](CC2(C)CCCC2)C(=O)NC3(C#N)CCS(=O)(=O)CC3,DOWN,P25774
COc1cc(OC)c(Cl)c(c1Cl)COc2cnc(nc2)Nc3c(NC(=O)C=C)cc(F)cc3Cl,COc1cc(OC)c(Cl)c(c1Cl)COc2cnc(nc2)Nc3c(NC(=O)C=C)cccc3C,UP,P22455
CC(C)C[C@H](NC(=O)OCC12C[C@H]3C[C@@H](C1)C[C@@H](C2)C3)C(=O)N[C@@H](C[C@@H]1CCNC1=O)C(O)S(=O)(=O)O,O=C1NCC[C@H]1C[C@@H](/C=C/C(=O)OCC)NC(=O)[C@H](CC(C)C)NC(=O)[C@H]([C@@H](C)OC(C)(C)C)NC(=O)OCc2ccccc2,UP,P0DTD1
Clc1ccc([N+](=O)[O-])cc1C(=O)Nc2ccncc2,c1ccccc1NC(=O)c2cc([N+](=O)[O-])ccc2Cl,UP,P37231
CC(C)C[C@H](NC(=O)OCc1ccccc1)C(=O)N[C@@H](C[C@@H]1CCNC1=O)[C@H](O)S(=O)(=O)O,CC(C)[C@H](NC(=O)OCc1ccccc1)C(=O)N[C@@H](CC1CCCCC1)C(=O)N[C@H](C=O)Cc1ccc[nH]c1=O,DOWN,P0DTD1
CC(C)(C)OC(=O)N[C@@H](CCc(oc12)nn2)C(=O)N[C@@H](CC3CCCCC3)C(=O)N[C@H](C=O)CCC(=O)NCCCC1,c12cn(nn2)CCCNC(=O)CC[C@@H](C=O)NC(=O)[C@H](CC3CCCCC3)NC(=O)[C@H](C1)NC(=O)OCc4ccccc4,DOWN,Q83883
CC[C@H](C)[C@H](NC(C)=O)C(=O)N1CCC[C@H]1C(=O)N[C@H](C=O)Cc1ccccc1,Oc1ccc(cc1)C[C@H](NC(=O)CC(C)C)C(=O)N[C@H](C=O)Cc2ccc(O)cc2,DOWN,P42790
CC(C)N(C)C(=O)C1CCN(CC1)C(=O)CCl,ClCC(=O)N1CCN(CC1)S(=O)(=O)c2cccs2,UP,P0DTD1
CC(C)C[C@H](NC(=O)OC[C@@H]1C[C@H]2CCC[C@H](C2)C1)C(=O)N[C@H](C=O)C[C@@H]1CCNC1=O,Cc1onc(c1)C(=O)N[C@@H](C)C(=O)N[C@@H](C(C)C)C(=O)N[C@@H](CC(C)C)C(=O)N[C@@H](C[C@@H]2CCNC2=O)/C=C\C(=O)OCc3ccccc3,DOWN,P0DTD1
FC(F)(F)c1ccc(cc1)C2(CC2)C(=O)N3C[C@@H](C[C@H]3C(=O)NC4(C#N)CC4)S(=O)(=O)c5ccccc5Cl,c1cccc(c12)OC\C=C\COc3ccc(cc3Cl)C[C@H](NC2=O)C(=O)NC4(C#N)CC4,UP,P07711
CC(C)CC(NC(=O)C(NC(=O)OCc1ccccc1)C(C)C)C(=O)NC(C=O)CC1CCNC1=O,COc1cccc2[nH]c(C(=O)N[C@@H](CC(C)C)C(=O)N[C@@H](C[C@@H]3CCCNC3=O)C(=O)COC(=O)c3c(C)cc(C)nc3C)cc12,DOWN,P0DTD1
COc1ccc(cn1)NC(=O)C2CCN(CC2)C(=O)CCl,Cc1ccc(c(C)c1)S(=O)(=O)N2CCN(CC2)C(=O)CCl,UP,P0DTD1
CC(C)[C@H](NS(C)(=O)=O)C(=O)N1C[C@H]2[C@@H]([C@H]1C(=O)N[C@@H](C[C@@H]1CCNC1=O)C(=O)c1nc3ccccc3s1)C2(C)C,COc1cccc2[nH]c(C(=O)NC(CC(C)C)C(=O)NC(CC3CCNC3=O)C(=O)c3nc4ccccc4s3)cc12,UP,P0DTD1
CC(C)C[C@H](NC(=O)OCc1ccccc1)C(=O)N[C@@H](C[C@@H]1CCNC1=O)[C@@H](O)S(O)(=O)=O,CCC[C@H]1CC[C@H](COC(=O)N[C@@H](CC(C)C)C(=O)N[C@@H](C[C@@H]2CCNC2=O)C(O)S(=O)(=O)O)CC1,DOWN,P0DTD1
ClCC(=O)N1CCN(Cc2cccc(Cl)c2)CC1,[O-][N+](=O)c1ccccc1N2CCN(CC2)C(=O)CCl,DOWN,P0DTD1
CCC[C@H]1CC[C@H](COC(=O)N[C@@H](CC(C)C)C(=O)N[C@@H](C[C@@H]2CCNC2=O)C(O)S(=O)(=O)O)CC1,O=C[C@@H](C[C@@H]1CCNC1=O)NC(=O)[C@H](CC1CC1)NC(=O)OCc1ccccc1,DOWN,P0DTD1
Fc1ccc(cc1)[C@@H](C(F)(F)F)N[C@H](C(=O)NC2(C#N)CC2)CS(=O)(=O)C[C@@H]3CCC(=O)N3,Oc1ccc(cc1)[C@@H](C(F)(F)F)N[C@H](C(=O)NC2(C#N)CC2)CS(=O)(=O)Cc3ccccc3,UP,P25774
CC[C@H](NC(=O)[C@H](CC(C)C)NC(=O)OCc1ccccc1)C(=O)C(=O)NCCCN1CCN(C)CC1,COCCOCCOC(=O)N[C@@H](CC(C)C)C(=O)N[C@H](C(=O)C(=O)NC1CC1)Cc2ccccc2,UP,P97571
CC(C)C[C@H](NC(=O)OCc1ccccc1)C(=O)N[C@H](C=O)C[C@@H]1CCNC1=O,O=C1NCC[C@H]1C[C@@H](/C=C/C(=O)C)NC(=O)[C@H](CC(C)C)NC(=O)[C@H](CNC(=O)C(C)(C)C)NC(=O)OCc2ccccc2,DOWN,P0C6X7
CC(C)C[C@H](NC(=O)OCc1ccccc1)C(=O)N[C@@H](C[C@@H]1CCNC1=O)[C@@H](O)S(O)(=O)=O,Cc1onc(c1)C(=O)N[C@@H](C)C(=O)N[C@@H](C(C)C)C(=O)N[C@@H](CC(C)C)C(=O)N[C@@H](C[C@@H]2CCNC2=O)/C=C\C(=O)OCc3ccccc3,DOWN,P0DTD1
CC(C)C[C@H](NC(=O)OCC12C[C@H]3C[C@@H](C1)C[C@@H](C2)C3)C(=O)N[C@@H](C[C@@H]1CCNC1=O)C(O)S(=O)(=O)O,CC(C)C[C@H](NC(=O)OCC1=CC=CC=C1)C(=O)N[C@@H](C[C@@H]1CCNC1=O)[C@H](O)S(O)(=O)=O,UP,P0DTD1
CC(C)C[C@H](NC(=O)OCc1ccccc1F)C(=O)N[C@@H](C[C@@H]1CCNC1=O)C(O)S(=O)(=O)O,c1cccc(c12)[nH]c(c2)C(=O)N[C@@H](CC3CCCCC3)C(=O)N[C@H](C=O)C[C@@H]4CCNC4=O,UP,P0DTD1
ClCC(=O)N1CCC(CC1)C(=O)N2CCCCC2,ClCC(=O)N1CCN(CC1)S(=O)(=O)c2cccs2,UP,P0DTD1
CC(C)C[C@H](NC(=O)OCc1c(F)c(F)c(F)c(F)c1F)C(=O)N[C@@H](C[C@@H]1CCNC1=O)C(O)S(=O)(=O)O,CC(C)C[C@H](NC(=O)OCc1ccccc1)C(=O)N[C@@H](C[C@@H]1CCNC1=O)C(O)S(=O)(=O)O,UP,P0DTD1
Cc1ccc(cc1)C(=O)N2CCN(CC2)C(=O)CCl,ClCC(=O)N1CCN(Cc2cccs2)CC1,DOWN,P0DTD1
ClCC(=O)N1CCN(CC1)S(=O)(=O)c2cccs2,Oc1ccccc1NC(=O)C2CCN(CC2)C(=O)CCl,DOWN,P0DTD1
O[C@@H]1[C@@H](COP(O)(O)=O)O[C@H]([C@@H]1F)n1c(I)cc(=O)[nH]c1=O,O[C@H]1[C@@H](O)[C@@H](O[C@@H]1COP(O)(O)=O)n1c(I)cc(=O)[nH]c1=O,DOWN,P11172
Cc1ccc(c(C)c1)S(=O)(=O)N2CCN(CC2)C(=O)CCl,ClCC(=O)N1CCN(CC1)C(=O)c2cccs2,DOWN,P0DTD1
CC(C)C[C@H](NC(=O)[C@H](CCc1ccccc1)NC(=O)CN1CCOCC1)C(=O)N[C@@H](Cc1ccccc1)C(=O)N[C@@H](CC(C)C)C(=O)[C@@]1(C)CO1,COc1ccc(C[C@H](NC(=O)[C@H](C)NC(=O)CN2CCOCC2)C(=O)N[C@@H](CC2CCC3CCCCC3C2)C(=O)[C@@]2(C)CO2)cc1,DOWN,P30656
CCCOC(=O)N1CCN(C(=O)c2ccc3c(Cl)cc(-c4ccccc4)nc3c2)CC1,CCCOC(=O)N1CCN(C[C@H]1C)C(=O)c(c2)ccc(c23)c(Cl)cc(n3)-c4ccc(cc4)C5(N)CC5,UP,Q9H7B4
CC(=O)OCC1=C(N2[C@H](SC1)[C@H](NC(=O)Cc1cccs1)C2=O)C(O)=O,CO[C@]1(NC(=O)Cc2cccs2)[C@H]2SCC(COC(N)=O)=C(N2C1=O)C(O)=O,UP,P00811
O=C(/C=C/c1ccccc1)NC(Cc1ccccc1)C(=O)NC(CC1CCNC1=O)C(=O)C(=O)NCc1ccccc1,O=C1NCC[C@H]1C[C@@H](/C=C/C(=O)OCC)NC(=O)[C@H](Cc2ccccc2)NC(=O)[C@H](CCC(=O)OC(C)(C)C)NC(=O)OCc3ccccc3,DOWN,P0C6X7
C=CC(=O)Nc1cc(-c2c[nH]c3ncnc(Nc4ccc(CN5C(=O)c6ccccc6C5=O)cc4)c23)ccc1OCCN(C)C,C=CC(=O)Nc1cccc(-c2c[nH]c3ncnc(Nc4ccc5c(cnn5Cc5ccccc5)c4)c23)c1,DOWN,P00533
O=CC(CC1CCNC1=O)NC(=O)C(Cc1ccccc1)NC(=O)OCc1ccccc1,O=C[C@@H](C[C@@H]1CCNC1=O)NC(=O)[C@H](CC1CC1)NC(=O)OCc1cccc(F)c1,DOWN,P0DTD1
OC(=O)C[C@H](NC(=O)[C@H](CCCCNC(=O)c1ccc(Nc2cnc3ccccc3n2)cc1)c1cccs1)C(=O)COc1c(F)c(F)cc(F)c1F,OC(=O)C[C@H](NC(=O)[C@H](CCCCNC(=O)c1ccc(Oc2cnc3ccccc3n2)cc1)c1cccs1)C=O,UP,P29466
CC(C)C[C@H](NC(=O)OCc1ccccc1)C(=O)N[C@@H](C[C@@H]1CCNC1=O)C(=O)S(=O)(=O)[O-],COc1cccc2[nH]c(C(=O)N[C@@H](CC(C)C)C(=O)N[C@@H](C[C@@H]3CCCNC3=O)C(=O)COC(=O)c3c(C)cc(C)nc3C)cc12,DOWN,P0DTD1
Cc1ccc(c(C)c1)S(=O)(=O)N2CCN(CC2)C(=O)CCl,ClCC(=O)N1CCN(Cc2ccc(Cl)s2)CC1,DOWN,P0DTD1
CC(C)C[C@H](NC(=O)O[C@@H](Cc1ccccc1)C1CCC(F)(F)CC1)C(=O)N[C@@H](C[C@@H]1CCNC1=O)C(O)S(=O)(=O)O,O=C1NCC[C@H]1C[C@@H](C(=O)C(=O)NC2CC2)NC(=O)[C@H](CC(C)C)NC(=O)OCc3ccccc3,DOWN,P0DTD1
CC(C)C[C@H](NC(=O)OCc1ccc(F)cc1)C(=O)N[C@@H](C[C@@H]1CCNC1=O)C(O)S(=O)(=O)O,COc1cccc2[nH]c(C(=O)N[C@@H](CC(C)C)C(=O)N[C@@H](C[C@@H]3CCCNC3=O)C(=O)COC(=O)c3c(C)cc(C)nc3C)cc12,DOWN,P0DTD1
CC(C)C[C@H](NC(=O)OCc1ccccc1F)C(=O)N[C@@H](C[C@@H]1CCNC1=O)C(O)S(=O)(=O)O,O=CC(CC1CCNC1=O)NC(=O)C1C2CCCC2CN1C(=O)OCc1ccccc1,UP,P0DTD1
CC(C)C[C@H](NC(=O)OCc1ccc(F)cc1)C(=O)N[C@@H](C[C@@H]1CCNC1=O)C(O)S(=O)(=O)O,CC(C)C[C@H](NC(=O)OCc1ccccc1)C(=O)N[C@@H](C[C@@H]1CCNC1=O)[C@@H](O)S(O)(=O)=O,UP,P0DTD1
CCOC(=O)/C=C/C(CC1CCNC1=O)NC(=O)C(CC(C)C)NC(=O)C(NC(=O)OCc1ccccc1)C(C)OC(C)(C)C,O=C1NCC[C@H]1C[C@@H](C(=O)C(=O)NC2CC2)NC(=O)[C@H](CC(C)C)NC(=O)OCc3ccccc3,DOWN,P0DTD1
CC(C)C[C@H](NC(=O)[C@H](CCC(=O)O)NC(=O)[C@@H](NC(=O)[C@@H](N)C(C)O)C(C)C)C(=O)N[C@@H](CCC(N)=O)C(=O)NCC(=O)N[C@H](C(=O)N[C@H](C(=O)N1CCC[C@H]1C(=O)N[C@@H](CCCNC(=N)N)C(=O)CCl)C(C)C)C(C)C,NC(=[NH2+])NCCC[C@H](NC(=O)[C@@H]1CCCN1C(=O)[C@H](N)Cc1ccccc1)C(=O)CCl,DOWN,P00734
CC(C)(C)OC(=O)N[C@@H](CCc(oc12)nn2)C(=O)N[C@@H](CC3CCCCC3)C(=O)N[C@H](C=O)CCC(=O)NCCCCC1,c12cn(nn2)CCNC(=O)CC[C@@H](C=O)NC(=O)[C@H](CC3CCCCC3)NC(=O)[C@H](C1)NC(=O)OCc4ccccc4,DOWN,Q83883
Cc1ccc(cc1)S(=O)(=O)N2CCN(CC2)C(=O)CCl,ClCC(=O)N1CCN(CC1)Cc2cccc(c23)cccc3,UP,P0DTD1
CC(C)C[C@H](NC(=O)OC[C@H]1C[C@H]2CC[C@@H]1C2)C(=O)N[C@@H](C[C@@H]1CCNC1=O)C(O)S(=O)(=O)O,CC(C)C[C@H](NC(=O)OCc1cccc(F)c1)C(=O)N[C@@H](C[C@@H]1CCNC1=O)C(O)S(=O)(=O)O,DOWN,P0DTD1
CC(C)C[C@H](NC(=O)O[C@H]1CC[C@H](c2ccccc2)CC1)C(=O)N[C@@H](C[C@@H]1CCNC1=O)C(O)S(=O)(=O)O,COc1cccc2[nH]c(C(=O)N[C@@H](CC(C)C)C(=O)N[C@@H](C[C@@H]3CCCNC3=O)C(=O)COC(=O)c3c(C)cc(C)nc3C)cc12,DOWN,P0DTD1
CCOc1cc2ncc(C#N)c(Nc3ccc(OCc4ccccn4)c(Cl)c3)c2cc1NC(=O)/C=C/CN(C)C,CN(C)C\C=C\C(=O)NCCn1ccc2ncnc(Nc3ccc(Oc4cccc(c4)C(F)(F)F)c(Cl)c3)c12,DOWN,P00533
CC(C)CCC(=O)N[C@H](C(C)C)C(=O)N[C@H](CCCNC(N)=N)C(=O)c1nccs1,Cc1cccc(c1)-c1ncc(N)c(=O)n1CC(=O)N[C@@H](CCCNC(N)=N)C(=O)c1nccs1,DOWN,P03951
ClCC(=O)N1CCN(Cc2cccc(Cl)c2)CC1,Fc1cccc(F)c1S(=O)(=O)N2CCN(CC2)C(=O)CCl,UP,P0DTD1
CC(C)C[C@H](NC(=O)OCc1ccccc1)C(=O)N[C@@H](C[C@@H]1CCNC1=O)C(=O)C(=O)NCc1ccccc1,CC(C)C[C@H](NC(=O)O[C@@H](Cc1ccccc1)C1CCC(F)(F)CC1)C(=O)N[C@@H](C[C@@H]1CCNC1=O)C(O)S(=O)(=O)O,UP,P0DTD1
COC(=O)c(c1)ccc(c12)N(C(=O)C=C)CCN2CC3CC3,c1cccc(c12)N(C(=O)C=C)CCN2C(=O)OC(C)(C)C,DOWN,P24941
CC(C)C[C@H](NC(=O)[C@@H](NC(=O)c1cc2ccccc2[nH]1)C(C)C)C(=O)N[C@H](C=O)C[C@@H]1CCNC1=O,O=C1NCC[C@H]1C[C@@H](/C=C/C(=O)OCC)NC(=O)[C@H](Cc2ccccc2)NC(=O)OCc3ccccc3,DOWN,P0C6X7
C=CC(=O)Nc1ccc2ncnc(Nc3cccc(Br)c3)c2c1,CN(C)CC=CC(=O)Nc1cc2c(Nc3ccc(F)c(Cl)c3)ncnc2cc1O[C@H]1CCOC1,DOWN,P00533
C.CC(C)C.NC(Cc1ccccc1)C(=O)NC(C=O)CC1CCNC1=O.O=COCc1ccccc1,CC(C)C[C@H](NC(=O)OCc1ccccc1F)C(=O)N[C@@H](C[C@@H]1CCNC1=O)C(O)S(=O)(=O)O,DOWN,P0DTD1
COc1cc(OC)c(Cl)c(c1Cl)-c(c2)ccc(c23)nc(nc3)Nc4c(C)cccc4NC(=O)C=C,COc1cc(OC)c(Cl)c(c1Cl)COc2cnc(nc2)Nc3c(NC(=O)C=C)cc(Cl)cc3Cl,DOWN,P22455
ClCC(=O)N1CCN(CC1)C(=O)c2cccs2,Fc1cccc(c1)S(=O)(=O)N2CCN(CC2)C(=O)CCl,UP,P0DTD1
COc1ccc(C[C@H](NC(=O)[C@H](C)NC(=O)C2=CC3=CCC=CC3=C2C)C(=O)N[C@@H](Cc2ccccc2)C(=O)[C@@]2(C)CO2)cc1,COc1ccc(C[C@H](NC(=O)[C@H](C)NC(=O)CN2CCOCC2)C(=O)N[C@@H](CC2CCC(C3CCCCC3)CC2)C(=O)[C@@]2(C)CO2)cc1,DOWN,P25043
CC(=O)NC1=NC(=O)C2=C(N1)N=CC(C=O)=N2,Nc(n1)[nH]c(=O)c(c12)nc(cn2)C=O,UP,Q95460
CC(C)C[C@H](NC(=O)OCC1=CC=CC=C1)C(=O)N[C@@H](C[C@@H]1CCNC1=O)[C@H](O)S(O)(=O)=O,CC(C)C[C@H](NC(=O)OC[C@@H]1C[C@H]2C=CC[C@H](C2)C1)C(=O)N[C@@H](C[C@@H]1CCNC1=O)C(=O)S(=O)(=O)O,DOWN,P0DTD1
CCOC(=O)/C=C/C(CC1CCNC1=O)NC(=O)C(CC(C)C)NC(=O)C(NC(=O)OCc1ccccc1)C(C)OC(C)(C)C,O=C[C@@H](C[C@@H]1CCNC1=O)NC(=O)[C@H](CC1CC1)NC(=O)OCc1ccccc1,DOWN,P0DTD1
CC(C)C[C@H](NC(=O)OC[C@@H]1C[C@H]2C=CC[C@H](C2)C1)C(=O)N[C@@H](C[C@@H]1CCNC1=O)C(=O)S(=O)(=O)O,O=C[C@@H](C[C@@H]1CCNC1=O)NC(=O)[C@H](CC1CC1)NC(=O)OCc1cccc(F)c1,DOWN,P0DTD1
CC(C)CC(NC(=O)OC(C)C1CCC(F)(F)CC1)C(=O)NC(C=O)CC1CCNC1=O,Cc1onc(c1)C(=O)N[C@@H](C)C(=O)N[C@@H](C(C)C)C(=O)N[C@@H](CC(C)C)C(=O)N[C@@H](C[C@@H]2CCNC2=O)/C=C\C(=O)OCc3ccccc3,DOWN,P0DTD1
CO\N=C(\C(=O)N[C@H]1[C@H]2SCC(COC(C)=O)=C(N2C1=O)C(O)=O)c1csc(N)n1,CO\N=C(\C(=O)N[C@H]1[C@H]2SCC(COC(N)=O)=C(N2C1=O)C(O)=O)c1ccco1,UP,P9WKD3
CCCOC(=O)N1CCN(C(=O)c2ccc3c(Cl)cc(-c4ccc(C(C)(C)O)cc4)nc3c2)CC1C,CCCOC(=O)N1CCN(C[C@H]1C)C(=O)c(c2)ccc(c23)c(Cl)cc(n3)-c4ccc(cc4)C5(N)CC5,UP,Q9H7B4
CC(C)(C)[C@H](NC(=O)C(F)(F)F)C(=O)N1C[C@H]2[C@@H]([C@H]1C(=O)N[C@H](C#N)C[C@@H]1CCNC1=O)C2(C)C,CC(C)C[C@H](NC(=O)OC(C)(C)C1CCC(F)(F)CC1)C(=O)N[C@@H](C[C@@H]1CCNC1=O)C(O)S(=O)(=O)O,DOWN,P0DTD1
CC(C)C[C@H](NC(=O)OCc1ccc(F)cc1)C(=O)N[C@@H](C[C@@H]1CCNC1=O)C(O)S(=O)(=O)O,COc1cccc2[nH]c(C(=O)N[C@@H](CC(C)C)C(=O)N[C@H](C#N)C[C@@H]3CCNC3=O)cc12,UP,P0DTD1
ClCC(=O)N1CCN(Cc2cccs2)CC1,Fc1cccc(c1)S(=O)(=O)N2CCN(CC2)C(=O)CCl,UP,P0DTD1
CC(=O)N[C@H](C(=O)N[C@@H](CC(=O)O)C(=O)N[C@H](C(=O)N[C@@H](C)C(=O)N[C@H](C=O)CC(=O)O)C(C)C)C(C)C,CC(C)[C@H](NC(=O)[C@H](CCC(O)=O)NC(=O)[C@H](CC(O)=O)NC(=O)OCc1ccccc1)C(=O)NN(CC(O)=O)C(=O)\C=C\C(=O)OCc1ccccc1,UP,P42574
Cc1ccc(c(C)c1)S(=O)(=O)N2CCN(CC2)C(=O)CCl,ClCC(=O)N1CCN(CC1)Cc2cccc(c23)cccc3,UP,P0DTD1
CC(C)[C@H](NC(N)=O)C(=O)N[C@@H](CCCNC(N)=N)C(=O)c1nccs1,CSc1ncc(NCc2ccccc2)c(=O)n1CC(=O)N[C@@H](CCCNC(N)=N)C(=O)c1nccs1,DOWN,P03951
O=C(NNC(=O)C1CCC2CN1C(=O)N2)C1CCNC1,OS(=O)(=O)ON1[C@H]2CN([C@@H](CC2)C(=O)NNC(=O)[C@@H]2CCNC2)C1=O,UP,Q9F663
O[C@@H]1[C@@H](COP(O)(O)=O)O[C@H]([C@@H]1F)n1c(I)cc(=O)[nH]c1=O,O[C@H]1[C@@H](O)[C@@H](O[C@@H]1COP(O)(O)=O)n1cc(F)c(=O)[nH]c1=O,UP,P11172
CC(C)C[C@H](NC(=O)OCc1cccc(F)c1)C(=O)N[C@@H](C[C@@H]1CCNC1=O)C(O)S(=O)(=O)O,CC(C)C[C@H](NC(=O)OCc1ccccc1F)C(=O)N[C@@H](C[C@@H]1CCNC1=O)C(O)S(=O)(=O)O,UP,P0DTD1
CC(C)C[C@H](NC(=O)OC[C@@H]1C[C@H]2CCC[C@H](C2)C1)C(=O)N[C@H](C=O)C[C@@H]1CCNC1=O,COc1cccc2[nH]c(C(=O)N[C@@H](CC(C)C)C(=O)N[C@@H](C[C@@H]3CCCNC3=O)C(=O)COC(=O)c3c(C)cc(C)nc3C)cc12,DOWN,P0DTD1
CC(C)C[C@H](NC(=O)OC[C@H]1C[C@H]2CC[C@@H]1C2)C(=O)N[C@@H](C[C@@H]1CCNC1=O)C(O)S(=O)(=O)O,COc1cccc2[nH]c(C(=O)N[C@@H](CC(C)C)C(=O)N[C@H](C#N)C[C@@H]3CCNC3=O)cc12,UP,P0DTD1
CC(C)C(NC(=O)OCc1ccccc1)C(=O)NC(Cc1ccccc1)C(=O)NC(C=O)CC1CCNC1=O,c1cccc(c12)[nH]c(c2)C(=O)N[C@@H](CC3CCCCC3)C(=O)N[C@H](C=O)C[C@@H]4CCNC4=O,UP,P0DTD1
CC(C)C[C@H](NC(=O)OCc1ccc(F)cc1)C(=O)N[C@@H](C[C@@H]1CCNC1=O)C(O)S(=O)(=O)O,c1cccc(c12)[nH]c(c2)C(=O)N[C@@H](Cc3cccc(F)c3)C(=O)N[C@H](C=O)C[C@@H]4CCNC4=O,UP,P0DTD1
CC(C)C[C@H](NC(=O)OCc1ccccc1)C(=O)N[C@@H](C[C@@H]1CCNC1=O)C(O)S(=O)(=O)O,Cc1onc(c1)C(=O)N[C@@H](C)C(=O)N[C@@H](C(C)C)C(=O)N[C@@H](CC(C)C)C(=O)N[C@@H](C[C@@H]2CCNC2=O)/C=C\C(=O)OCc3ccccc3,DOWN,P0DTD1
CC(C)C[C@H](NC(=O)OC1CCC(C)(C)CC1)C(=O)N[C@@H](C[C@@H]1CCNC1=O)C(O)S(=O)(=O)O,CC(C)C[C@H](NC(=O)OCC12C[C@H]3C[C@@H](C1)C[C@@H](C2)C3)C(=O)N[C@@H](C[C@@H]1CCNC1=O)C(O)S(=O)(=O)O,UP,P0DTD1
Fc1ccc(cc1)[C@@H](C(F)(F)F)N[C@H](C(=O)NC2(C#N)CC2)CS(=O)(=O)N3CCOCC3,c1ccccc1S(=O)(=O)/N=C(\C)N[C@@H](CC2(C)CCCC2)C(=O)NC3(C#N)CCS(=O)(=O)CC3,DOWN,P25774
CC(C)C[C@H](NC(=O)OCc1c(F)c(F)c(F)c(F)c1F)C(=O)N[C@@H](C[C@@H]1CCNC1=O)C(O)S(=O)(=O)O,CCOC(=O)/C=C/C(CC1CCNC1=O)NC(=O)C(CC(C)C)NC(=O)C(NC(=O)OCc1ccccc1)C(C)OC(C)(C)C,UP,P0DTD1
COC(=O)c1ccc(NC(=O)NC[C@H]2CC[C@H](N2)C(=O)N2CCC[C@H]2C#N)cc1,N#C[C@@H]1CCCN1C(=O)[C@@H](N)Cc2ccc(cc2)-c3ccccc3,UP,P27487
C=CC(=O)N1C[C@@H](CCC1)n2nc(c(c23)c(N)ncn3)-c4ccc(cc4)Oc5ccccc5,Nc1nccc(Oc2cccc(NC(=O)C=C)c2)c1-c1ccc(Oc2ccccc2)cc1,UP,Q06187
CCOC(=O)[C@H]1O[C@@H]1C(=O)N[C@@H]([C@@H](C)O)C(=O)N[C@@H]([C@@H](C)CC)C(O)=O,c1ccccc1CNC(=O)[C@H]2O[C@@H]2C(=O)N[C@@H]([C@@H](C)CC)C(=O)N3CCC[C@H]3C(=O)OCc4ccccc4,UP,P07688
COc1cccc2[nH]c(C(=O)NC(CC(C)C)C(=O)NC(CC3CCNC3=O)C(=O)c3nc4ccccc4s3)cc12,c1cccc(c12)[nH]c(c2)C(=O)N[C@@H](CC3CCCCC3)C(=O)N[C@H](C=O)C[C@@H]4CCNC4=O,UP,P0DTD1
CC(C)C[C@H](NC(=O)OC[C@@H]1C[C@H]2CCC[C@H](C2)C1)C(=O)N[C@H](C=O)C[C@@H]1CCNC1=O,COc1cccc(c12)[nH]c(c2)C(=O)N[C@@H](CC(C)C)C(=O)N[C@@H](C[C@@H]3CCNC3=O)C(=O)c(s4)nc(c45)cccc5,UP,P0DTD1
CC(=O)N1CCC[C@@H]1C(=O)N[C@@H](C)C(=O)N[C@H](Cc1ccc(O)cc1)C(=O)C1(C)CO1,COc1ccc(C[C@H](NC(=O)[C@H](C)NC(=O)CN2CCOCC2)C(=O)N[C@@H](CC2CCC3CCCCC3C2)C(=O)[C@@]2(C)CO2)cc1,DOWN,P30656
CC(C)C[C@H](NC(=O)OC1CCC(C)(C)CC1)C(=O)N[C@@H](C[C@@H]1CCNC1=O)C(O)S(=O)(=O)O,CC(C)C[C@H](NC(=O)OC[C@H]1C[C@H]2CCC[C@H](C2)C1)C(=O)N[C@H](C=O)C[C@@H]1CCNC1=O,DOWN,P0DTD1
CC(C)C[C@H](NC(=O)OCC1=CC=CC=C1)C(=O)N[C@@H](C[C@@H]1CCNC1=O)[C@H](O)S(O)(=O)=O,O=C1NCC[C@H]1C[C@@H](/C=C/C(=O)OCC)NC(=O)[C@H](CC(C)C)NC(=O)[C@H]([C@@H](C)OC(C)(C)C)NC(=O)OCc2ccccc2,UP,P0DTD1
CC(C)C[C@H](NC(=O)OCc1ccccc1)C(=O)N[C@@H](C[C@@H]1CCNC1=O)C(=O)S(=O)(=O)[O-],Cc1onc(c1)C(=O)N[C@@H](C)C(=O)N[C@@H](C(C)C)C(=O)N[C@@H](CC(C)C)C(=O)N[C@@H](C[C@@H]2CCNC2=O)/C=C\C(=O)OCc3ccccc3,DOWN,P0DTD1
CC(C)C[C@H](NC(=O)OCc1ccccc1)C(=O)N[C@@H](C[C@@H]1CCNC1=O)C(O)S(=O)(=O)O,c1cccc(c12)[nH]c(c2)C(=O)N[C@@H](Cc3cccc(F)c3)C(=O)N[C@H](C=O)C[C@@H]4CCNC4=O,UP,P0DTD1
CC(C)C(NC(=O)OCc1ccccc1)C(=O)NC(Cc1ccccc1)C(=O)NC(C=O)CC1CCNC1=O,O=CC(CC1CCNC1=O)NC(=O)C(Cc1ccccc1)NC(=O)OCc1ccccc1,DOWN,P0DTD1
CC(C)C[C@H](NC(=O)OCc1ccc(F)cc1)C(=O)N[C@@H](C[C@@H]1CCNC1=O)C(O)S(=O)(=O)O,O=C[C@@H](C[C@@H]1CCNC1=O)NC(=O)[C@H](CC1CC1)NC(=O)OCc1cccc(F)c1,DOWN,P0DTD1
CC(C)C[C@H](NC(=O)OCC12C[C@H]3C[C@@H](C1)C[C@@H](C2)C3)C(=O)N[C@@H](C[C@@H]1CCNC1=O)C(O)S(=O)(=O)O,COc1cccc(c12)[nH]c(c2)C(=O)N[C@@H](CC(C)C)C(=O)N[C@@H](C[C@@H]3CCNC3=O)C(=O)COC(=O)c4ccccc4C#N,DOWN,P0DTD1
ClCC(=O)N1CCN(CC1)Cc2cccc(c23)cccc3,Fc1cccc(F)c1S(=O)(=O)N2CCN(CC2)C(=O)CCl,DOWN,P0DTD1
Cc1ccccc1CN1CCCN(CC1)C(=O)CCl,ClCC(=O)N1CCN(CC1)S(=O)(=O)c2cccs2,UP,P0DTD1
O[C@H](COP(O)(O)=O)[C@@H](O)[C@H](O)C(=O)COP(O)(O)=O,O[C@H](COP(O)(O)=O)[C@H](O)[C@H](O)C(=O)COP(O)(O)=O,UP,P63705
CC(C)C[C@@H]1NC(=O)O[C@H](c2cccc(Cl)c2)CCCCCNC(=O)CC[C@@H](C=O)NC1=O,c1ccccc1COC(=O)N[C@@H](Cc(cn23)nn3)C(=O)N[C@@H](CC(C)C)C(=O)N[C@H](C=O)CCC(=O)NCCC2,DOWN,Q83883
COc1ccc(cc1)N2CCN(CC2)C(=O)CCl,Fc1ccc(cc1)[C@H]2CN(CCO2)C(=O)CCl,DOWN,P0DTD1
CC(C)C[C@H](NC(=O)OCc1ccccc1)C(=O)N[C@@H](C[C@@H]1CCNC1=O)[C@@H](O)S(O)(=O)=O,c1cccc(c12)[nH]c(c2)C(=O)N[C@@H](Cc3cccc(F)c3)C(=O)N[C@H](C=O)C[C@@H]4CCNC4=O,UP,P0DTD1
CSc1ncc(NCc2ccccc2)c(=O)n1CC(=O)N[C@@H](CCCNC(N)=N)C(=O)c1nccs1,Cc1cccc(c1)-c1ncc(N)c(=O)n1CC(=O)N[C@@H](CCCNC(N)=N)C(=O)c1nccs1,DOWN,P03951
CC(C)C[C@H](NC(=O)[C@@H](NC(=O)c1cc2ccccc2[nH]1)C(C)C)C(=O)N[C@H](C=O)C[C@@H]1CCNC1=O,Cc1onc(c1)C(=O)N[C@@H](C)C(=O)N[C@@H](C(C)C)C(=O)N[C@@H](CC(C)C)C(=O)N[C@@H](C[C@@H]2CCNC2=O)/C=C\C(=O)OCc3ccccc3,DOWN,P0C6X7
COc1cccc(c12)[nH]c(c2)C(=O)N[C@@H](CC(C)C)C(=O)N[C@@H](C[C@@H]3CCNC3=O)C(=O)c(s4)nc(c45)cccc5,COc1cccc2[nH]c(C(=O)N3C[C@H]4[C@@H]([C@H]3C(=O)N[C@@H](C[C@@H]3CCNC3=O)C(=O)c3nc5ccccc5s3)C4(C)C)cc12,DOWN,P0DTD1
Oc1ccccc1NC(=O)C2CCN(CC2)C(=O)CCl,c1cccc(c12)[C@@H](CN(C2)C(=O)CCl)c3ccccc3,DOWN,P0DTD1
N#Cc1ccc(-c2ccc(CC(C#N)NC(=O)C3CCCCN3)cc2)cc1,O[C@H]1CN[C@@H](C1)C(=O)N[C@@H](Cc1ccc(cc1)-c1ccccc1)C#N,DOWN,P53634
OS(=O)(=O)N1[C@@H]2CCN([C@@H]2C1=O)C(=O)N[C@@H]1CCCNCC1,OS(=O)(=O)ON1[C@H]2CN([C@@H](CC2)C(=O)NC2CCNCC2)C1=O,UP,P24735
CCCNC(=O)[C@@H]1[C@H](O1)C(=O)N[C@@H]([C@@H](C)CC)C(=O)N2CCC[C@H]2C(=O)OCc3ccccc3,CC[C@H](C)[C@H](NC(=O)[C@H]1O[C@@H]1C(=O)NCc1ccccc1)C(=O)N1CCC[C@H]1C(O)=O,DOWN,P07688
CC(C)[C@H](NC(=O)[C@H](CCC(O)=O)NC(=O)[C@H](CC(O)=O)NC(=O)OCc1ccccc1)C(=O)NN(CC(O)=O)C(=O)[C@H]1O[C@@H]1C(=O)OCc1ccccc1,CC[C@H](C)[C@H](NC(=O)OCc1ccccc1)C(=O)N[C@@H](CCC(O)=O)C(=O)N[C@@H]([C@@H](C)O)C(=O)NN(CC(O)=O)C(=O)[C@H]1O[C@@H]1C(=O)N[C@@H](C)C(=O)NCc1ccccc1,DOWN,P42574
CC(C)CC(NC(=O)OCc1ccc(F)cc1)C(=O)NC(CC1CCNC1=O)C(O)S(=O)(=O)O,Cc1onc(c1)C(=O)N[C@@H](C)C(=O)N[C@@H](C(C)C)C(=O)N[C@@H](CC(C)C)C(=O)N[C@@H](C[C@@H]2CCNC2=O)/C=C\C(=O)OCc3ccccc3,DOWN,P0DTD1
CCOC(=O)C=C[C@H](C[C@@H]1CCNC1=O)NC(=O)[C@@H](NC(=O)[C@@H](NC(=O)OC(C)(C)C)C(C)C)c1ccccc1,O=C1NCC[C@H]1C[C@@H](/C=C/C(=O)OCC)NC(=O)[C@H](CC(C)C)NC(=O)[C@H](C(C)C)NC(=O)[C@H](C)NC(=O)c2cc(on2)C,UP,P0C6X7
CC(C)CC(NC(=O)OC(C)C1CCC(F)(F)CC1)C(=O)NC(C=O)CC1CCNC1=O,CC(C)C[C@H](NC(=O)OC1CCC(C)(C)CC1)C(=O)N[C@@H](C[C@@H]1CCNC1=O)C(O)S(=O)(=O)O,UP,P0DTD1
CC(C)C[C@H](NC(=O)OCC1=CC=CC=C1)C(=O)N[C@@H](C[C@@H]1CCNC1=O)[C@H](O)S(O)(=O)=O,COc1cccc(c12)[nH]c(c2)C(=O)N[C@@H](CC(C)C)C(=O)N[C@@H](C[C@@H]3CCNC3=O)C(=O)c(s4)nc(c45)cccc5,DOWN,P0DTD1
CC(=O)N[C@H](Cc1ccccc1)C(=O)N[C@@H](Cc1ccccc1)C(=O)N[C@@H](CCCNC(N)=[NH2+])C(=O)CCl,CN(C)c1cccc2c(S(=O)(=O)N[C@@H](CCC(=O)O)C(=O)NCC(=O)N[C@@H](CCCNC(=N)N)C(=O)CCl)cccc12,DOWN,P08709
COc1ccc(cc1)N2CCN(CC2)C(=O)CCl,Cc1ccc(C)c(c1)S(=O)(=O)N2CCN(CC2)C(=O)CCl,DOWN,P0DTD1
O=CC(CC1CCNC1=O)NC(=O)C1C2CCCC2CN1C(=O)CCc1cc(F)cc(F)c1,O=C[C@@H](C[C@@H]1CCNC1=O)NC(=O)[C@H](CC1CC1)NC(=O)OCc1cccc(F)c1,DOWN,P0DTD1
CC(C)(C)OC(=O)Nc1cccn(C(CC2CC2)C(=O)NC(CC2CCNC2=O)C(=O)C(=O)NCc2ccccc2)c1=O,CC(C)C[C@H](NC(=O)OCc1ccccc1)C(=O)N[C@@H](C[C@@H]1CCNC1=O)C(=O)S(=O)(=O)[O-],UP,P0DTD1
O=C1NCC[C@H]1C[C@@H](/C=C/C(=O)C2CC2)NC(=O)[C@H](CC(C)C)NC(=O)[C@H]([C@@H](C)OC(C)(C)C)NC(=O)OCc3ccccc3,O=C1NCC[C@H]1C[C@@H](/C=C/C(=O)OCC)NC(=O)[C@H](Cc2ccccc2)NC(=O)OCc3ccccc3,DOWN,P0C6X7
CC(C)C[C@H](NC(=O)OCc1ccc(F)cc1)C(=O)N[C@@H](C[C@@H]1CCNC1=O)C(O)S(=O)(=O)O,CC(C)C[C@H](NC(=O)OCc1ccccc1)C(=O)N[C@@H](C[C@@H]1CCNC1=O)C(O)S(=O)(=O)O,UP,P0DTD1
CCOC(=O)C=C[C@H](C[C@@H]1CCNC1=O)NC(=O)[C@@H](CC(=O)[C@@H](NC(=O)c1cc(C)on1)C(C)C)Cc1ccc(F)cc1,O=C[C@@H](C[C@@H]1CCNC1=O)NC(=O)[C@H](CC1CC1)NC(=O)OCc1ccccc1,DOWN,P0DTD1
Fc1ccc(cc1)[C@H]2CN(CCO2)C(=O)CCl,Fc1cccc(c1)S(=O)(=O)N2CCN(CC2)C(=O)CCl,UP,P0DTD1
ClCC(=O)N1CCC(CC1)C(=O)N2CCCCC2,ClCC(=O)N1CCC(CC1)NC(=O)c2ccccc2,UP,P0DTD1
CC1=C(C(=O)N[C@H](C)C(=O)N[C@@H](Cc2c[nH]c3ccccc23)C(=O)NC(Cc2ccccc2)C(=O)[C@@]2(C)CO2)Cc2ccccc21,COc1ccc(C[C@H](NC(=O)[C@@H](C)NC(=O)C2=CC3=CCC=CC3=C2C)C(=O)N[C@@H](Cc2ccccc2)C(=O)[C@@]2(C)CO2)cc1,DOWN,P30656
ClCC(=O)N1CCC(CC1)C(=O)N2CCCCC2,Fc1cccc(F)c1S(=O)(=O)N2CCN(CC2)C(=O)CCl,UP,P0DTD1
CC(C)N(C)C(=O)C1CCN(CC1)C(=O)CCl,ClCC(=O)N1CCN(CC1)S(=O)(=O)c2ccc(Cl)s2,UP,P0DTD1
CCOc1cc2ncc(C#N)c(Nc3ccc(OCc4ccccn4)c(Cl)c3)c2cc1NC(=O)/C=C/CN(C)C,CCOc1cc2ncc(C#N)c(Nc3ccc(OCc4ccccn4)c(Cl)c3)c2cc1NC(=O)\C=C\CN(C)C,DOWN,P00533
C=C(CCN(C)C)C(=O)NC[C@@H](NC(=O)[C@H](Cc1nc2ccc(C(C)C)cc2s1)NC(=O)CC)C1CCCCC1,C=C(CN1CCOCC1)C(=O)NC[C@@H](NC(=O)[C@H](Cc1nc2ccc(C(C)C)cc2s1)NC(=O)CC)C1CCCCC1,DOWN,Q96GG9
Fc1ccc(cc1)N(C(=O)CCl)[C@@H](CS2(=O)=O)C=C2,O=S1(=O)C[C@H](C=C1)N(C(=O)CCl)c2ccccc2,DOWN,P0DTD1
COCCSc1nc(-c2ccc(F)cc2)c([nH]1)-c3ccnc(c3)Nc4cc(NC(=O)C=C)ccc4OC,COc1ccc(NC(=O)C=C)cc1Nc2cc(ccn2)-c3nc(CCCO)[nH]c3-c4ccc(F)cc4,UP,P00533
CC(C)C[C@H](NC(=O)OC1CCC(C)(C)CC1)C(=O)N[C@@H](C[C@@H]1CCNC1=O)C(O)S(=O)(=O)O,CC(C)C[C@H](NC(=O)OCC1=CC=CC=C1)C(=O)N[C@@H](C[C@@H]1CCNC1=O)[C@H](O)S(O)(=O)=O,UP,P0DTD1
CC(C)C[C@H](NC(=O)OCc1ccccc1)C(=O)N[C@@H](C[C@@H]1CCNC1=O)C(=O)S(=O)(=O)[O-],O=CC(CC1CCNC1=O)NC(=O)C(Cc1ccccc1)NC(=O)OCc1ccccc1,DOWN,P0DTD1
FC(F)(F)C(C(F)(F)F)OC(=O)N1CCC(CC1)CNS(=O)(=O)c2ccc(Cl)cc2,c1ccccc1-c2nc(on2)C3CN(C3)C(=O)OC(C(F)(F)F)C(F)(F)F,UP,Q99685
CC(C)C[C@H](NC(=O)OC[C@H]1C[C@H]2C=CC[C@H](C2)C1)C(=O)N[C@@H](C[C@@H]1CCNC1=O)C(=O)S(=O)(=O)O,CC(C)C[C@H](NC(=O)OC[C@H]1C[C@H]2CC[C@@H]1C2)C(=O)N[C@@H](C[C@@H]1CCNC1=O)C(O)S(=O)(=O)O,UP,P0DTD1
C=CC(=O)Nc1ccc2[nH]c(=O)n(C3CCN(Cc4ccc(-c5nc6cc[nH]c(=O)c6cc5-c5ccccc5)cc4)CC3)c2c1,Cn1c2ccc(NC(=O)C=C)cc2n(C2CCN(Cc3ccc(cc3)-c3nc4cc[nH]c(=O)c4cc3-c3ccccc3)CC2)c1=O,DOWN,P31749
C=CC(=O)N(c1ccc(C(C)(C)C)cc1)C(C(=O)NC1CCOCC1)c1cccnc1,C=CC(=O)N(c1ccc(C(C)(C)C)cc1)C(C(=O)NCCCOC)c1cccnc1,UP,P0DTD1
Cc1ccc(cc1)C(=O)N2CCN(CC2)C(=O)CCl,ClCC(=O)N1CCN(Cc2ccc(Br)s2)CC1,DOWN,P0DTD1
CCOC(=O)C=C[C@H](C[C@@H]1CCNC1=O)NC(=O)[C@@H](NC(=O)[C@@H](NC(=O)OC(C)(C)C)C(C)C)c1ccccc1,O=C1NCC[C@H]1C[C@@H](/C=C/C(=O)OCC)NC(=O)[C@H](Cc2ccccc2)NC(=O)[C@H](CCC(=O)OC(C)(C)C)NC(=O)OCc3ccccc3,DOWN,P0C6X7
Fc1ccc(cc1)[C@H]2CN(CCO2)C(=O)CCl,Fc1ccccc1S(=O)(=O)N2CCN(CC2)C(=O)CCl,UP,P0DTD1
O=C1NCC[C@H]1C[C@@H](/C=C/C(=O)OCC)NC(=O)[C@H](Cc2ccccc2)NC(=O)[C@H](CC(=O)OC(C)(C)C)NC(=O)OCc3ccccc3,O=C1NCC[C@H]1C[C@@H](/C=C/C(=O)OCC)NC(=O)[C@H](Cc2ccccc2)NC(=O)[C@H](CCC(=O)OC(C)(C)C)NC(=O)OCc3ccccc3,DOWN,A1E4A3
CC(C)C[C@H](NC(=O)OCc1ccccc1)C(=O)N[C@@H](C[C@@H]1CCNC1=O)C(O)S(=O)(=O)O,O=C1NCC[C@H]1C[C@@H](/C=C/C(=O)OCC)NC(=O)[C@H](CC(C)C)NC(=O)[C@H]([C@@H](C)OC(C)(C)C)NC(=O)OCc2ccccc2,UP,P0DTD1
CC(C)CC(NC(=O)OCc1ccc(F)cc1)C(=O)NC(CC1CCNC1=O)C(O)S(=O)(=O)O,O=C[C@@H](C[C@@H]1CCNC1=O)NC(=O)[C@H](CC1CC1)NC(=O)OCc1ccccc1,DOWN,P0DTD1
C=C(F)C(=O)Nc1cccc(C)c1Nc1ncc(OCc2c(Cl)c(OC)cc(OC)c2Cl)cn1,COc1cc(OC)c(Cl)c(c1Cl)COc2cnc(nc2)Nc3c(NC(=O)C=C)cc(Cl)cc3Cl,DOWN,P22455
CC(C)(C)NC(=O)NC(C(=O)N1CC2C(C1C(=O)NC(CC1CCC1)C(=O)C(N)=O)C2(C)C)C(C)(C)C,CC(C)[C@H](NS(C)(=O)=O)C(=O)N1C[C@H]2[C@@H]([C@H]1C(=O)N[C@@H](C[C@@H]1CCNC1=O)C(=O)c1nc3ccccc3s1)C2(C)C,DOWN,P0DTD1
CC(C)CC(NC(=O)C1OC1C(=O)[O-])C(=O)NCCCCNC(N)=[NH2+],CC(C)C[C@H](NC(=O)[C@@H]1O[C@H]1C(O)=O)C(=O)NCCCCNC(N)=N,UP,P80884
CC(C)C[C@H](NC(=O)OCc1cccc(F)c1)C(=O)N[C@@H](C[C@@H]1CCNC1=O)C(O)S(=O)(=O)O,c1cccc(c12)[nH]c(c2)C(=O)N[C@@H](CC3CCCCC3)C(=O)N[C@H](C=O)C[C@@H]4CCNC4=O,UP,P0DTD1
C=CC(=O)N(c1ccc(C(C)(C)C)cc1)C(C(=O)NC1CCOCC1)c1cccnc1,c1ccncc1[C@H](C(=O)NC(C)(C)C)N(C(=O)C=C)c2cc(on2)C(C)(C)C,DOWN,P0DTD1
CC(C)C[C@H](NC(=O)OCc1ccccc1F)C(=O)N[C@@H](C[C@@H]1CCNC1=O)C(O)S(=O)(=O)O,c1cccc(c12)[nH]c(c2)C(=O)N[C@@H](Cc3cccc(F)c3)C(=O)N[C@H](C=O)C[C@@H]4CCNC4=O,UP,P0DTD1
CCOC(=O)/C=C/C(CC1CCNC1=O)NC(=O)C(CC(C)C)NC(=O)C(NC(=O)OCc1ccccc1)C(C)OC(C)(C)C,O=C1NCC[C@H]1C[C@@H](/C=C/C(=O)OCC)NC(=O)[C@H](CC(C)C)NC(=O)[C@H]([C@@H](C)OC(C)(C)C)NC(=O)OCc2ccccc2,UP,P0DTD1
ClCC(=O)N1CCN(CC1)S(=O)(=O)c2cccs2,ClCC(=O)N1CCN(Cc2ccc(Cl)s2)CC1,DOWN,P0DTD1
CC(C)C[C@H](NC(=O)OCc1ccccc1)C(=O)N[C@@H](C[C@@H]1CCNC1=O)[C@H](O)S(=O)(=O)O,O=C1NCC[C@H]1C[C@@H](/C=C/C(=O)OCC)NC(=O)[C@H](CC(C)C)NC(=O)[C@H]([C@@H](C)OC(C)(C)C)NC(=O)OCc2ccccc2,UP,P0DTD1
CC(C)[C@H](NC(=O)c1ccc(C(=O)O)cc1)C(=O)N1CCC[C@H]1C(=O)N[C@H](C(=O)C(F)(F)F)C(C)C,FC(F)(F)C(F)(F)C(=O)[C@H](C(C)C)NC(=O)[C@@H]1CCCN1C(=O)[C@H](C(C)C)NC(=O)c2ccc(cc2)C(=O)N3CCOCC3,DOWN,P00772
N=C(N)NCCC[C@H](NC(=O)[C@@H]1CCCN1C(=O)[C@H](N)Cc1ccccc1)C(=O)CCl,NC(=N)NCCC[C@H](NC(=O)[C@@H]1CCN2CC[C@@](N)(Cc3ccccc3)C(=O)N12)C(=O)c1nccs1,DOWN,P00734
COc1cccc2[nH]c(C(=O)N[C@@H](CC(C)C)C(=O)N[C@H](C=O)C[C@@H]3CCNC3=O)cc12,O=C[C@@H](C[C@@H]1CCNC1=O)NC(=O)[C@H](CC1CC1)NC(=O)OCc1cccc(F)c1,DOWN,P0DTD1
COc1cccc(c12)[nH]c(c2)C(=O)N[C@@H](CC(C)C)C(=O)N[C@@H](C[C@@H]3CCNC3=O)C(=O)COC(=O)c4ccccc4C#N,Cc1onc(c1)C(=O)N[C@@H](C)C(=O)N[C@@H](C(C)C)C(=O)N[C@@H](CC(C)C)C(=O)N[C@@H](C[C@@H]2CCNC2=O)/C=C\C(=O)OCc3ccccc3,DOWN,P0DTD1
CC(=O)N[C@H](CC(C)C)C(=O)N[C@@H](C)C(=O)N[C@H](Cc1ccc(O)cc1)C(=O)C1(C)CO1,COc1ccc(C[C@H](NC(=O)[C@H](C)NC(=O)CN2CCOCC2)C(=O)N[C@@H](CC2CCC3CCCCC3C2)C(=O)[C@@]2(C)CO2)cc1,UP,P25043
CC(C)CC(NC(=O)OCc1ccc(F)cc1)C(=O)NC(CC1CCNC1=O)C(O)S(=O)(=O)O,O=C(N[C@@H](Cc1ccccc1)C(=O)N[C@@H](C[C@@H]1CCNC1=O)C(O)S(=O)(=O)[O-])OCc1ccccc1,UP,P0DTD1
Fc1ccccc1-c(c2F)c(Cl)cc(c23)c(ncn3)N4CCN(CC4)C(=O)C=C,Oc1cccc(F)c1-c(c2F)c(Cl)cc(c23)c(ncn3)N4CCN(CC4)C(=O)C=C,UP,P01116
ClCC(=O)N1CCN(CC1)C(=O)c2cccs2,Oc1ccccc1NC(=O)C2CCN(CC2)C(=O)CCl,UP,P0DTD1
CC[C@H](C)[C@H](NC(=O)[C@H]1O[C@@H]1C(=O)NCc1ccccc1)C(=O)N1CCC[C@H]1C(O)=O,c1ccccc1CNC(=O)[C@H]2O[C@@H]2C(=O)N[C@@H]([C@@H](C)CC)C(=O)N3CCC[C@H]3C(=O)OCc4ccccc4,UP,P07688
CC(C)C[C@H](NC(=O)OC[C@H]1C[C@H]2CC[C@@H]1C2)C(=O)N[C@@H](C[C@@H]1CCNC1=O)C(O)S(=O)(=O)O,O=C[C@@H](C[C@@H]1CCNC1=O)NC(=O)[C@H](CC1CC1)NC(=O)OCc1cccc(F)c1,DOWN,P0DTD1
CC(C)C[C@H](NC(=O)OC[C@H]1C[C@H]2CCC[C@H](C2)C1)C(=O)N[C@H](C=O)C[C@@H]1CCNC1=O,Cc1onc(c1)C(=O)N[C@@H](C)C(=O)N[C@@H](C(C)C)C(=O)N[C@@H](CC(C)C)C(=O)N[C@@H](C[C@@H]2CCNC2=O)/C=C\C(=O)OCc3ccccc3,DOWN,P0DTD1
Cc1ccc(cc1)C(=O)N2CCN(CC2)C(=O)CCl,c1cccc(c12)[C@@H](CN(C2)C(=O)CCl)c3ccccc3,DOWN,P0DTD1
C.CC(C)C.NC(Cc1ccccc1)C(=O)NC(C=O)CC1CCNC1=O.O=COCc1ccccc1,CC(C)CC(NC(=O)C(NC(=O)OCc1ccccc1)C(C)C)C(=O)NC(C=O)CC1CCNC1=O,DOWN,P0DTD1
C=CC(=O)Nc1ccc(OC)c(Nc2cc(-c3[nH]c(CCCO)nc3-c3ccc(F)cc3)ccn2)c1,C=CC(=O)Nc1cccc(N(C(=O)OCc2ccc(F)cc2)c2ccnc(Nc3ccn(C)n3)n2)c1,DOWN,P00533
Cc1onc(c1)C(=O)N[C@@H](C)C(=O)N[C@@H](C(C)C)C(=O)N[C@@H](CC(C)C)C(=O)N[C@@H](C[C@@H]2CCNC2=O)/C=C\C(=O)OCc3ccccc3,O=C1NCC[C@H]1C[C@@H](/C=C/C(=O)OCC)NC(=O)[C@H](Cc2ccccc2)NC(=O)[C@H](CCC(=O)OC(C)(C)C)NC(=O)OCc3ccccc3,DOWN,P0C6X7
C=CC(=O)Nc1cc(-c2c[nH]c3ncnc(Nc4ccc(OCc5ccccn5)c(Cl)c4)c23)ccc1OCCO,CCOc1cc2ncc(C#N)c(Nc3ccc(OCc4ccccn4)c(Cl)c3)c2cc1NC(=O)\C=C\CN(C)C,DOWN,P00533
CC(C)C[C@H](NC(=O)OCc1c(F)c(F)c(F)c(F)c1F)C(=O)N[C@@H](C[C@@H]1CCNC1=O)C(O)S(=O)(=O)O,Cc1onc(c1)C(=O)N[C@@H](C)C(=O)N[C@@H](C(C)C)C(=O)N[C@@H](CC(C)C)C(=O)N[C@@H](C[C@@H]2CCNC2=O)/C=C\C(=O)OCc3ccccc3,DOWN,P0DTD1
CC(C)C[C@H](NC(=O)OCc1ccc(F)cc1)C(=O)N[C@@H](C[C@@H]1CCNC1=O)C(O)S(=O)(=O)O,CC(C)C[C@H](NC(=O)O[C@@H](Cc1ccccc1)C1CCC(F)(F)CC1)C(=O)N[C@@H](C[C@@H]1CCNC1=O)C(O)S(=O)(=O)O,UP,P0DTD1
Fc1cccc(O)c1-c(n2)c(F)cc(c23)c(N4CCN(C[C@@H]4C)C(=O)C=C)nc(=O)n3-c5c(C)ccnc5C(C)C,Oc1cccc(F)c1-c(c2F)c(Cl)cc(c23)c(ncn3)N4CCN(CC4)C(=O)C=C,UP,P01116
CC(C)C[C@H](NC(=O)OC(C)(C)C1CCC(F)(F)CC1)C(=O)N[C@@H](C[C@@H]1CCNC1=O)C(O)S(=O)(=O)O,CC(C)C[C@H](NC(=O)O[C@@H](Cc1ccccc1)C1CCC(F)(F)CC1)C(=O)N[C@@H](C[C@@H]1CCNC1=O)C(O)S(=O)(=O)O,UP,P0DTD1
CC(C)C[C@H](NC(=O)[C@@H](NC(=O)[C@@H](NC(=O)[C@H](C)C(=O)N[C@@H](Cc1ccccc1)C(=O)O)[C@@H](C)O)[C@H](C)O)C(=O)[C@H]1CO1,CC(C)C[C@H](NC(=O)[C@H](Cc1ccccc1)N=[N+]=[N-])C(=O)N[C@@H](C)C(=O)N[C@H](C=CS(C)(=O)=O)Cc1ccc(CN)cc1,UP,P25043
N=C(N)NCCC[C@H](NC(=O)[C@H](Cc1ccccc1)NC(=O)[C@@H](N)Cc1ccccc1)C(=O)CCl,NC(=[NH2+])NCCC[C@H](NC(=O)[C@H](Cc1ccccc1)NC(=O)[C@H](N)Cc1ccccc1)C(=O)CCl,DOWN,P08709
CC(C)CCC(=O)N[C@H](C(C)C)C(=O)N[C@H](CCCNC(N)=N)C(=O)c1nccs1,CC(C)Nc1cnc(-c2ccc(Cl)c(Cl)c2)n(CC(=O)N[C@@H](CCCNC(N)=N)C(=O)c2nccs2)c1=O,UP,P03951
CC(C)C[C@H](NC(=O)OCc1c(F)c(F)c(F)c(F)c1F)C(=O)N[C@@H](C[C@@H]1CCNC1=O)C(O)S(=O)(=O)O,COc1cccc2[nH]c(C(=O)N[C@@H](CC(C)C)C(=O)N[C@@H](C[C@@H]3CCCNC3=O)C(=O)COC(=O)c3c(C)cc(C)nc3C)cc12,DOWN,P0DTD1
O=c1oc(=O)[nH]c(c12)cccc2,c1cccc(c12)c(=O)oc(Cl)c2Cl,UP,P00746
C=CC(=O)N1CCC[C@H](c2cnc(Oc3ccc(Oc4ccccc4)cc3)c(C(N)=O)c2)C1,CC(C)(C)/C=C(\C#N)C(=O)N1CCC[C@H](C1)n2nc(c(c23)c(N)ncn3)-c4ccc(cc4)Oc5ccccc5,DOWN,Q06187
CC(C)C[C@H](NC(=O)OCc1ccccc1F)C(=O)N[C@@H](C[C@@H]1CCNC1=O)C(O)S(=O)(=O)O,COc1cccc2[nH]c(C(=O)N[C@@H](CC(C)C)C(=O)N[C@@H](C[C@@H]3CCCNC3=O)C(=O)COC(=O)c3c(C)cc(C)nc3C)cc12,DOWN,P0DTD1
CC(C)[C@H](NC(=O)[C@H](CCCNC(N)=O)NC(=O)N[C@H](C)c1ccc(Br)cc1)C(=O)N[C@@H](CCCNC(N)=N)C(=O)c1nccs1,Cc1cccc(c1)-c1ncc(N)c(=O)n1CC(=O)N[C@@H](CCCNC(N)=N)C(=O)c1nccs1,DOWN,P03951
CC(C)CC(NC(=O)OCc1ccccc1)C(=O)NC(CC1CCNC1=O)C(O)S(=O)(=O)O,O=C1NCC[C@H]1C[C@@H](/C=C/C(=O)OCC)NC(=O)[C@H](CC(C)C)NC(=O)[C@H]([C@@H](C)OC(C)(C)C)NC(=O)OCc2ccccc2,UP,P0DTD1
CC(C)C[C@H](NC(=O)OCc1ccccc1)C(=O)N[C@@H](C[C@@H]1CCNC1=O)[C@@H](O)S(O)(=O)=O,O=C1NCC[C@H]1C[C@@H](/C=C/C(=O)OCC)NC(=O)[C@H](CC(C)C)NC(=O)[C@H]([C@@H](C)OC(C)(C)C)NC(=O)OCc2ccccc2,UP,P0DTD1
CC(C)C[C@H](NC(=O)O[C@@H](Cc1ccccc1)C1CCC(F)(F)CC1)C(=O)N[C@@H](C[C@@H]1CCNC1=O)C(O)S(=O)(=O)O,c1cccc(c12)[nH]c(c2)C(=O)N[C@@H](CC3CCCCC3)C(=O)N[C@H](C=O)C[C@@H]4CCNC4=O,UP,P0DTD1
CC(C)C[C@H](NC(=O)OCc1ccccc1)C(=O)N[C@@H](C[C@@H]1CCNC1=O)C(=O)S(=O)(=O)[O-],CC(C)[C@H](NS(C)(=O)=O)C(=O)N1C[C@H]2[C@@H]([C@H]1C(=O)N[C@@H](C[C@@H]1CCNC1=O)C(=O)c1nc3ccccc3s1)C2(C)C,DOWN,P0DTD1
CCOC(=O)C1OC1C(=O)NC(Cc1ccc(O)cc1)C(=O)[O-],CCOC(=O)[C@H]1O[C@@H]1C(=O)N[C@@H](Cc1ccc(O)cc1)C(O)=O,UP,Q7L8A9
CC(C)C[C@H](NC(=O)OCc1cccc(F)c1)C(=O)N[C@@H](C[C@@H]1CCNC1=O)C(O)S(=O)(=O)O,O=CC(CC1CCNC1=O)NC(=O)C(Cc1ccccc1)NC(=O)OCc1ccccc1,DOWN,P0DTD1
c1ccccc1COC(=O)N[C@@H](CC(C)C)C(=O)NNC(=O)NNC(=O)[C@H](CC(C)C)NC(=O)OCc2ccccc2,c1ccccc1COC(=O)N[C@@H](CC(C)C)C(=O)NNC(=O)NNC(=O)c2cccc(c2)OCc3ccccc3,UP,P43235
CC(=O)N1CCN(CC1)C(=O)CCl,ClCC(=O)N1CCN(CC1)C(=O)c2cccs2,DOWN,P0DTD1
c1ccccc1COC(=O)N[C@@H](CC(C)C)C(=O)NNC(=O)NNC(=O)[C@H](CC(C)C)NC(=O)OCc2ccccc2,c1ccccc1COC(=O)N[C@@H](CC(C)C)CN2C[C@H](C(=O)C2)NC(=O)[C@H](CC(C)C)NC(=O)OCc3ccncc3,DOWN,P43235
ClCC(=O)N1CCC(CC1)C(=O)N2CCCCC2,ClCC(=O)N1CCN(Cc2cccs2)CC1,DOWN,P0DTD1
CC(C)C[C@H](NC(=O)OCc1ccccc1F)C(=O)N[C@@H](C[C@@H]1CCNC1=O)C(O)S(=O)(=O)O,O=C(N[C@@H](Cc1ccccc1)C(=O)N[C@@H](C[C@@H]1CCNC1=O)C(O)S(=O)(=O)[O-])OCc1ccccc1,UP,P0DTD1
CC(C)C[C@H](NC(=O)OC[C@@H]1C[C@H]2CCC[C@H](C2)C1)C(=O)N[C@H](C=O)C[C@@H]1CCNC1=O,CC(C)C[C@H](NC(=O)OCc1ccccc1)C(=O)N[C@@H](C[C@@H]1CCNC1=O)C(O)S(=O)(=O)O,UP,P0DTD1
CC(C)N(C)C(=O)C1CCN(CC1)C(=O)CCl,Cc1ccc(cc1)S(=O)(=O)N2CCN(CC2)C(=O)CCl,UP,P0DTD1
CC(C)C[C@H](NC(=O)[C@@H](Cc1ccccc1)N=[N+]=[N-])C(=O)N[C@H](C(=O)N[C@H](C=CS(C)(=O)=O)Cc1ccc(CN)cc1)[C@@H](C)O,CC(C)C[C@H](NC(=O)c1cnccn1)C(=O)N[C@@H](CC(C)C)C(=O)N[C@H](C=CS(C)(=O)=O)Cc1ccc(CN)cc1,DOWN,P25043
COc1ccc(C[C@H](NC(=O)[C@H](C)NC(=O)C2=CC3=CCC=CC3=C2C)C(=O)N[C@@H](Cc2ccccc2)C(=O)[C@@]2(C)CO2)cc1,COc1ccc(C[C@H](NC(=O)[C@H](C)NC(=O)CN2CCOCC2)C(=O)N[C@@H](CC2CCC3CCCCC3C2)C(=O)[C@@]2(C)CO2)cc1,UP,P25043
c1ccccc1COC(=O)N[C@@H](CC(C)C)C(=O)NNC(=O)NNC(=O)c2cccc(c2)OCc3ccccc3,c1ccccc1COC(=O)N[C@@H](CC(C)C)CN2C[C@H](C(=O)C2)NC(=O)[C@H](CC(C)C)NC(=O)OCc3ccncc3,DOWN,P43235
CCOC(=O)C=C[C@H](C[C@@H]1CCNC1=O)NC(=O)[C@@H](NC(=O)[C@@H](NC(=O)OC(C)(C)C)C(C)C)c1ccccc1,O=C1NCC[C@H]1C[C@@H](/C=C/C(=O)C2CC2)NC(=O)[C@H](CC(C)C)NC(=O)[C@H]([C@@H](C)OC(C)(C)C)NC(=O)OCc3ccccc3,UP,P0C6X7
c1ccccc1COC(=O)N[C@@H](CC(C)C)C(=O)NNC(=O)NNC(=O)c2cccc(c2)OCc3ccccc3,c1ccccc1COC(=O)N[C@@H](CC(C)C)C(=O)N[C@@H]2CN(CC2=O)C(=O)[C@H](CC(C)C)NC(=O)OCc3ccccc3,DOWN,P43235
CC(=O)OCC1=C(N2[C@H](SC1)[C@H](NC(=O)Cc1cccs1)C2=O)C(O)=O,CO\N=C(\C(=O)N[C@H]1[C@H]2SCC(COC(C)=O)=C(N2C1=O)C(O)=O)c1csc(N)n1,UP,Q47066
CC(C)C[C@H](NC(=O)OCc1cccc(F)c1)C(=O)N[C@@H](C[C@@H]1CCNC1=O)C(O)S(=O)(=O)O,O=C1NCC[C@H]1C[C@@H](/C=C/C(=O)OCC)NC(=O)[C@H](CC(C)C)NC(=O)[C@H]([C@@H](C)OC(C)(C)C)NC(=O)OCc2ccccc2,UP,P0DTD1
O1CC(=O)[C@H]([C@H]12)N(C[C@@H]2F)C(=O)[C@H](CC(C)C)NC(=O)c3ccc(cc3)-c4nc(sc4)N5CCN(C)CC5,O=C1CO[C@@H]([C@@H]12)[C@@H](F)CN2C(=O)[C@H](CC(C)C)NC(=O)c3ccc(cc3)-c4cccs4,DOWN,P43235
COc1cc(OC)c(Cl)c(c1Cl)COc2cnc(nc2)Nc3c(NC(=O)C=C)cccc3C,COc1cc(cc(c1)OC)CCc2cc([nH]n2)NC(=O)c3ccccc3NC(=O)C=C,DOWN,P22455
COc1cc(OC)c(Cl)c(c1Cl)-c(c2)ccc(c23)nc(nc3)Nc4c(C)cccc4NC(=O)C=C,COc1cc(cc(c1)OC)CCc2cc([nH]n2)NC(=O)c3ccccc3NC(=O)C=C,DOWN,P22455
Cc1ccccc1CN1CCCN(CC1)C(=O)CCl,ClCC(=O)N1CCC(CC1)NC(=O)c2ccccc2,UP,P0DTD1
CC(C)C[C@H](NC(=O)OCc1ccccc1)C(=O)N[C@@H](C[C@@H]1CCNC1=O)C(O)S(=O)(=O)O,O=C1NCC[C@H]1C[C@@H](/C=C/C(=O)OCC)NC(=O)[C@H](CC(C)C)NC(=O)c([nH]2)cc(c23)c(OC)ccc3,DOWN,P0C6U8
CC(=O)N[C@@H](CC(C)C)C(=O)N[C@@H](CC(=O)O)C(=O)N[C@@H](CCC(=O)O)C(=O)N[C@@H](CO)C(=O)N[C@H](C=O)CC(=O)O,CC[C@H](C)[C@H](NC(=O)[C@H](CCC(=O)O)NC(=O)[C@@H](NC(C)=O)C(C)C)C(=O)N[C@H](C=O)CC(=O)O,DOWN,P55210
Clc1ccccc1S(=O)(=O)N2C[C@@H](C(=O)NCC#N)[C@@H](C2)C(=O)N3CCOCC3,N#CCNC(=O)[C@@H]1C[C@@H](S(=O)(=O)c2ccccc2)C[C@H]1C(=O)N3CCOCC3,DOWN,O70370
CCOC(=O)[C@H]1O[C@@H]1C(=O)N[C@@H]([C@@H](C)CC)C(=O)N[C@@H](C)C(O)=O,c1ccccc1CNC(=O)[C@H]2O[C@@H]2C(=O)N[C@@H]([C@@H](C)CC)C(=O)N3CCC[C@H]3C(=O)OCc4ccccc4,UP,P07688
O=C1NCC[C@H]1C[C@@H](/C=C/C(=O)OCC)NC(=O)[C@H](Cc2ccccc2)NC(=O)OCc3ccccc3,O=C1NCC[C@H]1C[C@@H](/C=C/C(=O)OCC)NC(=O)[C@H](Cc2ccccc2)NC(=O)[C@H](CCC(=O)OC(C)(C)C)NC(=O)OCc3ccccc3,UP,Q5UEA2
c12cn(nn2)CCCNC(=O)CC[C@@H](C=O)NC(=O)[C@H](CC3CCCCC3)NC(=O)[C@H](C1)NC(=O)OCc4ccccc4,c12cn(nn2)CCNC(=O)CC[C@@H](C=O)NC(=O)[C@H](CC3CCCCC3)NC(=O)[C@H](C1)NC(=O)OCc4ccccc4,DOWN,Q83883
C=CC(=O)N1CCCCC(n2c(NC(=O)c3cccc(C(F)(F)F)c3)nc3cccc(C)c32)C1,Cc1cc(C(=O)Nc2nc3cccc(C)c3n2C2CCCCN(C(O)/C=C/CN(C)C)C2)ccn1,UP,P00533
COc1ccc(C[C@H](NC(=O)[C@@H](C)NC(=O)C2=CC3=CCC=CC3=C2C)C(=O)N[C@@H](Cc2ccccc2)C(=O)[C@@]2(C)CO2)cc1,COc1ccc(C[C@H](NC(=O)[C@H](C)NC(=O)CN2CCOCC2)C(=O)N[C@@H](CC2CCC3CCCCC3C2)C(=O)[C@@]2(C)CO2)cc1,DOWN,P30656
OC[C@@H](O)[C@@H](O)CC(=O)C(O)=O,OC[C@@H](O)[C@H](O)CC(=O)C(O)=O,UP,O54288
Fc1ccc(cc1)[C@@H](C(F)(F)F)N[C@H](C(=O)NC2(C#N)CC2)CS(=O)(=O)N3CCOCC3,Oc1ccc(cc1)[C@@H](C(F)(F)F)N[C@H](C(=O)NC2(C#N)CC2)CS(=O)(=O)Cc3ccccc3,UP,P25774
O[C@@H]1[C@@H](COP(O)(O)=O)O[C@H]([C@@H]1O)n1c(cc(=O)[nH]c1=O)C#N,O[C@H]1[C@@H](O)[C@@H](O[C@@H]1COP(O)(O)=O)n1cc(F)c(=O)[nH]c1=O,UP,P11172
COc1cccc(c12)[nH]c(c2)C(=O)N[C@@H](CC(C)C)C(=O)N[C@@H](C[C@@H]3CCNC3=O)C(=O)c(s4)nc(c45)cccc5,O=C[C@@H](C[C@@H]1CCNC1=O)NC(=O)[C@H](CC1CC1)NC(=O)OCc1ccccc1,DOWN,P0DTD1
COc1cc(OC)c(Cl)c(c1Cl)COc2cnc(nc2)Nc3c(NC(=O)C=C)cc(Cl)cc3Cl,Clc1c(OC)cc(OC)c(Cl)c1-c(c2)c(=O)n(C)c(c23)nc(nc3)N[C@@H]4COC[C@@H]4NC(=O)C=C,DOWN,P22455
C=CC(=O)Nc1cc(-c2c[nH]c3ncnc(Nc4ccc5c(cnn5Cc5ccccc5)c4)c23)ccc1OCCO,C=CC(=O)Nc1cccc(-c2c[nH]c3ncnc(Nc4ccc5c(cnn5Cc5ccccc5)c4)c23)c1,DOWN,P00533
Fc1cccc(O)c1-c(c2)c(Cl)cc(c23)c(N4CCN(CC4)C(=O)C=C)nc(=O)n3-c5ccccc5C(C)C,Oc1cccc(F)c1-c(c2F)c(Cl)cc(c23)c(ncn3)N4CCN(CC4)C(=O)C=C,UP,P01116
CC(C)C[C@H](NC(=O)OCc1ccccc1)C(=O)N[C@@H](C[C@@H]1CCNC1=O)C(=O)C(=O)NCc1ccccc1,COc1cccc2[nH]c(C(=O)N[C@@H](CC(C)C)C(=O)N[C@@H](C[C@@H]3CCCNC3=O)C(=O)COC(=O)c3c(C)cc(C)nc3C)cc12,DOWN,P0DTD1
C=CC(=O)N(c1ccc(C(C)(C)C)cc1)C(C(=O)NC)c1cccnc1,C=CC(=O)N(c1ccc(C(C)(C)C)cc1)C(C(=O)NCCC(=O)OCC)c1cccnc1,DOWN,P0DTD1
ClCC(=O)N1CCC(CC1)NC(=O)c2ccccc2,c1cccc(c12)[C@@H](CN(C2)C(=O)CCl)c3ccccc3,DOWN,P0DTD1
COc1cc(OC)c(Cl)c(c1Cl)-c(c2)ccc(c23)nc(nc3)Nc4c(C)cccc4NC(=O)C=C,Clc1c(OC)cc(OC)c(Cl)c1-c(c2)c(=O)n(C)c(c23)nc(nc3)N[C@@H]4COC[C@@H]4NC(=O)C=C,DOWN,P22455
N=C(N)NCCC[C@H](NC(=O)[C@@H]1CCCN1C(=O)[C@@H](Cc1ccccc1)NC(=O)CS)C(=O)CCl,NC(=N)NCCC[C@H](NC(=O)[C@@H]1CCN2CC[C@@](N)(Cc3ccccc3)C(=O)N12)C(=O)c1nccs1,UP,P00734
CCOC(=O)/C=C/C(CC1CCNC1=O)NC(=O)C(CC(C)C)NC(=O)C(NC(=O)OCc1ccccc1)C(C)OC(C)(C)C,O=CC(CC1CCNC1=O)NC(=O)C1C2CCCC2CN1C(=O)OCc1ccccc1,UP,P0DTD1
O1CC(=O)[C@H]([C@H]12)N(C[C@@H]2F)C(=O)[C@H](CC(C)C)NC(=O)c3ccc(cc3)-c4nc(sc4)N5CCN(C)CC5,O=C1CO[C@@H]([C@@H]12)[C@H](C#C)CN2C(=O)[C@H](CC(C)C)NC(=O)c3ccc(cc3)-c4nc(sc4F)N5CCN(C)CC5,DOWN,P43235
CC(C)(C)OC(=O)N[C@@H](CCc(oc12)nn2)C(=O)N[C@@H](CC3CCCCC3)C(=O)N[C@H](C=O)CCC(=O)NCCCC1,c1ccccc1COC(=O)N[C@@H](Cc(cn23)nn3)C(=O)N[C@@H](CC(C)C)C(=O)N[C@H](C=O)CCC(=O)NCCC2,DOWN,Q83883
O[C@@H]1[C@@H](COP(O)(O)=O)O[C@H]([C@@H]1F)n1c(I)cc(=O)[nH]c1=O,O[C@H]1[C@@H](O)[C@@H](O[C@@H]1COP(O)(O)=O)n1c(I)cc(=O)[nH]c1=O,UP,Q8IJH3
CC(C)C[C@H](NC(=O)[C@@H](NC(=O)c1cc2ccccc2[nH]1)C(C)C)C(=O)N[C@H](C=O)C[C@@H]1CCNC1=O,O=C1NCC[C@H]1C[C@@H](/C=C/C(=O)OCC)NC(=O)[C@H](CC(C)C)NC(=O)[C@H](C(C)C)NC(=O)[C@H](C(C)C)NC(=O)c2ccoc2,UP,P0C6X7
CC(C)C[C@H](NC(=O)OCc1ccc(F)cc1)C(=O)N[C@@H](C[C@@H]1CCNC1=O)C(O)S(=O)(=O)O,Cc1onc(c1)C(=O)N[C@@H](C)C(=O)N[C@@H](C(C)C)C(=O)N[C@@H](CC(C)C)C(=O)N[C@@H](C[C@@H]2CCNC2=O)/C=C\C(=O)OCc3ccccc3,DOWN,P0DTD1
CC(C)N(C)C(=O)C1CCN(CC1)C(=O)CCl,Fc1cccc(F)c1S(=O)(=O)N2CCN(CC2)C(=O)CCl,UP,P0DTD1
CC(C)C[C@H](NC(=O)OC1CCC(C)(C)CC1)C(=O)N[C@@H](C[C@@H]1CCNC1=O)C(O)S(=O)(=O)O,O=C1NCC[C@H]1C[C@@H](C(=O)C(=O)NC2CC2)NC(=O)[C@H](CC(C)C)NC(=O)OCc3ccccc3,DOWN,P0DTD1
O=CC(CC1CCNC1=O)NC(=O)C1C2CCCC2CN1C(=O)OCc1ccccc1,c1cccc(c12)[nH]c(c2)C(=O)N[C@@H](CC3CCCCC3)C(=O)N[C@H](C=O)C[C@@H]4CCNC4=O,UP,P0DTD1
CC(C)C[C@H](NC(=O)O[C@H]1CC[C@H](c2ccccc2)CC1)C(=O)N[C@@H](C[C@@H]1CCNC1=O)C(O)S(=O)(=O)O,Cc1onc(c1)C(=O)N[C@@H](C)C(=O)N[C@@H](C(C)C)C(=O)N[C@@H](CC(C)C)C(=O)N[C@@H](C[C@@H]2CCNC2=O)/C=C\C(=O)OCc3ccccc3,DOWN,P0DTD1
CCC[C@H]1CC[C@H](COC(=O)N[C@@H](CC(C)C)C(=O)N[C@@H](C[C@@H]2CCNC2=O)C(O)S(=O)(=O)O)CC1,O=C[C@@H](C[C@@H]1CCNC1=O)NC(=O)[C@H](CC1CC1)NC(=O)OCc1cccc(F)c1,DOWN,P0DTD1
CC(C)(C)c1ccc(N(C(=O)CCl)[C@@H](C(=O)NC2CCCCC2)c2cccnc2)cc1,COc1ccc(c(C)c1)NC(=O)[C@H](N(C(=O)C=C)c2cc(on2)C(C)(C)C)c3cccnc3,DOWN,P0DTD1
CC(C)C[C@H](NC(=O)OC[C@H]1C[C@H]2C=CC[C@H](C2)C1)C(=O)N[C@@H](C[C@@H]1CCNC1=O)C(=O)S(=O)(=O)O,CC(C)C[C@H](NC(=O)O[C@@H](Cc1ccccc1)C1CCC(F)(F)CC1)C(=O)N[C@@H](C[C@@H]1CCNC1=O)C(O)S(=O)(=O)O,UP,P0DTD1
CC(C)N(C)C(=O)C1CCN(CC1)C(=O)CCl,ClCC(=O)N1CCC(CC1)NC(=O)c2ccccc2,UP,P0DTD1
CC(C)C[C@H](NC(=O)O[C@@H](Cc1ccccc1)C1CCC(F)(F)CC1)C(=O)N[C@@H](C[C@@H]1CCNC1=O)C(O)S(=O)(=O)O,O=C1NCC[C@H]1C[C@@H](/C=C/C(=O)OCC)NC(=O)[C@H](CC(C)C)NC(=O)[C@H]([C@@H](C)OC(C)(C)C)NC(=O)OCc2ccccc2,UP,P0DTD1
CC(C)C[C@H](NC(=O)OC(C)(C)C1CCC(F)(F)CC1)C(=O)N[C@@H](C[C@@H]1CCNC1=O)C(O)S(=O)(=O)O,CC(C)C[C@H](NC(=O)OC[C@H]1C[C@H]2CC[C@@H]1C2)C(=O)N[C@@H](C[C@@H]1CCNC1=O)C(O)S(=O)(=O)O,UP,P0DTD1
COc1cccc2[nH]c(C(=O)NC(CC(C)C)C(=O)NC(CC3CCNC3=O)C(=O)c3nc4ccccc4s3)cc12,O=C1NCC[C@H]1C[C@@H](C(=O)C(=O)NC2CC2)NC(=O)[C@H](CC(C)C)NC(=O)OCc3ccccc3,DOWN,P0DTD1
CN(C)c1ccc(cc1)/C=C/C(=O)N[C@@H](Cc2ccccc2)C(=O)N[C@H](C=O)C[C@@H]3CCNC3=O,O=C1NCC[C@H]1C[C@@H](/C=C/C(=O)OCC)NC(=O)[C@H](Cc2ccccc2)NC(=O)C(=O)NCC3CCC3,DOWN,A9XG43
CCOC(=O)[C@H]1O[C@@H]1C(=O)N[C@@H]([C@@H](C)CC)C(O)=O,CCOC(=O)[C@H]1O[C@@H]1C(=O)N[C@@H]([C@@H](C)O)C(=O)N[C@@H]([C@@H](C)CC)C(O)=O,DOWN,P07688
C=CC(=O)N1CCCC(n2nc(-c3cn(C)c4ccccc34)c3c(N)ncnc32)C1,C=CC(=O)N1C[C@@H](CCC1)n2nc(c(c23)c(N)ncn3)-c4ccc(cc4)Oc5ccccc5,DOWN,P00533
CC(C)C[C@H](NC(=O)OCc1cccc(F)c1)C(=O)N[C@@H](C[C@@H]1CCNC1=O)C(O)S(=O)(=O)O,O=C[C@@H](C[C@@H]1CCNC1=O)NC(=O)[C@H](CC1CC1)NC(=O)OCc1cccc(F)c1,DOWN,P0DTD1
c1ccccc1COC(=O)N[C@@H](CC(C)C)C(=O)N[C@@H]2CN(CC2=O)C(=O)[C@H](CC(C)C)NC(=O)OCc3ccccc3,c1ccccc1COC(=O)N[C@@H](CC(C)C)CN2C[C@H](C(=O)C2)NC(=O)[C@H](CC(C)C)NC(=O)OCc3ccncc3,DOWN,P43235
Cc1cccc(CN2CCN(CC2)C(=O)CCl)c1,Fc1ccccc1S(=O)(=O)N2CCN(CC2)C(=O)CCl,UP,P0DTD1
C=CC(=O)N(c1ccc(C(C)(C)C)cc1)C(C(=O)NC)c1cccnc1,COc1ccc(c(C)c1)NC(=O)[C@H](N(C(=O)C=C)c2cc(on2)C(C)(C)C)c3cccnc3,DOWN,P0DTD1
CC(C)C[C@H](NC(=O)OC[C@H]1C[C@H]2CC[C@@H]1C2)C(=O)N[C@@H](C[C@@H]1CCNC1=O)C(O)S(=O)(=O)O,CCC[C@H]1CC[C@H](OC(=O)N[C@@H](CC(C)C)C(=O)N[C@@H](C[C@@H]2CCNC2=O)C(O)S(=O)(=O)O)CC1,DOWN,P0DTD1
CN(C)CC=CC(=O)Nc1cc2c(Nc3ccc(F)c(Cl)c3)ncnc2cc1O[C@H]1CCOC1,CN(C)C\C=C\C(=O)NCCn1ccc2ncnc(Nc3ccc(Oc4cccc(c4)C(F)(F)F)c(Cl)c3)c12,DOWN,P00533
ClCC(=O)N1CCN(Cc2ccsc2)CC1,Fc1cccc(F)c1S(=O)(=O)N2CCN(CC2)C(=O)CCl,UP,P0DTD1
Fc1cccc(F)c1S(=O)(=O)N2CCN(CC2)C(=O)CCl,c1ccccc1N(C)C(=O)C2CCN(CC2)C(=O)CCl,DOWN,P0DTD1
COCCSc1nc(-c2ccc(F)cc2)c([nH]1)-c3ccnc(c3)Nc4cc(NC(=O)C=C)ccc4OC,COc1ccc(NC(=O)C=C)cc1Nc2cc(ccn2)-c3[nH]c(SC)nc3-c4ccc(F)cc4,UP,P00533
c1ccccc1COC(=O)N[C@@H](CC(C)C)CN2C[C@H](C(=O)C2)NC(=O)[C@H](CC(C)C)NC(=O)OCc3ccncc3,c1ccccc1COC(=O)N[C@@H](CC(C)C)c2nc(cs2)C(=O)NNC(=O)[C@H](CC(C)C)NC(=O)OCc3ccccc3,DOWN,P43235
ClCC(=O)N1CCN(CC1)S(=O)(=O)c2ccccc2C#N,Fc1ccccc1S(=O)(=O)N2CCN(CC2)C(=O)CCl,UP,P0DTD1
N=C(N)NCCC[C@H](NC(=O)[C@@H]1CCCN1C(=O)[C@H](N)Cc1ccccc1)C(=O)CCl,N[C@H](Cc1ccccc1)C(=O)N([C@@H](CCCNC(N)=N)C(=O)c1nc2ccccc2s1)C(=O)[C@@H]1CCCN1,UP,P00734
O=C1NCC[C@H]1C[C@@H](/C=C/C(=O)OCC)NC(=O)[C@H](CC(C)C)NC(=O)[C@H]([C@@H](C)OC(C)(C)C)NC(=O)OCc2ccccc2,O=CC(CC1CCNC1=O)NC(=O)C1C2CCCC2CN1C(=O)OCc1ccccc1,DOWN,P0DTD1
CC(C)C[C@H](NC(=O)OCc1c(F)c(F)c(F)c(F)c1F)C(=O)N[C@@H](C[C@@H]1CCNC1=O)C(O)S(=O)(=O)O,COc1cccc(c12)[nH]c(c2)C(=O)N[C@@H](CC(C)C)C(=O)N[C@@H](C[C@@H]3CCNC3=O)C(=O)c(s4)nc(c45)cccc5,UP,P0DTD1
COc1cc(OC)c(Cl)c(c1Cl)-c(c2)ccc(c23)nc(nc3)Nc4c(C)cccc4NC(=O)C=C,COc1cc(OC)c(Cl)c(c1Cl)COc2cnc(nc2)Nc3c(NC(=O)C=C)cccc3F,UP,P22455
NC(=N)NCCC[C@H](NC(=O)[C@@H]1CCN2CC[C@@](N)(Cc3ccccc3)C(=O)N12)C(=O)C(=O)NCCc1ccccc1,NC(=[NH2+])NCCC[C@H](NC(=O)[C@@H]1CCCN1C(=O)[C@H](N)Cc1ccccc1)C(=O)CCl,DOWN,P00734
CC(C)C[C@H](NC(=O)OCC12C[C@H]3C[C@@H](C1)C[C@@H](C2)C3)C(=O)N[C@@H](C[C@@H]1CCNC1=O)C(O)S(=O)(=O)O,O=C[C@@H](C[C@@H]1CCNC1=O)NC(=O)[C@H](CC1CC1)NC(=O)OCc1ccccc1,DOWN,P0DTD1
C=C(CCN(C)C)C(=O)NC[C@@H](NC(=O)[C@H](Cc1nc2ccc(C(C)C)cc2s1)NC(=O)CC)C1CCCCC1,C=C(CN(C)C)C(=O)NC[C@@H](NC(=O)[C@H](Cc1nc2ccc(C(C)C)cc2s1)NC(=O)CC)C1CCCCC1,DOWN,Q96GG9
CC(C)C[C@H](NC(=O)OCC1=CC=CC=C1)C(=O)N[C@@H](C[C@@H]1CCNC1=O)[C@H](O)S(O)(=O)=O,O=CC(CC1CCNC1=O)NC(=O)C(Cc1ccccc1)NC(=O)OCc1ccccc1,DOWN,P0DTD1
CC(C)[C@H](NC(=O)c1ccc(cc1)C(=O)NCC(O)=O)C(=O)N1CCC[C@H]1C(=O)N[C@@H](C(C)C)C(=O)C(F)(F)F,FC(F)(F)C(F)(F)C(=O)[C@H](C(C)C)NC(=O)[C@@H]1CCCN1C(=O)[C@H](C(C)C)NC(=O)c2ccc(cc2)C(=O)N3CCOCC3,DOWN,P00772
C1COCCN1C(=O)N[C@@H](Cc2ccccc2)C(=O)N[C@@H](CCc3ccccc3)/C=C/S(=O)(=O)c4ccccc4,[O-][N+](=O)c1ccc(cc1)OS(=O)(=O)/C=C/[C@H](CCc2ccccc2)NC(=O)[C@H](Cc3ccccc3)NC(=O)OCc4ccccc4,UP,P25779
C=C(CCN(C)C)C(=O)NC[C@@H](NC(=O)[C@H](Cc1nc2ccc(C(C)C)cc2s1)NC(=O)CC)C1CCCCC1,C=C(Cn1ccnc1)C(=O)NC[C@@H](NC(=O)[C@H](Cc1nc2ccc(C(C)C)cc2s1)NC(=O)CC)C1CCCCC1,DOWN,Q96GG9
CC(C)C[C@H](NC(=O)OCC1CCC(F)(F)CC1)C(=O)N[C@@H](C[C@@H]1CCNC1=O)[C@H](O)S(O)(=O)=O,CC(C)C[C@H](NC(=O)OCc1ccccc1)C(=O)N[C@@H](C[C@@H]1CCNC1=O)[C@@H](O)S(O)(=O)=O,UP,P0DTD1
COc1cccc(c12)CN(CC2)C(=O)c3cn(c(c34)ccc(Br)c4)CC(=O)NC5CN(C5)C(=O)C=C,Cc1cc(on1)C(=O)Nc2cc(Br)ccc2OCC(=O)NC3CN(C3)C(=O)C=C,UP,P01116
N[C@H](C(=O)N1[C@H]2C[C@H]2C[C@H]1C#N)C12CC3CC(CC(O)(C3)C1)C2,N[C@H](C(=O)N1[C@H]2C[C@H]2C[C@H]1C#N)[C@]12C[C@H]3C[C@](O)(C[C@](O)(C3)C1)C2,UP,P27487
CC(C)C[C@H](NC(=O)OCc1cccc(F)c1)C(=O)N[C@@H](C[C@@H]1CCNC1=O)C(O)S(=O)(=O)O,COc1cccc2[nH]c(C(=O)N[C@@H](CC(C)C)C(=O)N[C@@H](C[C@@H]3CCCNC3=O)C(=O)COC(=O)c3c(C)cc(C)nc3C)cc12,DOWN,P0DTD1
COc1cccc2[nH]c(C(=O)NC(CC(C)C)C(=O)NC(CC3CCNC3=O)C(=O)c3nc4ccccc4s3)cc12,COc1cccc2[nH]c(C(=O)N[C@@H](CC(C)C)C(=O)N[C@@H](C[C@@H]3CCCNC3=O)C(=O)COC(=O)c3c(C)cc(C)nc3C)cc12,DOWN,P0DTD1
ClCC(=O)N1CCN(CC1)S(=O)(=O)c2ccc(Cl)s2,ClCC(=O)N1CCN(Cc2ccsc2)CC1,DOWN,P0DTD1
CCCCCCCC/C=C\CCCCCCCC(=O)c1nnc(o1)-c2ccccn2,O=C(CCCCCCc1ccccc1)c1ncc(-c2ccc(CBr)cn2)o1,DOWN,P97612
CC(C)C[C@H](NC(=O)OCc1ccccc1)C(=O)N[C@@H](C[C@@H]1CCNC1=O)C(=O)S(=O)(=O)[O-],CCC[C@H]1CC[C@H](OC(=O)N[C@@H](CC(C)C)C(=O)N[C@@H](C[C@@H]2CCNC2=O)C(O)S(=O)(=O)O)CC1,DOWN,P0DTD1
CC(C)C[C@H](NC(=O)OCc1ccccc1)C(=O)N[C@@H](C[C@@H]1CCNC1=O)C(O)S(=O)(=O)O,CC(C)C[C@H](NC(=O)O[C@H]1CC[C@H](c2ccccc2)CC1)C(=O)N[C@@H](C[C@@H]1CCNC1=O)C(O)S(=O)(=O)O,DOWN,P0DTD1
CC(C)C(NC(=O)OCc1ccccc1)C(=O)NC(Cc1ccccc1)C(=O)NC(C=O)CC1CCNC1=O,COc1cccc2[nH]c(C(=O)N[C@@H](CC(C)C)C(=O)N[C@H](C=O)C[C@@H]3CCNC3=O)cc12,DOWN,P0DTD1
CC(C)CC(NC(=O)OCc1ccc(F)cc1)C(=O)NC(CC1CCNC1=O)C(O)S(=O)(=O)O,O=CC(CC1CCNC1=O)NC(=O)C(Cc1ccccc1)NC(=O)OCc1ccccc1,DOWN,P0DTD1
O=CC(CC1CCNC1=O)NC(=O)C(Cc1ccccc1)NC(=O)OCc1ccccc1,c1cccc(c12)[nH]c(c2)C(=O)N[C@@H](Cc3cccc(F)c3)C(=O)N[C@H](C=O)C[C@@H]4CCNC4=O,UP,P0DTD1
CC(=O)N[C@@H](CC(C)C)C(=O)N[C@@H](CC(C)C)C(=O)N[C@H](C=O)CCCN=C(N)N,CC(C)CC(NC(=O)C(NC(=O)OCc1ccccc1)C(C)C)C(=O)NC(C=O)CC1CCNC1=O,DOWN,P0DTD1
COc1ccc(C[C@H](NC(=O)[C@H](C)NC(=O)CN2CCOCC2)C(=O)N[C@@H](CC2CCC(C)CC2)C(=O)[C@@]2(C)CO2)cc1,COc1ccc(C[C@H](NC(=O)[C@H](C)NC(=O)CN2CCOCC2)C(=O)N[C@@H](CC2CCC(C3CCCCC3)CC2)C(=O)[C@@]2(C)CO2)cc1,DOWN,P25043
CC(C)C[C@H](NC(=O)OC[C@H]1C[C@H]2CCC[C@H](C2)C1)C(=O)N[C@H](C=O)C[C@@H]1CCNC1=O,CC(C)C[C@H](NC(=O)O[C@@H](Cc1ccccc1)C1CCC(F)(F)CC1)C(=O)N[C@@H](C[C@@H]1CCNC1=O)C(O)S(=O)(=O)O,UP,P0DTD1
ClCC(=O)N1CCN(CC1)Cc2cccc(c23)cccc3,ClCC(=O)N1CCN(CC1)S(=O)(=O)c2ccc(Cl)s2,DOWN,P0DTD1
CC(C)CC(NC(=O)OC(C)C1CCC(F)(F)CC1)C(=O)NC(C=O)CC1CCNC1=O,CC(C)C[C@H](NC(=O)OCC12C[C@H]3C[C@@H](C1)C[C@@H](C2)C3)C(=O)N[C@@H](C[C@@H]1CCNC1=O)C(O)S(=O)(=O)O,UP,P0DTD1
CC(=O)N[C@H](Cc1ccccc1)C(=O)N[C@@H](Cc1ccccc1)C(=O)N[C@@H](CCCNC(N)=[NH2+])C(=O)CCl,C[C@@H](O)[C@H](NC(=O)[C@H](Cc1ccc(O)cc1)NC(=O)C(N)Cc1c[nH]c2ccccc12)C(=O)N[C@@H](CCCNC(N)=[NH2+])C(=O)CCl,DOWN,P08709
C.CC(C)C.NC(Cc1ccccc1)C(=O)NC(C=O)CC1CCNC1=O.O=COCc1ccccc1,O=CC(CC1CCNC1=O)NC(=O)C(Cc1ccccc1)NC(=O)OCc1ccccc1,DOWN,P0DTD1
CC(C)C[C@H](NC(=O)OC1CCC(C)(C)CC1)C(=O)N[C@@H](C[C@@H]1CCNC1=O)C(O)S(=O)(=O)O,CC(C)C[C@H](NC(=O)OCc1ccccc1)C(=O)N[C@@H](C[C@@H]1CCNC1=O)[C@@H](O)S(O)(=O)=O,UP,P0DTD1
NC(=N)NCCC[C@H](NC(=O)[C@@H]1CC[C@@H]2CC[C@](N)(Cc3ccccc3)C(=O)N12)C(=O)c1nc2ccccc2s1,N[C@H](Cc1ccccc1)C(=O)N([C@@H](CCCNC(N)=N)C(=O)c1nc2ccccc2s1)C(=O)[C@@H]1CCCN1,UP,P00734
CC(C)CC(NC(=O)OC(C)C1CCC(F)(F)CC1)C(=O)NC(C=O)CC1CCNC1=O,O=C[C@@H](C[C@@H]1CCNC1=O)NC(=O)[C@H](CC1CC1)NC(=O)OCc1ccccc1,DOWN,P0DTD1
COC(=O)Nc1ccnc(\C=C2/[C@@H]3N([C@@H](C(O)=O)C(C)(C)S3(=O)=O)C2=O)c1,C[C@]1(COC(=O)NCCN)[C@@H](N2[C@@H](\C(=C/c3ccccn3)C2=O)S1(=O)=O)C(O)=O,DOWN,Q8RLA6
CCC(N)C(=O)NC(C#N)Cc1ccc(-c2ccccc2)cc1,N#Cc1ccc(-c2ccc(CC(C#N)NC(=O)C3CCCCN3)cc2)cc1,UP,P53634
CC(=O)N1CCN(CC1)C(=O)CCl,ClCC(=O)N1CCN(Cc2ccc(Br)s2)CC1,DOWN,P0DTD1
CC(C)C[C@H](NC(=O)OCc1ccc(F)cc1)C(=O)N[C@@H](C[C@@H]1CCNC1=O)C(O)S(=O)(=O)O,CCOC(=O)/C=C/C(CC1CCNC1=O)NC(=O)C(CC(C)C)NC(=O)C(NC(=O)OCc1ccccc1)C(C)OC(C)(C)C,UP,P0DTD1
C=CC(=O)N1CCC[C@H](c2cnc(Oc3ccc(Oc4ccccc4)cc3)c(C(N)=O)c2)C1,CC#CC(=O)N1CC[C@H](C1)n2c(=O)n(c(c23)c(N)ncn3)-c4ccc(cc4)Oc5ccccc5,UP,Q06187
CC(C)CC(NC(=O)OCc1ccc(F)cc1)C(=O)NC(CC1CCNC1=O)C(O)S(=O)(=O)O,c1cccc(c12)[nH]c(c2)C(=O)N[C@@H](CC3CCCCC3)C(=O)N[C@H](C=O)C[C@@H]4CCNC4=O,UP,P0DTD1
CC(C)C[C@@H]1NC(=O)O[C@H](c2cccc(Cl)c2)CCCCCNC(=O)CC[C@@H](C=O)NC1=O,c12cn(nn2)CCNC(=O)CC[C@@H](C=O)NC(=O)[C@H](CC3CCCCC3)NC(=O)[C@H](C1)NC(=O)OCc4ccccc4,DOWN,Q83883
COc1cccc2[nH]c(C(=O)N[C@@H](CC(C)C)C(=O)N[C@H](C=O)C[C@@H]3CCNC3=O)cc12,O=CC(CC1CCNC1=O)NC(=O)C1C2CCCC2CN1C(=O)OCc1ccccc1,UP,P0DTD1
C=CC(=O)Nc1ccc2[nH]c(=O)n(C3CCN(Cc4ccc(-c5nc6cc[nH]c(=O)c6cc5-c5ccccc5)cc4)CC3)c2c1,C=CC(=O)Nc1ccc2[nH]c(=O)n(C3CCN(Cc4ccc(C5=N/C(=C\c6ccc(O)cc6)C(=O)N=C5c5ccccc5)cc4)CC3)c2c1,DOWN,P31749
O=C1NCC[C@H]1C[C@@H](/C=C/C(=O)C2CC2)NC(=O)[C@H](CC(C)C)NC(=O)[C@H]([C@@H](C)OC(C)(C)C)NC(=O)OCc3ccccc3,O=C1NCC[C@H]1C[C@@H](/C=C/C(=O)OCC)NC(=O)[C@H](CC(C)C)NC(=O)[C@H](C(C)C)NC(=O)[C@H](C(C)C)NC(=O)c2ccoc2,UP,P0C6X7
CC(C)CC(NC(=O)OC(C)C1CCC(F)(F)CC1)C(=O)NC(C=O)CC1CCNC1=O,O=CC(CC1CCNC1=O)NC(=O)C1C2CCCC2CN1C(=O)OCc1ccccc1,UP,P0DTD1
COC(=O)Nc1ccnc(\C=C2/[C@@H]3N([C@@H](C(O)=O)C(C)(C)S3(=O)=O)C2=O)c1,C[C@]1(COC(N)=O)[C@@H](N2[C@@H](\C(=C/c3cc(ccn3)C(N)=O)C2=O)S1(=O)=O)C(O)=O,UP,Q8RLA6
CC(C)C[C@H](NC(=O)OC(C)(C)C1CCC(F)(F)CC1)C(=O)N[C@@H](C[C@@H]1CCNC1=O)C(O)S(=O)(=O)O,O=CC(CC1CCNC1=O)NC(=O)C(Cc1ccccc1)NC(=O)OCc1ccccc1,DOWN,P0DTD1
FC(F)(F)c1ccccc1-c(c2F)c(Cl)cc(c23)c(ncn3)N4CCN(CC4)C(=O)C=C,Oc1cccc(F)c1-c(c2F)c(Cl)cc(c23)c(ncn3)N4CCN(CC4)C(=O)C=C,UP,P01116
CC\C(\C=C\[C@@H]1OC(=O)C=C[C@@H]1C)=C\[C@H](C)C\C=C\C(\C)=C\[C@@H](C)C(=O)[C@@H](C)[C@H](O)[C@@H](C)C\C(C)=C\C(O)=O,C[C@H](C\C=C\C(\C)=C\[C@@H](C)C(=O)[C@@H](C)[C@H](O)[C@@H](C)C\C(C)=C\C(O)=O)\C=C(\C)/C=C/[C@H]1CC=CC(=O)O1,UP,P62826
O=CC(CC1CCNC1=O)NC(=O)C1C2CCCC2CN1C(=O)OCc1ccccc1,O=C[C@@H](C[C@@H]1CCNC1=O)NC(=O)[C@H](CC1CC1)NC(=O)OCc1ccccc1,DOWN,P0DTD1
C=CC(=O)N1CCC(CC1)[C@@H]2CCNc(n23)c(C(=O)N)c(n3)-c4ccc(cc4)Oc5ccccc5,CC(C)(C)/C=C(\C#N)C(=O)N1CCC[C@H](C1)n2nc(c(c23)c(N)ncn3)-c4ccc(cc4)Oc5ccccc5,DOWN,Q06187
C=CC(=O)N(C1)[C@H](C)CN([C@H]12)c3c(N(C2=O)C)cnc4c3cc(Cl)c(c4F)-c5c(O)cccc5F,Fc1cccc(O)c1-c(c2)c(Cl)cc(c23)c(N4CCN(CC4)C(=O)C=C)nc(=O)n3-c5ccccc5C(C)C,UP,P01116
COc1cccc2[nH]c(C(=O)NC(CC(C)C)C(=O)NC(CC3CCNC3=O)C(=O)c3nc4ccccc4s3)cc12,Cc1onc(c1)C(=O)N[C@@H](C)C(=O)N[C@@H](C(C)C)C(=O)N[C@@H](CC(C)C)C(=O)N[C@@H](C[C@@H]2CCNC2=O)/C=C\C(=O)OCc3ccccc3,DOWN,P0DTD1
COc1ccc(cn1)NC(=O)C2CCN(CC2)C(=O)CCl,Cc1ccc(cc1)S(=O)(=O)N2CCN(CC2)C(=O)CCl,UP,P0DTD1
C=CC(=O)Nc1cc(-c2c[nH]c3ncnc(Nc4ccc(OCc5ccccn5)c(Cl)c4)c23)ccc1OCCN(C)C,CN(C)C\C=C\C(=O)NCCn1ccc2ncnc(Nc3ccc(Oc4cccc(c4)C(F)(F)F)c(Cl)c3)c12,DOWN,P00533
CC(C)C[C@H](NC(=O)[C@H](CCC(=O)O)NC(=O)[C@@H](NC(=O)[C@@H](N)C(C)O)C(C)C)C(=O)N[C@@H](CCC(N)=O)C(=O)NCC(=O)N[C@H](C(=O)N[C@H](C(=O)N1CCC[C@H]1C(=O)N[C@@H](CCCNC(=N)N)C(=O)CCl)C(C)C)C(C)C,N=C(N)NCCC[C@H](NC(=O)[C@@H]1CCCN1C(=O)[C@H](N)Cc1ccccc1)C(=O)CCl,DOWN,P00734
CC(C)C[C@H](NC(=O)OCc1ccccc1)C(=O)N[C@@H](C[C@@H]1CCNC1=O)C(=O)C(=O)NCc1ccccc1,O=CC(CC1CCNC1=O)NC(=O)C1C2CCCC2CN1C(=O)OCc1ccccc1,UP,P0DTD1
CCC(N)C(=O)NC(C#N)Cc1ccc(-c2ccccc2)cc1,O[C@@H]1CN[C@@H](C1)C(=O)N[C@@H](Cc1ccc(cc1)-c1ccc(cc1)C#N)C#N,UP,P53634
COc1cc(OC)c(Cl)c(c1Cl)COc2cnc(nc2)Nc3c(NC(=O)C=C)cccc3C,COc1cc(OC)c(Cl)c(c1Cl)COc2cnc(nc2)Nc3c(NC(=O)C=C)cccc3F,UP,P22455
CCC[C@H]1CC[C@H](COC(=O)N[C@@H](CC(C)C)C(=O)N[C@@H](C[C@@H]2CCNC2=O)C(O)S(=O)(=O)O)CC1,O=C1NCC[C@H]1C[C@@H](/C=C/C(=O)OCC)NC(=O)[C@H](CC(C)C)NC(=O)[C@H]([C@@H](C)OC(C)(C)C)NC(=O)OCc2ccccc2,UP,P0DTD1
CC(C)C[C@H](NC(=O)OC(C)(C)C1CCC(F)(F)CC1)C(=O)N[C@@H](C[C@@H]1CCNC1=O)C(O)S(=O)(=O)O,CC(C)C[C@H](NC(=O)OCC12C[C@H]3C[C@@H](C1)C[C@@H](C2)C3)C(=O)N[C@@H](C[C@@H]1CCNC1=O)C(O)S(=O)(=O)O,UP,P0DTD1
Cc1ccc(cc1)S(=O)(=O)N2CCN(CC2)C(=O)CCl,ClCC(=O)N1CCC(CC1)C(=O)N2CCCCC2,DOWN,P0DTD1
C.CC(C)C.NC(Cc1ccccc1)C(=O)NC(C=O)CC1CCNC1=O.O=COCc1ccccc1,CC(C)C[C@H](NC(=O)OCc1ccc(F)cc1)C(=O)N[C@@H](C[C@@H]1CCNC1=O)C(O)S(=O)(=O)O,DOWN,P0DTD1
CC(=O)N[C@H](CC(C)C)C(=O)N[C@@H](C)C(=O)N[C@H](Cc1ccc(O)cc1)C(=O)C1(C)CO1,CC(C)C[C@H](NC(=O)c1cnccn1)C(=O)N[C@@H](CC(C)C)C(=O)N[C@H](C=CS(C)(=O)=O)Cc1ccc(CN)cc1,DOWN,P25043
O=C(/C=C/c1ccccc1)NC(CC1CC1)C(=O)NC(CC1CCNC1=O)C(=O)C(=O)NCc1ccccc1,O=C1NCC[C@H]1C[C@@H](/C=C/C(=O)OCC)NC(=O)[C@H](Cc2ccccc2)NC(=O)[C@H](COC(C)(C)C)NC(=O)OCc3ccccc3,UP,P0C6X7
CCOC(=O)/C=C/C(CC1CCNC1=O)NC(=O)C(CC(C)C)NC(=O)C(NC(=O)OCc1ccccc1)C(C)OC(C)(C)C,O=C(N[C@@H](Cc1ccccc1)C(=O)N[C@@H](C[C@@H]1CCNC1=O)C(O)S(=O)(=O)[O-])OCc1ccccc1,UP,P0DTD1
CC(C)C[C@H](NC(=O)[C@H](CCc1ccccc1)NC(=O)CN1CCOCC1)C(=O)N[C@@H](Cc1ccccc1)C(=O)N[C@@H](CC(C)C)C(=O)[C@@]1(C)CO1,COc1ccc(C[C@H](NC(=O)[C@H](C)NC(=O)CN2CCOCC2)C(=O)N[C@@H](C[C@@H]2CCC[C@@H]3CCCC[C@H]32)C(=O)[C@@]2(C)CO2)cc1,DOWN,P25043
CS[C@@H]1CN[C@@H](C1)C(=O)N[C@@H](Cc1ccc(cc1)-c1ccc(cc1)C#N)C#N,O[C@@H]1CN[C@@H](C1)C(=O)N[C@@H](Cc1ccc(cc1)-c1ccc(cc1)C#N)C#N,UP,P53634
CC(C)C[C@H](NC(=O)OCc1ccccc1)C(=O)N[C@@H](C[C@@H]1CCNC1=O)C(O)S(=O)(=O)O,O=CC(CC1CCNC1=O)NC(=O)C(Cc1ccccc1)NC(=O)OCc1ccccc1,DOWN,P0DTD1
CC(C)CC(NC(=O)OC(C)C1CCC(F)(F)CC1)C(=O)NC(C=O)CC1CCNC1=O,O=C[C@@H](C[C@@H]1CCNC1=O)NC(=O)[C@H](CC1CC1)NC(=O)OCc1cccc(F)c1,DOWN,P0DTD1
NC(=N)NCCC[C@H](NC(=O)[C@@H]1CCN2CC[C@@](N)(Cc3ccccc3)C(=O)N12)C(=O)C(=O)NCCc1ccccc1,NC(=N)NCCC[C@H](NC(=O)[C@@H]1CC[C@@H]2CC[C@](N)(Cc3ccccc3)C(=O)N12)C(=O)c1nc2ccccc2s1,DOWN,P00734
CC(C)C[C@H](NC(=O)OCc1ccccc1F)C(=O)N[C@@H](C[C@@H]1CCNC1=O)C(O)S(=O)(=O)O,CCC[C@H]1CC[C@H](OC(=O)N[C@@H](CC(C)C)C(=O)N[C@@H](C[C@@H]2CCNC2=O)C(O)S(=O)(=O)O)CC1,DOWN,P0DTD1
COc1cccc(c12)[nH]c(c2)C(=O)N[C@@H](CC(C)C)C(=O)N[C@@H](C[C@@H]3CCNC3=O)C(=O)c(s4)nc(c45)cccc5,O=C1NCC[C@H]1C[C@@H](/C=C/C(=O)OCC)NC(=O)[C@H](CC(C)C)NC(=O)[C@H]([C@@H](C)OC(C)(C)C)NC(=O)OCc2ccccc2,UP,P0DTD1
COc1cccc(c12)[nH]c(c2)C(=O)N[C@@H](CC(C)C)C(=O)N[C@@H](C[C@@H]3CCNC3=O)C(=O)c(s4)nc(c45)cccc5,Cc1onc(c1)C(=O)N[C@@H](C)C(=O)N[C@@H](C(C)C)C(=O)N[C@@H](CC(C)C)C(=O)N[C@@H](C[C@@H]2CCNC2=O)/C=C\C(=O)OCc3ccccc3,DOWN,P0DTD1
Cc1ccc(c(C)c1)S(=O)(=O)N2CCN(CC2)C(=O)CCl,ClCC(=O)N1CCC(CC1)NC(=O)c2ccccc2,UP,P0DTD1
CC(=O)OCC1=C(N2[C@H](SC1)[C@H](NC(=O)CCC[C@@H](N)C(O)=O)C2=O)C(O)=O,C[C@@H](NC(=O)[C@@H](C)NC(=O)[C@H](CCC1=C(N2[C@H](SC1)[C@H](NC(=O)Cc1ccccc1)C2=O)C(O)=O)NC(=O)CC[C@@H](NC(C)=O)C(O)=O)C(O)=O,DOWN,P15555
CC(C)C(NC(=O)OCc1ccccc1)C(=O)NC(Cc1ccccc1)C(=O)NC(C=O)CC1CCNC1=O,CCOC(=O)C=C[C@H](C[C@@H]1CCNC1=O)NC(=O)[C@@H](CC(=O)[C@@H](NC(=O)c1cc(C)on1)C(C)C)Cc1ccc(F)cc1,UP,P0DTD1
COc1cccc(c12)[nH]c(c2)C(=O)N[C@@H](CC(C)C)C(=O)N[C@@H](C[C@@H]3CCNC3=O)C(=O)c(s4)nc(c45)cccc5,COc1cccc2[nH]c(C(=O)N[C@@H](CC(C)C)C(=O)N[C@@H](C[C@@H]3CCCNC3=O)C(=O)COC(=O)c3c(C)cc(C)nc3C)cc12,DOWN,P0DTD1
CC(C)C[C@H](NC(=O)OCc1ccccc1)C(=O)N[C@@H](C[C@@H]1CCNC1=O)C(=O)S(=O)(=O)[O-],CC(C)[C@H](NC(=O)OCc1ccccc1)C(=O)N[C@@H](CC1CCCCC1)C(=O)N[C@H](C=O)Cc1ccc[nH]c1=O,DOWN,P0DTD1
CC(C)C[C@H](NC(=O)[C@@H](Cc1ccc(CN)cc1)NC(=O)[C@H](Cc1ccccc1)N=[N+]=[N-])C(=O)N[C@H](C=CS(C)(=O)=O)Cc1ccc(CN)cc1,CC(C)C[C@H](NC(=O)[C@H](CCc1ccccc1)NC(=O)CN1CCOCC1)C(=O)N[C@@H](Cc1ccccc1)C(=O)N[C@@H](CC(C)C)C(=O)[C@@]1(C)CO1,DOWN,P30656
OS(=O)(=O)ON1[C@H]2CN([C@@H](CC2)C(=O)NNC(=O)[C@@H]2CCNC2)C1=O,[C@@H]12CC[C@@H](C(=O)N)N(C1)C(=O)N2OS([O-])(=O)=O,UP,Q9F663
O=Cc1ccccc1OP(=O)([O-])OCC2CCCCC2,c1ccccc1COP([O-])(=O)Oc2ccccc2C=O,UP,P12931
O[C@@H]1C[C@@H](CC(=O)[C@H]1O)C(O)=O,[NH3+]C[C@@]1(O)C[C@H](C[C@@H](O)[C@@H]1O)C(O)=O,UP,P24670
COc1cc(OC)c(Cl)c(c1Cl)COc2cnc(nc2)Nc3c(NC(=O)C=C)cccc3F,Cc1cccc(NC(=O)C=C)c1Nc2cc(ncn2)-c3cccnc3Nc4c(Cl)c(OC)cc(c4Cl)OC,DOWN,P22455
CC(C)CC(NC(=O)OCc1ccccc1)C(=O)NC(CC1CCNC1=O)C(O)S(=O)(=O)O,COc1cccc2[nH]c(C(=O)N[C@@H](CC(C)C)C(=O)N[C@H](C#N)C[C@@H]3CCNC3=O)cc12,UP,P0DTD1
CC(C)C[C@H](NC(=O)O[C@H]1CC[C@H](c2ccccc2)CC1)C(=O)N[C@@H](C[C@@H]1CCNC1=O)C(O)S(=O)(=O)O,COc1cccc(c12)[nH]c(c2)C(=O)N[C@@H](CC(C)C)C(=O)N[C@@H](C[C@@H]3CCNC3=O)C(=O)c(s4)nc(c45)cccc5,UP,P0DTD1
Cc1cccc(CN2CCN(CC2)C(=O)CCl)c1,Fc1cccc(F)c1S(=O)(=O)N2CCN(CC2)C(=O)CCl,UP,P0DTD1
CC(C)C[C@H](NC(=O)OC1CCC(C)(C)CC1)C(=O)N[C@@H](C[C@@H]1CCNC1=O)C(O)S(=O)(=O)O,O=C1NCC[C@H]1C[C@@H](/C=C/C(=O)OCC)NC(=O)[C@H](CC(C)C)NC(=O)[C@H]([C@@H](C)OC(C)(C)C)NC(=O)OCc2ccccc2,UP,P0DTD1
Cc1ccccc1CN1CCCN(CC1)C(=O)CCl,Fc1cccc(F)c1S(=O)(=O)N2CCN(CC2)C(=O)CCl,UP,P0DTD1
CC(C)[C@H](NS(C)(=O)=O)C(=O)N1C[C@H]2[C@@H]([C@H]1C(=O)N[C@@H](C[C@@H]1CCNC1=O)C(=O)c1nc3ccccc3s1)C2(C)C,COc1cccc2[nH]c(C(=O)N3C[C@H]4[C@@H]([C@H]3C(=O)N[C@@H](C[C@@H]3CCNC3=O)C(=O)c3nc5ccccc5s3)C4(C)C)cc12,DOWN,P0DTD1
CC(C)C[C@H](NC(=O)OCc1ccccc1)C(=O)N[C@@H](C[C@@H]1CCNC1=O)C(=O)S(=O)(=O)[O-],O=CC(CC1CCNC1=O)NC(=O)C1C2CCCC2CN1C(=O)OCc1ccccc1,UP,P0DTD1
ClCC(=O)N1CCC(CC1)NC(=O)c2ccccc2,ClCC(=O)N1CCN(CC1)Cc2cccc(c23)cccc3,UP,P0DTD1
CC(C)C[C@H](NC(=O)[C@@H](NC(=O)c1cc2ccccc2[nH]1)C(C)C)C(=O)N[C@H](C=O)C[C@@H]1CCNC1=O,O=C(/C=C/c1ccccc1)NC(CC1CC1)C(=O)NC(CC1CCNC1=O)C(=O)C(=O)NCc1ccccc1,DOWN,P0C6X7
CC(C)C[C@H](NC(=O)OCc1ccccc1)C(=O)N[C@@H](C[C@@H]1CCNC1=O)[C@H](O)S(=O)(=O)O,O=CC(CC1CCNC1=O)NC(=O)C(Cc1ccccc1)NC(=O)OCc1ccccc1,DOWN,P0DTD1
NC(=N)NCCC[C@H](NC(=O)[C@@H]1CC[C@@H]2CC[C@](N)(Cc3ccccc3)C(=O)N12)C(=O)c1nc2ccccc2s1,NC(=[NH2+])NCCC[C@H](NC(=O)[C@@H]1CCCN1C(=O)[C@H](N)Cc1ccccc1)C(=O)CCl,DOWN,P00734
Fc1ccccc1S(=O)(=O)N2CCN(CC2)C(=O)CCl,c1ccccc1N(C)C(=O)C2CCN(CC2)C(=O)CCl,DOWN,P0DTD1
C1COCCN1C(=O)N[C@@H](CC(C)C)C(=O)N[C@H](C#N)COCc2ccccc2,C1COCCN1C(=O)N[C@@H](C[Si](C)(C)C)C(=O)NC2(C#N)CCS(=O)(=O)CC2,DOWN,P25774
CC(C)CC(NC(=O)OCc1ccc(F)cc1)C(=O)NC(CC1CCNC1=O)C(O)S(=O)(=O)O,O=CC(CC1CCNC1=O)NC(=O)C1C2CCCC2CN1C(=O)OCc1ccccc1,UP,P0DTD1
Cc1ccc(cc1)C(=O)N2CCN(CC2)C(=O)CCl,ClCC(=O)N1CCN(CC1)Cc2cccc(c23)cccc3,UP,P0DTD1
FC(F)(F)c1ccc(nc1)Oc2cccc(c2)CC3CCN(CC3)C(=O)Nc4cccnc4,O=C(Nc1cccnc1)N1CCN(c2nc(-c3ccccc3)ns2)CC1,UP,P97612
CC(C)C[C@H](NC(=O)OC[C@H]1C[C@H]2CC[C@@H]1C2)C(=O)N[C@@H](C[C@@H]1CCNC1=O)C(O)S(=O)(=O)O,CC(C)C[C@H](NC(=O)OCc1ccccc1)C(=O)N[C@@H](C[C@@H]1CCNC1=O)C(=O)C(=O)NCc1ccccc1,DOWN,P0DTD1
C[C@@H](O)[C@H](NC(=O)[C@H](Cc1ccc(O)cc1)NC(=O)C(N)Cc1c[nH]c2ccccc12)C(=O)N[C@@H](CCCNC(N)=[NH2+])C(=O)CCl,NC(=[NH2+])NCCC[C@H](NC(=O)[C@H](Cc1ccccc1)NC(=O)[C@H](N)Cc1ccccc1)C(=O)CCl,UP,P08709
CC(C)C[C@H](NC(=O)OCC12C[C@H]3C[C@@H](C1)C[C@@H](C2)C3)C(=O)N[C@@H](C[C@@H]1CCNC1=O)C(O)S(=O)(=O)O,CC(C)C[C@H](NC(=O)OCc1cccc(F)c1)C(=O)N[C@@H](C[C@@H]1CCNC1=O)C(O)S(=O)(=O)O,DOWN,P0DTD1
ClCC(=O)N1CCN(CC1)S(=O)(=O)c2ccc(Cl)cc2,ClCC(=O)N1CCN(CC1)S(=O)(=O)c2ccc(Cl)s2,UP,P0DTD1
C=CC(=O)Nc1ccc(CN(C(=O)Nc2c(Cl)c(OC)cc(OC)c2Cl)c2cc(Nc3ccc(N4CCN(C)CC4)cc3)ncn2)cc1,COc1ccc(NC(=O)C=C)cc1Nc2cc(ccn2)-c3nc(CCCO)[nH]c3-c4ccc(F)cc4,UP,P00533
ClCC(=O)N1CCN(Cc2cccs2)CC1,Fc1ccccc1S(=O)(=O)N2CCN(CC2)C(=O)CCl,UP,P0DTD1
CC(C)C[C@H](NC(=O)OCC1CCC(F)(F)CC1)C(=O)N[C@@H](C[C@@H]1CCNC1=O)[C@H](O)S(O)(=O)=O,CC(C)C[C@H](NC(=O)OCc1ccccc1)C(=O)N[C@@H](C[C@@H]1CCNC1=O)C(O)S(=O)(=O)O,UP,P0C6U8
O=C1NCC[C@H]1C[C@@H](C(=O)C(=O)NC2CC2)NC(=O)[C@H](CC(C)C)NC(=O)OCc3ccccc3,O=C[C@@H](C[C@@H]1CCNC1=O)NC(=O)[C@H](CC1CC1)NC(=O)OCc1cccc(F)c1,DOWN,P0DTD1
CC(C)C[C@H](NC(=O)OCc1ccccc1F)C(=O)N[C@@H](C[C@@H]1CCNC1=O)C(O)S(=O)(=O)O,O=C[C@@H](C[C@@H]1CCNC1=O)NC(=O)[C@H](CC1CC1)NC(=O)OCc1ccccc1,DOWN,P0DTD1
CC(C)C[C@H](NC(=O)OC[C@H]1C[C@H]2CCC[C@H](C2)C1)C(=O)N[C@@H](C[C@@H]1CCNC1=O)C(O)S(=O)(=O)O,O=C[C@@H](C[C@@H]1CCNC1=O)NC(=O)[C@H](CC1CC1)NC(=O)OCc1cccc(F)c1,DOWN,P0DTD1
CC(C)C[C@H](NC(=O)OC[C@H]1C[C@H]2C=CC[C@H](C2)C1)C(=O)N[C@@H](C[C@@H]1CCNC1=O)C(=O)S(=O)(=O)O,Cc1onc(c1)C(=O)N[C@@H](C)C(=O)N[C@@H](C(C)C)C(=O)N[C@@H](CC(C)C)C(=O)N[C@@H](C[C@@H]2CCNC2=O)/C=C\C(=O)OCc3ccccc3,DOWN,P0DTD1
Cc1ccc(C)c(c1)S(=O)(=O)N2CCN(CC2)C(=O)CCl,ClCC(=O)N1CCN(CC1)S(=O)(=O)c2ccc(Cl)s2,UP,P0DTD1
O1CC(=O)[C@H]([C@H]12)N(C[C@@H]2F)C(=O)[C@H](CC(C)C)NC(=O)c3ccc(cc3)-c4nc(sc4)N5CCN(C)CC5,O=C1CO[C@@H]([C@@H]12)[C@H](Cl)CN2C(=O)[C@H](CC(C)C)NC(=O)c3ccc(cc3)-c4nc(sc4F)N5CCN(C)CC5,DOWN,P43235
CC(C)CC(NC(=O)OCc1ccccc1)C(=O)NC(CC1CCNC1=O)C(O)S(=O)(=O)O,Cc1onc(c1)C(=O)N[C@@H](C)C(=O)N[C@@H](C(C)C)C(=O)N[C@@H](CC(C)C)C(=O)N[C@@H](C[C@@H]2CCNC2=O)/C=C\C(=O)OCc3ccccc3,DOWN,P0DTD1
C.CC(C)C.NC(Cc1ccccc1)C(=O)NC(C=O)CC1CCNC1=O.O=COCc1ccccc1,CC(C)(C)OC(=O)Nc1cccn(C(CC2CC2)C(=O)NC(CC2CCNC2=O)C(=O)C(=O)NCc2ccccc2)c1=O,DOWN,P0DTD1
CC(C)C[C@H](NC(=O)[C@H](CCC(=O)O)NC(=O)[C@@H](NC(=O)[C@@H](N)C(C)O)C(C)C)C(=O)N[C@@H](CCC(N)=O)C(=O)NCC(=O)N[C@H](C(=O)N[C@H](C(=O)N1CCC[C@H]1C(=O)N[C@@H](CCCNC(=N)N)C(=O)CCl)C(C)C)C(C)C,N=C(N)NCCC[C@H](NC(=O)[C@@H]1CCCN1C(=O)[C@@H](N)Cc1ccccc1)C(=O)CCl,DOWN,P00734
CC[C@H](C)[C@@H]1C(=O)O[C@H]1C(=O)NCCCC[C@H](NC(=O)[C@H](C)NC(=O)OCc1ccccc1)C(=O)OCc1ccccc1,CC[C@H](C)[C@@H]1C(=O)O[C@H]1C(=O)N[C@H]1C[C@H]1C[C@@H](CCc1ccccc1)NC(=O)[C@H](C)NC(=O)OCc1ccccc1,UP,P30656
CCC[C@H]1CC[C@H](OC(=O)N[C@@H](CC(C)C)C(=O)N[C@@H](C[C@@H]2CCNC2=O)C(O)S(=O)(=O)O)CC1,COc1cccc2[nH]c(C(=O)N[C@@H](CC(C)C)C(=O)N[C@@H](C[C@@H]3CCCNC3=O)C(=O)COC(=O)c3c(C)cc(C)nc3C)cc12,DOWN,P0DTD1
CC(C)C[C@H](NC(=O)OCC12C[C@H]3C[C@@H](C1)C[C@@H](C2)C3)C(=O)N[C@@H](C[C@@H]1CCNC1=O)C(O)S(=O)(=O)O,O=C(N[C@@H](Cc1ccccc1)C(=O)N[C@@H](C[C@@H]1CCNC1=O)C(O)S(=O)(=O)[O-])OCc1ccccc1,UP,P0DTD1
OCC(=O)COP(O)(O)=O,O[C@H](COP(O)(O)=O)[C@H](O)[C@@H](O)C(=O)COP(O)(O)=O,UP,Q8SSM8
Fc1cccc(O)c1-c(c2)c(Cl)cc(c23)c(N4CCN(CC4)C(=O)C=C)nc(=O)n3-c5ccccc5C(C)C,Fc1ccccc1-c(c2F)c(Cl)cc(c23)c(ncn3)N4CCN(CC4)C(=O)C=C,UP,P01116
O=C1NCC[C@H]1C[C@@H](/C=C/C(=O)OCC)NC(=O)[C@H](Cc2ccccc2)NC(=O)[C@H](CC(=O)OC(C)(C)C)NC(=O)OCc3ccccc3,O=C1NCC[C@H]1C[C@@H](/C=C/C(=O)OCC)NC(=O)[C@H](Cc2ccccc2)NC(=O)[C@H](COC(C)(C)C)NC(=O)OCc3ccccc3,DOWN,A1E4A3
OS(=O)(=O)ON1[C@H]2CN([C@@H](CC2)C#N)C1=O,OS(=O)(=O)ON1[C@H]2CN([C@@H](CC2)C(=O)NC2CCNCC2)C1=O,UP,Q9F663
ClCC(=O)N1CCN(CC1)S(=O)(=O)c2ccc(Cl)cc2,ClCC(=O)N1CCN(CC1)S(=O)(=O)c2cccs2,UP,P0DTD1
Cc1ccc(C)c(c1)S(=O)(=O)N2CCN(CC2)C(=O)CCl,Cc1ccc(cc1)C(=O)N2CCN(CC2)C(=O)CCl,UP,P0DTD1
Fc1cccc(c1)S(=O)(=O)N2CCN(CC2)C(=O)CCl,c1cccc(c12)[C@@H](CN(C2)C(=O)CCl)c3ccccc3,DOWN,P0DTD1
COc1ccc(cc1)N2CCN(CC2)C(=O)CCl,c1cccc(c12)[C@@H](CN(C2)C(=O)CCl)c3ccccc3,DOWN,P0DTD1
COc1cccc(c12)[nH]c(c2)C(=O)N[C@@H](CC(C)C)C(=O)N[C@@H](C[C@@H]3CCNC3=O)C(=O)COC(=O)c4ccccc4C#N,COc1cccc2[nH]c(C(=O)N3C[C@H]4[C@@H]([C@H]3C(=O)N[C@@H](C[C@@H]3CCNC3=O)C(=O)c3nc5ccccc5s3)C4(C)C)cc12,DOWN,P0DTD1
CCC(N)C(=O)NC(C#N)Cc1ccc(-c2ccccc2)cc1,N#Cc1ccc(-c2ccc(CC(C#N)NC(=O)C3CC(O)CCN3)cc2)cc1,UP,P53634
COc1cccc2[nH]c(C(=O)NC(CC(C)C)C(=O)NC(CC3CCNC3=O)C(=O)c3nc4ccccc4s3)cc12,c1cccc(c12)[nH]c(c2)C(=O)N[C@@H](Cc3cccc(F)c3)C(=O)N[C@H](C=O)C[C@@H]4CCNC4=O,UP,P0DTD1
CS[C@@H]1CN[C@@H](C1)C(=O)N[C@@H](Cc1ccc(cc1)-c1ccc(cc1)C#N)C#N,N#Cc1ccc(-c2ccc(CC(C#N)NC(=O)C3CC(O)CCN3)cc2)cc1,UP,P53634
C=CC(=O)Nc1cccc(CNc2nc(Nc3ccc(N4CCN(C)CC4)cc3OC)ncc2Cl)c1,NC(=O)c1cnn2cccc2c1NCc1cccc(NC(=O)C=C)c1,UP,P52333
C[C@@H](N)C(=O)CCC(O)=O,NCC(=O)CCC(O)=O,DOWN,P05373
COc1ccc(cn1)NC(=O)C2CCN(CC2)C(=O)CCl,ClCC(=O)N1CCN(CC1)S(=O)(=O)c2ccc(Cl)cc2,UP,P0DTD1
CC(C)C[C@H](NC(=O)OCC1CCC(F)(F)CC1)C(=O)N[C@@H](C[C@@H]1CCNC1=O)[C@H](O)S(O)(=O)=O,CC(C)C[C@H](NC(=O)OCc1ccccc1)C(=O)N[C@@H](C[C@@H]1CCNC1=O)C(=O)C(=O)NCc1ccccc1,DOWN,P0DTD1
Cc1onc(c1)C(=O)N[C@@H](C)C(=O)N[C@@H](C(C)C)C(=O)N[C@@H](CC(C)C)C(=O)N[C@@H](C[C@@H]2CCNC2=O)/C=C\C(=O)OCc3ccccc3,O=C1NCC[C@H]1C[C@@H](/C=C/C(=O)OCC)NC(=O)[C@H](CC=C(C)C)CC(=O)[C@H](C(C)C)NC(=O)c2cc(on2)C,DOWN,P0C6X7
CC(C)C[C@H](NC(=O)OCc1ccc(F)cc1)C(=O)N[C@@H](C[C@@H]1CCNC1=O)C(O)S(=O)(=O)O,O=CC(CC1CCNC1=O)NC(=O)C1C2CCCC2CN1C(=O)OCc1ccccc1,UP,P0DTD1
ClCC(=O)N1CCC(CC1)NC(=O)c2ccccc2,ClCC(=O)N1CCN(Cc2cccc(Cl)c2)CC1,DOWN,P0DTD1
CC(C)C[C@H](NC(=O)[C@H](CCc1ccccc1)NC(=O)CN1CCOCC1)C(=O)N[C@@H](Cc1ccccc1)C(=O)N[C@@H](CC(C)C)C(=O)[C@@]1(C)CO1,CC[C@H](C)[C@H](NC(=O)[C@H]([C@@H](C)CC)N(C)C(C)=O)C(=O)N[C@H](C(=O)N[C@@H](CC(C)C)C(=O)[C@@]1(C)CO1)[C@@H](C)O,DOWN,P30656
CC(C)C[C@H](NC(=O)OCc1ccccc1)C(=O)N[C@@H](C[C@@H]1CCNC1=O)C(O)S(=O)(=O)O,O=CC(CC1CCNC1=O)NC(=O)C1C2CCCC2CN1C(=O)OCc1ccccc1,UP,P0DTD1
CCC(N)C(=O)NC(C#N)Cc1ccc(-c2ccccc2)cc1,CC[C@H](N)C(=O)N[C@@]1(C[C@@H]1c1ccc(cc1)-c1ccc(cc1)C(F)(F)F)C#N,UP,P53634
CC(C)C[C@H](NC(=O)OCc1ccccc1)C(=O)N[C@@H](C[C@@H]1CCNC1=O)C(=O)C(=O)NCc1ccccc1,O=C(N[C@@H](Cc1ccccc1)C(=O)N[C@@H](C[C@@H]1CCNC1=O)C(O)S(=O)(=O)[O-])OCc1ccccc1,UP,P0DTD1
ClCC(=O)N1CCC(CC1)C(=O)N2CCCCC2,ClCC(=O)N1CCN(CC1)C(=O)c2cccs2,DOWN,P0DTD1
O=C(CCCCCCc1ccccc1)c1ncc(-c2ccc(CBr)cn2)o1,OC(=O)c1cccc(n1)-c1cnc(o1)C(=O)CCc1ccc(cc1)-c1ccccc1,UP,P97612
CC(C)C[C@H](NC(=O)OCc1ccccc1)C(=O)N[C@@H](C[C@@H]1CCNC1=O)C(=O)S(=O)(=O)[O-],O=C1NCC[C@H]1C[C@@H](/C=C/C(=O)OCC)NC(=O)[C@H](CC(C)C)NC(=O)[C@H]([C@@H](C)OC(C)(C)C)NC(=O)OCc2ccccc2,UP,P0DTD1
CC(C)C[C@H](NC(=O)[C@H](CCc1ccccc1)NC(=O)CN1CCOCC1)C(=O)N[C@@H](Cc1ccccc1)C(=O)N[C@@H](CC(C)C)C(=O)[C@@]1(C)CO1,COc1ccc(C[C@H](NC(=O)[C@H](C)NC(=O)CN2CCOCC2)C(=O)N[C@@H](CC2CCC(C3CCCCC3)CC2)C(=O)[C@@]2(C)CO2)cc1,DOWN,P25043
CC(C)C[C@H](NC(=O)OCc1ccccc1)C(=O)N[C@@H](C[C@@H]1CCNC1=O)C(=O)C(=O)NCc1ccccc1,O=C[C@@H](C[C@@H]1CCNC1=O)NC(=O)[C@H](CC1CC1)NC(=O)OCc1ccccc1,DOWN,P0DTD1
Cc1ccccc1CN1CCCN(CC1)C(=O)CCl,ClCC(=O)N1CCN(CC1)C(=O)c2cccs2,DOWN,P0DTD1
CC(C)CC(NC(=O)OCc1ccc(F)cc1)C(=O)NC(CC1CCNC1=O)C(O)S(=O)(=O)O,CCOC(=O)C=C[C@H](C[C@@H]1CCNC1=O)NC(=O)[C@@H](CC(=O)[C@@H](NC(=O)c1cc(C)on1)C(C)C)Cc1ccc(F)cc1,UP,P0DTD1
CC(C)C[C@H](NC(=O)c1ccncc1)C(=O)NCC(=O)CNS(=O)(=O)c1ccc(Oc2ccccc2)cc1,c1ccccc1COC(=O)N[C@@H](CC(C)C)C(=O)NNC(=O)NNC(=O)c2cccc(c2)OCc3ccccc3,DOWN,P43235
CC(C)C[C@H](NC(=O)OC1CCC(C)(C)CC1)C(=O)N[C@@H](C[C@@H]1CCNC1=O)C(O)S(=O)(=O)O,CCC[C@H]1CC[C@H](OC(=O)N[C@@H](CC(C)C)C(=O)N[C@@H](C[C@@H]2CCNC2=O)C(O)S(=O)(=O)O)CC1,DOWN,P0DTD1
COc1cccc(c12)[nH]c(c2)C(=O)N[C@@H](CC(C)C)C(=O)N[C@@H](C[C@@H]3CCNC3=O)C(=O)c(s4)nc(c45)cccc5,O=C1NCC[C@H]1C[C@@H](C(=O)C(=O)NC2CC2)NC(=O)[C@H](CC(C)C)NC(=O)OCc3ccccc3,DOWN,P0DTD1
C=CC(=O)O[C@H](C(=O)NCc1cccc(OC)c1OC)c1ccc([N+](=O)[O-])cc1,C=CC(=O)O[C@H](CC)C(=O)NCCc1c[nH]c2ccccc12,UP,P0DTD1
c1ccccc1COC(=O)N[C@@H](CC(C)C)C(=O)N[C@@H]2CN(CC2=O)C(=O)[C@H](CC(C)C)NC(=O)OCc3ccccc3,c1ccccc1COC(=O)N[C@@H](CC(C)C)c2nc(cs2)C(=O)NNC(=O)[C@H](CC(C)C)NC(=O)OCc3ccccc3,DOWN,P43235
ClCC(=O)N1CCN(CC1)S(=O)(=O)c2ccc(Cl)s2,ClCC(=O)N1CCN(CC1)S(=O)(=O)c2ccccc2C#N,DOWN,P0DTD1
CC(C)CC(NC(=O)OCc1ccccc1)C(=O)NC(CC1CCNC1=O)C(O)S(=O)(=O)O,O=C[C@@H](C[C@@H]1CCNC1=O)NC(=O)[C@H](CC1CC1)NC(=O)OCc1cccc(F)c1,DOWN,P0DTD1
C=CC(=O)Nc1cc(-c2c[nH]c3ncnc(Nc4ccc(OCc5ccccn5)c(Cl)c4)c23)ccc1OCCCO,C=CC(=O)Nc1ccc2ncnc(Nc3cccc(Br)c3)c2c1,UP,P00533
FC(F)(F)c1ccccc1-c(c2F)c(Cl)cc(c23)c(ncn3)N4CCN(CC4)C(=O)C=C,Fc1ccccc1-c(c2F)c(Cl)cc(c23)c(ncn3)N4CCN(CC4)C(=O)C=C,UP,P01116
CC(C)C[C@H](NC(=O)OCc1ccccc1)C(=O)N[C@@H](C[C@@H]1CCNC1=O)[C@@H](O)S(O)(=O)=O,c1cccc(c12)[nH]c(c2)C(=O)N[C@@H](CC3CCCCC3)C(=O)N[C@H](C=O)C[C@@H]4CCNC4=O,UP,P0DTD1
C=CC(=O)Nc1ccc2[nH]c(=O)n(C3CCN(Cc4ccc(-c5nc6cc[nH]c(=O)c6cc5-c5ccccc5)cc4)CC3)c2c1,C=CC(=O)Nc1cccc(C(=O)NC2CCN(Cc3ccc(-c4nc5cc[nH]c(=O)c5cc4-c4ccccc4)cc3)CC2)c1,UP,P31749
CC(C)C(NC(=O)OCc1ccccc1)C(=O)NC(Cc1ccccc1)C(=O)NC(C=O)CC1CCNC1=O,CC(C)CC(NC(=O)OC(C)C1CCC(F)(F)CC1)C(=O)NC(C=O)CC1CCNC1=O,DOWN,P0DTD1
CC(C)C[C@H](NC(=O)OC1CCC(C)(C)CC1)C(=O)N[C@@H](C[C@@H]1CCNC1=O)C(O)S(=O)(=O)O,CC(C)C[C@H](NC(=O)OCc1c(F)c(F)c(F)c(F)c1F)C(=O)N[C@@H](C[C@@H]1CCNC1=O)C(O)S(=O)(=O)O,DOWN,P0DTD1
CCOC(=O)C=C[C@H](C[C@@H]1CCNC1=O)NC(=O)[C@@H](NC(=O)[C@@H](NC(=O)OC(C)(C)C)C(C)C)c1ccccc1,O=C1NCC[C@H]1C[C@@H](/C=C/C(=O)OCC)NC(=O)[C@H](Cc2ccccc2)NC(=O)[C@H](CC(=O)OC(C)(C)C)NC(=O)OCc3ccccc3,UP,P0C6X7
CC(C)CC(NC(=O)C(NC(=O)OCc1ccccc1)C(C)C)C(=O)NC(C=O)CC1CCNC1=O,CC(C)C[C@H](NC(=O)OCc1ccccc1F)C(=O)N[C@@H](C[C@@H]1CCNC1=O)C(O)S(=O)(=O)O,UP,P0DTD1
CC(C)C[C@H](NC(=O)OCc1ccccc1)C(=O)N[C@@H](C[C@@H]1CCNC1=O)[C@@H](O)S(O)(=O)=O,Clc1cc(ccc1)C[C@H]2OC(=O)N(C2)[C@@H](CC(C)C)C(=O)N[C@H](C=O)C[C@@H]3CCNC3=O,UP,Q83883
CC(C)C[C@H](NC(=O)OC[C@@H]1C[C@H]2C=CC[C@H](C2)C1)C(=O)N[C@@H](C[C@@H]1CCNC1=O)C(=O)S(=O)(=O)O,COc1cccc(c12)[nH]c(c2)C(=O)N[C@@H](CC(C)C)C(=O)N[C@@H](C[C@@H]3CCNC3=O)C(=O)c(s4)nc(c45)cccc5,UP,P0DTD1
c12cn(nn1)CCNC(=O)CC[C@@H](C=O)NC(=O)[C@H](CC(C)C)NC(=O)[C@H](C2)NC(=O)OCc3ccccc3,c12cn(nn2)CCNC(=O)CC[C@@H](C=O)NC(=O)[C@H](CC3CCCCC3)NC(=O)[C@H](C1)NC(=O)OCc4ccccc4,DOWN,Q83883
COc1cccc(c12)[nH]c(c2)C(=O)N[C@@H](CC(C)C)C(=O)N[C@@H](C[C@@H]3CCNC3=O)C(=O)COC(=O)c4ccccc4C#N,c1cccc(c12)[nH]c(c2)C(=O)N[C@@H](CC3CCCCC3)C(=O)N[C@H](C=O)C[C@@H]4CCNC4=O,UP,P0DTD1
CC(C)CC(NC(=O)C(NC(=O)OCc1ccccc1)C(C)C)C(=O)NC(C=O)CC1CCNC1=O,O=C1NCC[C@H]1C[C@@H](C(=O)C(=O)NC2CC2)NC(=O)[C@H](CC(C)C)NC(=O)OCc3ccccc3,UP,P0DTD1
Cc1cccc(CN2CCN(CC2)C(=O)CCl)c1,ClCC(=O)N1CCN(CC1)S(=O)(=O)c2ccc(Cl)cc2,UP,P0DTD1
CC(C)C(NC(=O)OCc1ccccc1)C(=O)NC(Cc1ccccc1)C(=O)NC(C=O)CC1CCNC1=O,CCC[C@H]1CC[C@H](COC(=O)N[C@@H](CC(C)C)C(=O)N[C@@H](C[C@@H]2CCNC2=O)C(O)S(=O)(=O)O)CC1,DOWN,P0DTD1
CC(C)[C@H](NC(=O)OCc1ccccc1)C(=O)N[C@@H](CC1CCCCC1)C(=O)N[C@H](C=O)Cc1ccc[nH]c1=O,CCOC(=O)/C=C/C(CC1CCNC1=O)NC(=O)C(CC(C)C)NC(=O)C(NC(=O)OCc1ccccc1)C(C)OC(C)(C)C,UP,P0DTD1
CCOC(=O)/C=C/C(CC1CCNC1=O)NC(=O)C(CC(C)C)NC(=O)C(NC(=O)OCc1ccccc1)C(C)OC(C)(C)C,COc1cccc2[nH]c(C(=O)N[C@@H](CC(C)C)C(=O)N[C@H](C#N)C[C@@H]3CCNC3=O)cc12,UP,P0DTD1
CC(C)CC(NC(=O)OCc1ccccc1)C(=O)NC(CC1CCNC1=O)C(O)S(=O)(=O)O,c1cccc(c12)[nH]c(c2)C(=O)N[C@@H](Cc3cccc(F)c3)C(=O)N[C@H](C=O)C[C@@H]4CCNC4=O,UP,P0DTD1
CC(C)CC(NC(=O)OC(C)C1CCC(F)(F)CC1)C(=O)NC(C=O)CC1CCNC1=O,c1cccc(c12)[nH]c(c2)C(=O)N[C@@H](CC3CCCCC3)C(=O)N[C@H](C=O)C[C@@H]4CCNC4=O,UP,P0DTD1
CN(C)C/C=C/C(=O)Nc1cc2c(Nc3ccc(F)c(Cl)c3)ncnc2cc1OC1CCOC1,CN(C)C\C=C\C(=O)NCCn1ccc2ncnc(Nc3ccc(Oc4cccc(c4)C(F)(F)F)c(Cl)c3)c12,DOWN,P00533
CC(C)C[C@H](NC(=O)OCc1ccc(F)cc1)C(=O)N[C@@H](C[C@@H]1CCNC1=O)C(O)S(=O)(=O)O,CC(C)C[C@H](NC(=O)OCc1ccccc1F)C(=O)N[C@@H](C[C@@H]1CCNC1=O)C(O)S(=O)(=O)O,UP,P0DTD1
CCOC(=O)C=C[C@H](C[C@@H]1CCNC1=O)NC(=O)[C@@H](NC(=O)[C@@H](NC(=O)OC(C)(C)C)C(C)C)c1ccccc1,O=C1NCC[C@H]1C[C@@H](/C=C/C(=O)C)NC(=O)[C@H](CC(C)C)NC(=O)[C@H](CNC(=O)C(C)(C)C)NC(=O)OCc2ccccc2,DOWN,P0C6X7
CC(C)C[C@H](NC(=O)O[C@@H](Cc1ccccc1)C1CCC(F)(F)CC1)C(=O)N[C@@H](C[C@@H]1CCNC1=O)C(O)S(=O)(=O)O,CC(C)C[C@H](NC(=O)O[C@H]1CC[C@H](c2ccccc2)CC1)C(=O)N[C@@H](C[C@@H]1CCNC1=O)C(O)S(=O)(=O)O,DOWN,P0DTD1
CC(C)C[C@H](NC(=O)OCc1ccccc1)C(=O)N[C@@H](C[C@@H]1CCNC1=O)C(=O)S(=O)(=O)[O-],O=C[C@@H](C[C@@H]1CCNC1=O)NC(=O)[C@H](CC1CC1)NC(=O)OCc1ccccc1,DOWN,P0DTD1
CC(C)C[C@H](NC(=O)OC1CCC(C)(C)CC1)C(=O)N[C@@H](C[C@@H]1CCNC1=O)C(O)S(=O)(=O)O,O=C[C@@H](C[C@@H]1CCNC1=O)NC(=O)[C@H](CC1CC1)NC(=O)OCc1cccc(F)c1,DOWN,P0DTD1
CCOC(=O)/C=C/C(CC1CCNC1=O)NC(=O)C(CC(C)C)NC(=O)C(NC(=O)OCc1ccccc1)C(C)OC(C)(C)C,COc1cccc2[nH]c(C(=O)N[C@@H](CC(C)C)C(=O)N[C@@H](C[C@@H]3CCCNC3=O)C(=O)COC(=O)c3c(C)cc(C)nc3C)cc12,DOWN,P0DTD1
Cc1ccc(cc1)C(=O)N2CCN(CC2)C(=O)CCl,ClCC(=O)N1CCN(CC1)C(=O)c2cccs2,DOWN,P0DTD1
O[C@H]1[C@@H](O)[C@@H](O[C@@H]1COP(O)(O)=O)n1c(I)cc(=O)[nH]c1=O,O[C@H]1[C@@H](O)[C@@H](O[C@@H]1COP(O)(O)=O)n1cc(F)c(=O)[nH]c1=O,UP,P11172
CC(C)C(NC(=O)OCc1ccccc1)C(=O)NC(Cc1ccccc1)C(=O)NC(C=O)CC1CCNC1=O,CC(C)C[C@H](NC(=O)OCc1ccccc1)C(=O)N[C@@H](C[C@@H]1CCNC1=O)[C@H](O)S(=O)(=O)O,DOWN,P0DTD1
CC(C)C[C@H](NC(=O)OCC1CCC(F)(F)CC1)C(=O)N[C@@H](C[C@@H]1CCNC1=O)[C@H](O)S(O)(=O)=O,O=C(N[C@@H](Cc1ccccc1)C(=O)N[C@@H](C[C@@H]1CCNC1=O)C(O)S(=O)(=O)[O-])OCc1ccccc1,UP,P0DTD1
CC(=O)N[C@@H](CC(C)C)C(=O)N[C@@H](CC(C)C)C(=O)N[C@H](C=O)CCCN=C(N)N,CC(C)CC(NC(=O)C1OC1C(=O)O)C(=O)NCCCCNC(N)=[NH2+],DOWN,P20807
CC(=O)OCC1=C(N2[C@H](SC1)[C@H](NC(=O)Cc1cccs1)C2=O)C(O)=O,CO\N=C(\C(=O)N[C@H]1[C@H]2SCC(COC(N)=O)=C(N2C1=O)C(O)=O)c1ccco1,UP,P9WKD3
CCOC(=O)[C@H]1O[C@@H]1C(=O)N[C@@H]([C@@H](C)CC)C(O)=O,c1ccccc1CNC(=O)[C@H]2O[C@@H]2C(=O)N[C@@H]([C@@H](C)CC)C(=O)N3CCC[C@H]3C(=O)OCc4ccccc4,UP,P07688
c1ccccc1COC(=O)N[C@@H](CC(C)C)C(=O)NNC(=O)NNC(=O)c2cccc(c2)OCc3ccccc3,c1ccccc1COC(=O)N[C@@H](CC(C)C)c2nc(cs2)C(=O)NNC(=O)[C@H](CC(C)C)NC(=O)OCc3ccccc3,DOWN,P43235
CC(=O)N[C@H](CC(C)C)C(=O)N[C@@H](C)C(=O)N[C@H](Cc1ccc(O)cc1)C(=O)C1(C)CO1,COc1ccc(C[C@H](NC(=O)[C@H](C)NC(=O)CN2CCOCC2)C(=O)N[C@@H](CC2CCC(C3CCCCC3)CC2)C(=O)[C@@]2(C)CO2)cc1,DOWN,P25043
ClCC(=O)N1CCC(CC1)C(=O)N2CCCCC2,[O-][N+](=O)c1ccccc1N2CCN(CC2)C(=O)CCl,DOWN,P0DTD1
CCC[C@H]1CC[C@H](COC(=O)N[C@@H](CC(C)C)C(=O)N[C@@H](C[C@@H]2CCNC2=O)C(O)S(=O)(=O)O)CC1,O=CC(CC1CCNC1=O)NC(=O)C(Cc1ccccc1)NC(=O)OCc1ccccc1,DOWN,P0DTD1
C[C@@H](N)C(=O)CCC(O)=O,OC(=O)CCCCCC(=O)CCC(O)=O,DOWN,P05373
ClCC(=O)N1CCC(CC1)NC(=O)c2ccccc2,ClCC(=O)N1CCN(CC1)C(=O)c2cccs2,DOWN,P0DTD1
C=C(F)C(=O)Nc1cccc(C)c1Nc1ncc(OCc2c(Cl)c(OC)cc(OC)c2Cl)cn1,COc1cc(OC)c(Cl)c(c1Cl)COc2cnc(nc2)Nc3c(NC(=O)C=C)cccc3C,UP,P22455
CCOC(=O)/C=C/C(CC1CCNC1=O)NC(=O)C(CC(C)C)NC(=O)C(NC(=O)OCc1ccccc1)C(C)OC(C)(C)C,Cc1onc(c1)C(=O)N[C@@H](C)C(=O)N[C@@H](C(C)C)C(=O)N[C@@H](CC(C)C)C(=O)N[C@@H](C[C@@H]2CCNC2=O)/C=C\C(=O)OCc3ccccc3,DOWN,P0DTD1
NC(=N)NCCC[C@H](NC(=O)[C@@H]1CCN2CC[C@@](N)(Cc3ccccc3)C(=O)N12)C(=O)C(=O)NCCc1ccccc1,NC(=N)NCCC[C@H](NC(=O)[C@@H]1CCN2CC[C@@](N)(Cc3ccccc3)C(=O)N12)C(=O)c1nccs1,DOWN,P00734
COc1cccc(c12)[nH]c(c2)C(=O)N[C@@H](CC(C)C)C(=O)N[C@@H](C[C@@H]3CCNC3=O)C(=O)COC(=O)c4ccccc4C#N,COc1cccc2[nH]c(C(=O)N[C@@H](CC(C)C)C(=O)N[C@H](C#N)C[C@@H]3CCNC3=O)cc12,UP,P0DTD1
COc1cc(OC)c(Cl)c(c1Cl)COc2cnc(nc2)Nc3c(NC(=O)C=C)cc(Cl)cc3Cl,COc1cc(cc(c1)OC)CCc2cc([nH]n2)NC(=O)c3ccccc3NC(=O)C=C,DOWN,P22455
ClCC(=O)N1CCN(CC1)S(=O)(=O)c2ccc(Cl)cc2,[O-][N+](=O)c1ccccc1N2CCN(CC2)C(=O)CCl,DOWN,P0DTD1
CC(C)(C)OC(=O)Nc1cccn(C(CC2CC2)C(=O)NC(CC2CCNC2=O)C(=O)C(=O)NCc2ccccc2)c1=O,O=C[C@@H](C[C@@H]1CCNC1=O)NC(=O)[C@H](CC1CC1)NC(=O)OCc1cccc(F)c1,DOWN,P0DTD1
Cc1ccccc1CN1CCCN(CC1)C(=O)CCl,ClCC(=O)N1CCN(CC1)S(=O)(=O)c2ccc(Cl)s2,UP,P0DTD1
CC(C)C[C@H](NC(=O)OC[C@@H]1C[C@H]2C=CC[C@H](C2)C1)C(=O)N[C@@H](C[C@@H]1CCNC1=O)C(=O)S(=O)(=O)O,Cc1onc(c1)C(=O)N[C@@H](C)C(=O)N[C@@H](C(C)C)C(=O)N[C@@H](CC(C)C)C(=O)N[C@@H](C[C@@H]2CCNC2=O)/C=C\C(=O)OCc3ccccc3,DOWN,P0DTD1
Cc1ccc(cc1)C(=O)N2CCN(CC2)C(=O)CCl,Fc1ccc(cc1)[C@H]2CN(CCO2)C(=O)CCl,DOWN,P0DTD1
COc1cc(OC)c(Cl)c(c1Cl)-c(c2)ccc(c23)nc(nc3)Nc4c(C)cccc4NC(=O)C=C,COc1cc(OC)c(Cl)c(c1Cl)COc2cnc(nc2)Nc3c(NC(=O)C=C)cccc3C,UP,P22455
CNCCCCNC(=O)N1CC[C@@H]2[C@H]1C(=O)N2S(O)(=O)=O,NCCN1CCC[C@@H](CC1)NC(=O)N1CC[C@@H]2[C@H]1C(=O)N2S(O)(=O)=O,UP,P24735
C.CC(C)C.NC(Cc1ccccc1)C(=O)NC(C=O)CC1CCNC1=O.O=COCc1ccccc1,COc1cccc2[nH]c(C(=O)N[C@@H](CC(C)C)C(=O)N[C@H](C=O)C[C@@H]3CCNC3=O)cc12,DOWN,P0DTD1
COc1cc(OC)c(Cl)c(c1Cl)COc2cnc(nc2)Nc3c(NC(=O)C=C)cc(F)cc3Cl,COc1cc(OC)c(Cl)c(c1Cl)COc2cnc(nc2)Nc3c(NC(=O)C=C)cccc3F,UP,P22455
CC(C)C[C@H](NC(=O)OCc1ccccc1)C(=O)N[C@@H](C[C@@H]1CCNC1=O)C(=O)C(=O)NCc1ccccc1,Cc1onc(c1)C(=O)N[C@@H](C)C(=O)N[C@@H](C(C)C)C(=O)N[C@@H](CC(C)C)C(=O)N[C@@H](C[C@@H]2CCNC2=O)/C=C\C(=O)OCc3ccccc3,DOWN,P0DTD1
CC(C)(C)OC(=O)Nc1cccn(C(CC2CC2)C(=O)NC(CC2CCNC2=O)C(=O)C(=O)NCc2ccccc2)c1=O,O=C1NCC[C@H]1C[C@@H](/C=C/C(=O)OCC)NC(=O)[C@H](CC(C)C)NC(=O)[C@H]([C@@H](C)OC(C)(C)C)NC(=O)OCc2ccccc2,UP,P0DTD1
OS(=O)(=O)ON1[C@H]2CN([C@@H](CC2)C#N)C1=O,OS(=O)(=O)ON1[C@H]2CN([C@@H](CC2)C(=O)NNC(=O)[C@@H]2CCCNC2)C1=O,UP,Q9F663
CC(C)CC(NC(=O)OCc1ccc(F)cc1)C(=O)NC(CC1CCNC1=O)C(O)S(=O)(=O)O,CC(C)C[C@H](NC(=O)OCc1ccccc1)C(=O)N[C@@H](C[C@@H]1CCNC1=O)[C@@H](O)S(O)(=O)=O,UP,P0DTD1
CC(C)(C)[C@H](NC(=O)C(F)(F)F)C(=O)N1C[C@H]2[C@@H]([C@H]1C(=O)N[C@H](C#N)C[C@@H]1CCNC1=O)C2(C)C,CC(C)[C@H](NS(C)(=O)=O)C(=O)N1C[C@H]2[C@@H]([C@H]1C(=O)N[C@@H](C[C@@H]1CCNC1=O)C(=O)c1nc3ccccc3s1)C2(C)C,DOWN,P0DTD1
CC(C)C[C@H](NC(=O)OCc1ccccc1F)C(=O)N[C@@H](C[C@@H]1CCNC1=O)C(O)S(=O)(=O)O,COc1cccc2[nH]c(C(=O)N[C@@H](CC(C)C)C(=O)N[C@H](C#N)C[C@@H]3CCNC3=O)cc12,UP,P0DTD1
C=CC(=O)N(c1ccc(C(C)(C)C)cc1)C(C(=O)NCC)c1cccnc1,C=CC(=O)N(c1ccc(C(C)(C)C)cc1)C(C(=O)NCCC(=O)OCC)c1cccnc1,DOWN,P0DTD1
CC(C)C[C@H](NC(=O)OC[C@H]1C[C@H]2CCC[C@H](C2)C1)C(=O)N[C@H](C=O)C[C@@H]1CCNC1=O,CC(C)C[C@H](NC(=O)OC[C@H]1C[C@H]2CC[C@@H]1C2)C(=O)N[C@@H](C[C@@H]1CCNC1=O)C(O)S(=O)(=O)O,UP,P0DTD1
CC(C)CC(NC(=O)OCc1ccc(F)cc1)C(=O)NC(CC1CCNC1=O)C(O)S(=O)(=O)O,CC(C)C[C@H](NC(=O)OC[C@H]1C[C@H]2CC[C@@H]1C2)C(=O)N[C@@H](C[C@@H]1CCNC1=O)C(O)S(=O)(=O)O,UP,P0DTD1
CCOC(=O)C=C[C@H](C[C@@H]1CCNC1=O)NC(=O)[C@@H](NC(=O)[C@@H](NC(=O)OC(C)(C)C)C(C)C)c1ccccc1,O=C(/C=C/c1ccccc1)NC(Cc1ccccc1)C(=O)NC(CC1CCNC1=O)C(=O)C(=O)NCc1ccccc1,UP,P0C6X7
C=CC(=O)Nc1ccc(OC)c(Nc2cc(-c3[nH]c(CCCO)nc3-c3ccc(F)cc3)ccn2)c1,COCCSc1nc(-c2ccc(F)cc2)c([nH]1)-c3ccnc(c3)Nc4cc(NC(=O)C=C)ccc4OC,DOWN,P00533
ClCC(=O)N1CCN(Cc2cccc(Cl)c2)CC1,Fc1ccccc1S(=O)(=O)N2CCN(CC2)C(=O)CCl,UP,P0DTD1
CCCOC(=O)N1CCN(C(=O)c2ccc3c(Cl)cc(-c4ccccc4)nc3c2)CC1,CCCOC(=O)N1CCN([C@@H](C)C1)C(=O)c1ccc2c(Cl)c3CC[C@@H](CN)Cc3nc2c1,UP,Q9H7B4
CC(C)C[C@H](NC(=O)OC[C@H]1C[C@H]2CC[C@@H]1C2)C(=O)N[C@@H](C[C@@H]1CCNC1=O)C(O)S(=O)(=O)O,CCC[C@H]1CC[C@H](COC(=O)N[C@@H](CC(C)C)C(=O)N[C@@H](C[C@@H]2CCNC2=O)C(O)S(=O)(=O)O)CC1,DOWN,P0DTD1
ClCC(=O)N1CCN(CC1)C(=O)c2cccs2,Fc1cccc(F)c1S(=O)(=O)N2CCN(CC2)C(=O)CCl,UP,P0DTD1
O=C1NCC[C@H]1C[C@@H](/C=C/C(=O)OCC)NC(=O)[C@H](Cc2ccccc2)NC(=O)[C@H](CC(=O)OC(C)(C)C)NC(=O)OCc3ccccc3,O=C1NCC[C@H]1C[C@@H](/C=C/C(=O)OCC)NC(=O)[C@H](Cc2ccccc2)NC(=O)[C@H](CCC(=O)OC(C)(C)C)NC(=O)OCc3ccccc3,DOWN,P0C6X7
C[C@@H](N)C(=O)CCC(O)=O,OCC(=O)CCC(O)=O,DOWN,P05373
CC(C)C[C@H](NC(=O)OC[C@@H]1C[C@H]2C=CC[C@H](C2)C1)C(=O)N[C@@H](C[C@@H]1CCNC1=O)C(=O)S(=O)(=O)O,CC(C)C[C@H](NC(=O)OCc1ccccc1)C(=O)N[C@@H](C[C@@H]1CCNC1=O)[C@@H](O)S(O)(=O)=O,UP,P0DTD1
CCOC(=O)C=C[C@H](C[C@@H]1CCNC1=O)NC(=O)[C@@H](NC(=O)[C@@H](NC(=O)OC(C)(C)C)C(C)C)c1ccccc1,O=C1NCC[C@H]1C[C@@H](/C=C/C(=O)OCC)NC(=O)[C@H](CC=C(C)C)CC(=O)[C@H](C(C)C)NC(=O)c2cc(on2)C,DOWN,P0C6X7
O=C[C@@H](C[C@@H]1CCNC1=O)NC(=O)[C@H](CC1CC1)NC(=O)OCc1cccc(F)c1,O=C[C@@H](C[C@@H]1CCNC1=O)NC(=O)[C@H](CC1CC1)NC(=O)OCc1ccccc1,UP,P0DTD1
CC(C)C[C@H](NC(=O)OCc1ccc(F)cc1)C(=O)N[C@@H](C[C@@H]1CCNC1=O)C(O)S(=O)(=O)O,O=C[C@@H](C[C@@H]1CCNC1=O)NC(=O)[C@H](CC1CC1)NC(=O)OCc1ccccc1,DOWN,P0DTD1
CC(C)C[C@H](NC(=O)OCc1ccccc1)C(=O)N[C@@H](C[C@@H]1CCNC1=O)[C@@H](O)S(O)(=O)=O,COc1cccc2[nH]c(C(=O)N[C@@H](CC(C)C)C(=O)N[C@@H](C[C@@H]3CCCNC3=O)C(=O)COC(=O)c3c(C)cc(C)nc3C)cc12,DOWN,P0DTD1
CC(C)C[C@H](NC(=O)OCc1cccc(F)c1)C(=O)N[C@@H](C[C@@H]1CCNC1=O)C(O)S(=O)(=O)O,COc1cccc2[nH]c(C(=O)N[C@@H](CC(C)C)C(=O)N[C@H](C#N)C[C@@H]3CCNC3=O)cc12,UP,P0DTD1
CCC[C@H]1CC[C@H](OC(=O)N[C@@H](CC(C)C)C(=O)N[C@@H](C[C@@H]2CCNC2=O)C(O)S(=O)(=O)O)CC1,O=C[C@@H](C[C@@H]1CCNC1=O)NC(=O)[C@H](CC1CC1)NC(=O)OCc1cccc(F)c1,DOWN,P0DTD1
Cc1ccc(cc1)S(=O)(=O)N2CCN(CC2)C(=O)CCl,ClCC(=O)N1CCN(Cc2cccc(Cl)c2)CC1,DOWN,P0DTD1
CC(C)(C)[C@H](NC(=O)C(F)(F)F)C(=O)N1C[C@H]2[C@@H]([C@H]1C(=O)N[C@H](C#N)C[C@@H]1CCNC1=O)C2(C)C,COc1cccc2[nH]c(C(=O)N[C@@H](CC(C)C)C(=O)N[C@H](C#N)C[C@@H]3CCNC3=O)cc12,UP,P0DTD1
COc1ccc(cc1)N2CCN(CC2)C(=O)CCl,Cc1ccc(cc1)S(=O)(=O)N2CCN(CC2)C(=O)CCl,UP,P0DTD1
N=C(N)NCCC[C@H](N)C(=O)C(N)=O,N=C(N)NCCC[C@H](NC(=O)[C@@H]1CCCN1C(=O)[C@@H](N)Cc1ccccc1)C(=O)CCl,DOWN,P00734
CC(C)C[C@H](NC(=O)OCc1ccccc1)C(=O)N[C@@H](C[C@@H]1CCNC1=O)C(=O)C(=O)NCc1ccccc1,c1cccc(c12)[nH]c(c2)C(=O)N[C@@H](CC3CCCCC3)C(=O)N[C@H](C=O)C[C@@H]4CCNC4=O,UP,P0DTD1
CC(C)C[C@H](NC(=O)O[C@@H](Cc1ccccc1)C1CCC(F)(F)CC1)C(=O)N[C@@H](C[C@@H]1CCNC1=O)C(O)S(=O)(=O)O,O=C[C@@H](C[C@@H]1CCNC1=O)NC(=O)[C@H](CC1CC1)NC(=O)OCc1ccccc1,DOWN,P0DTD1
C=CC(=O)N1CCN(CC1)c1ncnc2CN(CCc12)c1cccc2ccccc12,CN(C)C(=O)CCNc1nc(N2CCN(CC2)C(=O)C=C)c2cc(Cl)c(cc2n1)-c1ccccc1F,DOWN,P01116
O=C(NNC(=O)C1CCC2CN1C(=O)N2)C1CCCNC1,OS(=O)(=O)ON1[C@H]2CN([C@@H](CC2)C(=O)NNC(=O)[C@@H]2CCNC2)C1=O,UP,Q9F663
CC(=O)N1CCN(CC1)C(=O)CCl,COc1ccc(cn1)NC(=O)C2CCN(CC2)C(=O)CCl,DOWN,P0DTD1
CC(C)CC(NC(=O)OCc1ccccc1)C(=O)NC(CC1CCNC1=O)C(O)S(=O)(=O)O,COc1cccc(c12)[nH]c(c2)C(=O)N[C@@H](CC(C)C)C(=O)N[C@@H](C[C@@H]3CCNC3=O)C(=O)c(s4)nc(c45)cccc5,UP,P0DTD1
OS(=O)(=O)ON1[C@H]2CN([C@@H](CC2)C#N)C1=O,[C@@H]12CC[C@@H](C(=O)N)N(C1)C(=O)N2OS([O-])(=O)=O,UP,Q9F663
CC(C)CC(NC(=O)c1cc2cc(OCCN3CCOCC3)ccc2o1)C(=O)NC1CCCN(C(=O)Cc2cccc(-c3ccccn3)c2)CC1=O,c1ccccc1COC(=O)N[C@@H](CC(C)C)CN2C[C@H](C(=O)C2)NC(=O)[C@H](CC(C)C)NC(=O)OCc3ccncc3,DOWN,P43235
COc1cccc2[nH]c(C(=O)N[C@@H](CC(C)C)C(=O)N[C@H](C#N)C[C@@H]3CCNC3=O)cc12,c1cccc(c12)[nH]c(c2)C(=O)N[C@@H](CC3CCCCC3)C(=O)N[C@H](C=O)C[C@@H]4CCNC4=O,UP,P0DTD1
CC(C)C[C@H](NC(=O)OCc1ccccc1)C(=O)N[C@@H](C[C@@H]1CCNC1=O)C(O)S(=O)(=O)O,COc1cccc(c12)[nH]c(c2)C(=O)N[C@@H](CC(C)C)C(=O)N[C@@H](C[C@@H]3CCNC3=O)C(=O)COC(=O)c4ccccc4C#N,DOWN,P0C6U8
CC(=O)N[C@@H](CC(C)C)C(=O)N[C@@H](CC(C)C)C(=O)N[C@H](C=O)CCCN=C(N)N,CC(C)CC(NC(=O)OC(C)C1CCC(F)(F)CC1)C(=O)NC(C=O)CC1CCNC1=O,UP,P0DTD1
CC(C)C[C@H](NC(=O)O[C@@H](Cc1ccccc1)C1CCC(F)(F)CC1)C(=O)N[C@@H](C[C@@H]1CCNC1=O)C(O)S(=O)(=O)O,c1cccc(c12)[nH]c(c2)C(=O)N[C@@H](Cc3cccc(F)c3)C(=O)N[C@H](C=O)C[C@@H]4CCNC4=O,UP,P0DTD1
ClCC(=O)N1CCN(CC1)C(=O)c2cccs2,ClCC(=O)N1CCN(CC1)S(=O)(=O)c2ccc(Cl)cc2,UP,P0DTD1
CC(C)C[C@H](NC(=O)OC[C@@H]1C[C@H]2C=CC[C@H](C2)C1)C(=O)N[C@@H](C[C@@H]1CCNC1=O)C(=O)S(=O)(=O)O,O=C[C@@H](C[C@@H]1CCNC1=O)NC(=O)[C@H](CC1CC1)NC(=O)OCc1ccccc1,DOWN,P0DTD1
O=C(NNC(=O)C1CCC2CN1C(=O)N2)C1CCNC1,OS(=O)(=O)ON1[C@H]2CN([C@@H](CC2)C(=O)NNC(=O)[C@@H]2CCCNC2)C1=O,UP,Q9F663
c12cn(nn1)CCNC(=O)CC[C@@H](C=O)NC(=O)[C@H](CC(C)C)NC(=O)[C@H](C2)NC(=O)OCc3ccccc3,c12cn(nn2)CCCNC(=O)CC[C@@H](C=O)NC(=O)[C@H](CC3CCCCC3)NC(=O)[C@H](C1)NC(=O)OCc4ccccc4,DOWN,Q83883
C=CC(=O)N1CCC(c2ccc(-c3nc(Nc4cc(C)[nH]n4)cc(N4CCN(C)CC4)n3)cc2)CC1,C=CC(=O)Nc1ccc(CCc2nc(Nc3cc(C)[nH]n3)cc(N3CCN(C)CC3)n2)cc1,UP,P21802
C=CC(=O)Nc1cc(-c2c[nH]c3ncnc(Nc4ccc(OCc5ccccn5)c(Cl)c4)c23)ccc1OCCO,C=CC(=O)Nc1cccc(-c2c[nH]c3ncnc(Nc4ccc5c(cnn5Cc5ccccc5)c4)c23)c1,DOWN,P00533
CC(C)(C)c1oc(nn1)C(=O)[C@H](C(C)C)NC(=O)Cn2c(=O)c(N)cnc2-c3ccccc3,FC(F)(F)C(=O)[C@H](C(C)C)NC(=O)Cn1c(-c2ccccc2)ccc(c1=O)NS(=O)(=O)NC,UP,P00772
CC(C)CC(NC(=O)C(NC(=O)OCc1ccccc1)C(C)C)C(=O)NC(C=O)CC1CCNC1=O,O=C1NCC[C@H]1C[C@@H](/C=C/C(=O)OCC)NC(=O)[C@H](CC(C)C)NC(=O)[C@H]([C@@H](C)OC(C)(C)C)NC(=O)OCc2ccccc2,UP,P0DTD1
ClCC(=O)Nc1cccc(c1)C(=O)N2CCSCC2,ClCC(=O)Nc1cccnc1Cl,UP,P0DTD1
CC(C)C[C@H](NC(=O)OCc1ccccc1)C(=O)N[C@H](C=O)C[C@@H]1CCNC1=O,CCOC(=O)C=C[C@H](C[C@@H]1CCNC1=O)NC(=O)[C@@H](NC(=O)[C@@H](NC(=O)OC(C)(C)C)C(C)C)c1ccccc1,DOWN,P0C6X7
CC(C)CC(NC(=O)OCc1ccc(F)cc1)C(=O)NC(CC1CCNC1=O)C(O)S(=O)(=O)O,COc1cccc2[nH]c(C(=O)N[C@@H](CC(C)C)C(=O)N[C@@H](C[C@@H]3CCCNC3=O)C(=O)COC(=O)c3c(C)cc(C)nc3C)cc12,DOWN,P0DTD1
COc1cc(OC)c(Cl)c(c1Cl)-c(c2)ccc(c23)nc(nc3)Nc4c(C)cccc4NC(=O)C=C,Cc1cccc(NC(=O)C=C)c1Nc2cc(ncn2)-c3cccnc3Nc4c(Cl)c(OC)cc(c4Cl)OC,DOWN,P22455
C=CC(=O)N(c1ccc(C(C)(C)C)cc1)C(C(=O)NCC)c1cccnc1,C=CC(=O)N(c1ccc(C(C)(C)C)cc1)C(C(=O)NCCCOC)c1cccnc1,UP,P0DTD1
C=CC(=O)Nc1ccc2ncnc(Nc3cccc(Br)c3)c2c1,CN(C)C/C=C/C(=O)Nc1cc2c(Nc3ccc(F)c(Cl)c3)ncnc2cc1OC1CCOC1,DOWN,P00533
CC(C)C[C@H](NC(=O)OC[C@H]1C[C@H]2CCC[C@H](C2)C1)C(=O)N[C@@H](C[C@@H]1CCNC1=O)C(O)S(=O)(=O)O,COc1cccc2[nH]c(C(=O)N[C@@H](CC(C)C)C(=O)N[C@@H](C[C@@H]3CCCNC3=O)C(=O)COC(=O)c3c(C)cc(C)nc3C)cc12,DOWN,P0DTD1
C=CC(=O)Nc1cc(-c2c[nH]c3ncnc(Nc4ccc(CN5C(=O)c6ccccc6C5=O)cc4)c23)ccc1OCCO,C=CC(=O)Nc1cccc(-c2c[nH]c3ncnc(Nc4ccc5c(cnn5Cc5ccccc5)c4)c23)c1,DOWN,P00533
CC(C)C[C@H](NC(=O)OCc1ccccc1)C(=O)N[C@@H](C[C@@H]1CCNC1=O)C(=O)C(=O)NCc1ccccc1,CC(C)C[C@H](NC(=O)OCc1ccccc1F)C(=O)N[C@@H](C[C@@H]1CCNC1=O)C(O)S(=O)(=O)O,UP,P0DTD1
CC(C)C[C@H](NC(=O)[C@H](CCc1ccccc1)NC(=O)CN1CCOCC1)C(=O)N[C@@H](Cc1ccccc1)C(=O)N[C@@H](CC(C)C)C(=O)[C@@]1(C)CO1,CC(C)C[C@H](NC(=O)[C@H](Cc1ccccc1)N=[N+]=[N-])C(=O)N[C@@H](CO)C(=O)N[C@H](C=CS(C)(=O)=O)Cc1ccc(CN)cc1,UP,P25043
CO[C@]1(NC(=O)Cc2cccs2)[C@H]2SCC(COC(N)=O)=C(N2C1=O)C(O)=O,CO\N=C(\C(=O)N[C@H]1[C@H]2SCC(COC(C)=O)=C(N2C1=O)C(O)=O)c1csc(N)n1,UP,P00808
CC(C)C[C@H](NC(=O)OCc1cccc(F)c1)C(=O)N[C@@H](C[C@@H]1CCNC1=O)C(O)S(=O)(=O)O,Cc1onc(c1)C(=O)N[C@@H](C)C(=O)N[C@@H](C(C)C)C(=O)N[C@@H](CC(C)C)C(=O)N[C@@H](C[C@@H]2CCNC2=O)/C=C\C(=O)OCc3ccccc3,DOWN,P0DTD1
C=CC(=O)N1CCN(CC1)c1ncnc2CN(CCc12)c1cccc2ccccc12,Fc1cccc(O)c1-c(c2)c(Cl)cc(c23)c(N4CCN(CC4)C(=O)C=C)nc(=O)n3-c5ccccc5C(C)C,UP,P01116
OC(=O)CC[C@@H](Cn1c(=O)n2[C@H]3CCCCC3=C[C@@H](C(=O)N[C@@H](CC(O)=O)C(=O)COC(=O)c3c(Cl)cccc3Cl)n2c1=O)NC(=O)Cc1ccccc1,OC(=O)C[C@H](NC(=O)c1ccc(CNS(=O)(=O)c2ccc(O)c(c2)C([O-])=O)cc1)C(=O)COC(=O)c1c(Cl)cccc1Cl,DOWN,P42574
ClCC(=O)N1CCN(CC1)S(=O)(=O)c2ccc(Cl)cc2,ClCC(=O)N1CCN(CC1)S(=O)(=O)c2ccccc2C#N,DOWN,P0DTD1
CC(C)C[C@H](NC(=O)OC[C@H]1C[C@H]2CC[C@@H]1C2)C(=O)N[C@@H](C[C@@H]1CCNC1=O)C(O)S(=O)(=O)O,CC(C)C[C@H](NC(=O)OCc1c(F)c(F)c(F)c(F)c1F)C(=O)N[C@@H](C[C@@H]1CCNC1=O)C(O)S(=O)(=O)O,DOWN,P0DTD1
CNC(=O)COC(=O)/C=C/CNC(=O)c(c(=O)[nH]1)cc(c12)CCCC2,COC(=O)/C=C/CNC(=O)c(c(=O)[nH]1)cc(c12)CCCC2,DOWN,Q96EP0
COc1cccc2[nH]c(C(=O)N[C@@H](CC(C)C)C(=O)N[C@H](C=O)C[C@@H]3CCNC3=O)cc12,O=C[C@@H](C[C@@H]1CCNC1=O)NC(=O)[C@H](CC1CC1)NC(=O)OCc1ccccc1,DOWN,P0DTD1
NC(=O)C1CCC2CN1C(=O)N2OS(=O)(=O)O,OS(=O)(=O)ON1[C@H]2CN([C@@H](CC2)C(=O)NO[C@H]2CCNC2)C1=O,UP,Q6XEC0
CC(C)C[C@H](NC(=O)OCc1ccccc1)C(=O)N[C@@H](C[C@@H]1CCNC1=O)C(=O)S(=O)(=O)[O-],O=C[C@@H](C[C@@H]1CCNC1=O)NC(=O)[C@H](CC1CC1)NC(=O)OCc1cccc(F)c1,DOWN,P0DTD1
O=C1NCC[C@H]1C[C@@H](/C=C/C(=O)C)NC(=O)[C@H](CC(C)C)NC(=O)[C@H](CNC(=O)C(C)(C)C)NC(=O)OCc2ccccc2,O=C1NCC[C@H]1C[C@@H](/C=C/C(=O)OCC)NC(=O)[C@H](Cc2ccccc2)NC(=O)[C@H](COC(C)(C)C)NC(=O)OCc3ccccc3,UP,P0C6X7
CC(=O)OCC1=C(N2[C@H](SC1)[C@H](NC(=O)CCC[C@@H](N)C(O)=O)C2=O)C(O)=O,CC(=O)OCC1=C(N2[C@H](SC1)[C@H](NC(=O)Cc1cccs1)C2=O)C(O)=O,DOWN,P15555
C=CC(=O)N1CCC(CC1)[C@@H]2CCNc(n23)c(C(=O)N)c(n3)-c4ccc(cc4)Oc5ccccc5,C=CC(=O)N1CCC[C@H](c2cnc(Oc3ccc(Oc4ccccc4)cc3)c(C(N)=O)c2)C1,DOWN,Q06187
O=C1NCC[C@H]1C[C@@H](/C=C/C(=O)OCC)NC(=O)[C@H](Cc2ccccc2)NC(=O)[C@H](CCC(=O)OC(C)(C)C)NC(=O)OCc3ccccc3,O=C1NCC[C@H]1C[C@@H](/C=C/C(=O)OCC)NC(=O)[C@H](Cc2ccccc2)NC(=O)[C@H](COC(C)(C)C)NC(=O)OCc3ccccc3,DOWN,A1E4A3
O=C1NCC[C@H]1C[C@@H](C(=O)C(=O)NC2CC2)NC(=O)[C@H](CC(C)C)NC(=O)OCc3ccccc3,O=CC(CC1CCNC1=O)NC(=O)C1C2CCCC2CN1C(=O)OCc1ccccc1,UP,P0DTD1
CC(C)CC(NC(=O)OCc1ccccc1)C(=O)NC(CC1CCNC1=O)C(O)S(=O)(=O)O,COc1cccc2[nH]c(C(=O)N[C@@H](CC(C)C)C(=O)N[C@@H](C[C@@H]3CCCNC3=O)C(=O)COC(=O)c3c(C)cc(C)nc3C)cc12,DOWN,P0DTD1
CC(C)C[C@H](NC(=O)OCc1ccccc1)C(=O)N[C@@H](C[C@@H]1CCNC1=O)C(=O)C(=O)NCc1ccccc1,CC(C)C[C@H](NC(=O)OCc1ccccc1)C(=O)N[C@@H](C[C@@H]1CCNC1=O)[C@@H](O)S(O)(=O)=O,UP,P0DTD1
C=CC(=O)N1CCC(CC1)[C@@H]2CCNc(n23)c(C(=O)N)c(n3)-c4ccc(cc4)Oc5ccccc5,C=CC(=O)N1C[C@@H](CCC1)n2nc(c(c23)c(N)ncn3)-c4ccc(cc4)Oc5ccccc5,UP,Q06187
CC(C)CC(NC(=O)OCc1ccc(F)cc1)C(=O)NC(CC1CCNC1=O)C(O)S(=O)(=O)O,CCOC(=O)/C=C/C(CC1CCNC1=O)NC(=O)C(CC(C)C)NC(=O)C(NC(=O)OCc1ccccc1)C(C)OC(C)(C)C,UP,P0DTD1
CC(C)C[C@H](NC(=O)OC[C@H]1C[C@H]2C=CC[C@H](C2)C1)C(=O)N[C@@H](C[C@@H]1CCNC1=O)C(=O)S(=O)(=O)O,O=C(N[C@@H](Cc1ccccc1)C(=O)N[C@@H](C[C@@H]1CCNC1=O)C(O)S(=O)(=O)[O-])OCc1ccccc1,UP,P0DTD1
Fc1cccc(F)c1S(=O)(=O)N2CCN(CC2)C(=O)CCl,Oc1ccccc1NC(=O)C2CCN(CC2)C(=O)CCl,DOWN,P0DTD1
CC1(C)CN=C2N(C1)c1ccc(cc1C2=O)S(=O)(=O)N1CCC[C@H]1COc1ccccc1,CN1C(=O)C(=O)c2cc(S(=O)(=O)N3CCCC3COc3ccccc3)ccc21,DOWN,P42574
O=C(/C=C/c1ccccc1)NC(Cc1ccccc1)C(=O)NC(CC1CCNC1=O)C(=O)C(=O)NCc1ccccc1,O=C1NCC[C@H]1C[C@@H](/C=C/C(=O)OCC)NC(=O)[C@H](CC(C)C)NC(=O)[C@H](C(C)C)NC(=O)[C@H](C(C)C)NC(=O)c2ccoc2,UP,P0C6X7
ClCC(=O)N1CCN(CC1)S(=O)(=O)c2ccc(Cl)s2,ClCC(=O)N1CCN(Cc2ccc(Cl)s2)CC1,DOWN,P0DTD1
CC(C)C(NC(=O)OCc1ccccc1)C(=O)NC(Cc1ccccc1)C(=O)NC(C=O)CC1CCNC1=O,COc1cccc(c12)[nH]c(c2)C(=O)N[C@@H](CC(C)C)C(=O)N[C@@H](C[C@@H]3CCNC3=O)C(=O)c(s4)nc(c45)cccc5,DOWN,P0DTD1
CC(C)C[C@H](NC(=O)OCc1ccccc1)C(=O)N[C@@H](C[C@@H]1CCNC1=O)C(=O)S(=O)(=O)[O-],O=C(N[C@@H](Cc1ccccc1)C(=O)N[C@@H](C[C@@H]1CCNC1=O)C(O)S(=O)(=O)[O-])OCc1ccccc1,UP,P0DTD1
ClCC(=O)N1CCN(CC1)S(=O)(=O)c2ccc(Cl)s2,Fc1ccc(cc1)[C@H]2CN(CCO2)C(=O)CCl,DOWN,P0DTD1
OS(=O)(=O)N1[C@@H]2CCN([C@@H]2C1=O)C(=O)N[C@H]1CCCNCC1,OS(=O)(=O)ON1[C@H]2CN([C@@H](CC2)C(=O)NC2CCNCC2)C1=O,UP,P24735
CC(C)C[C@H](NC(=O)OC[C@H]1C[C@H]2C=CC[C@H](C2)C1)C(=O)N[C@@H](C[C@@H]1CCNC1=O)C(=O)S(=O)(=O)O,O=C[C@@H](C[C@@H]1CCNC1=O)NC(=O)[C@H](CC1CC1)NC(=O)OCc1cccc(F)c1,DOWN,P0DTD1
O=C(/C=C/c1ccccc1)NC(CC1CC1)C(=O)NC(CC1CCNC1=O)C(=O)C(=O)NCc1ccccc1,O=C1NCC[C@H]1C[C@@H](/C=C/C(=O)OCC)NC(=O)[C@H](Cc2ccccc2)NC(=O)[C@H](CCC(=O)OC(C)(C)C)NC(=O)OCc3ccccc3,DOWN,P0C6X7
OS(=O)(=O)ON1[C@H]2CN([C@@H](CC2)C(=O)NC2CCNCC2)C1=O,[C@@H]12CC[C@@H](C(=O)N)N(C1)C(=O)N2OS([O-])(=O)=O,UP,Q9F663
COc1ccc(OCCCS(=O)(=O)N[C@@H](CC2CCCCC2)C(=O)N[C@@H](C[C@@H]2CCNC2=O)[C@H](O)S(O)(=O)=O)cc1,O[C@@H]([C@H](C[C@@H]1CCNC1=O)NC(=O)[C@@H](CC1CCCCC1)NC(=O)OCc1ccccc1)S(O)(=O)=O,DOWN,Q83883
COc1cccc2[nH]c(C(=O)N3C[C@H]4[C@@H]([C@H]3C(=O)N[C@@H](C[C@@H]3CCNC3=O)C(=O)c3nc5ccccc5s3)C4(C)C)cc12,COc1cccc2[nH]c(C(=O)N[C@@H](CC(C)C)C(=O)N[C@@H](C[C@@H]3CCCNC3=O)C(=O)COC(=O)c3c(C)cc(C)nc3C)cc12,DOWN,P0DTD1
CC(C)C[C@H](NC(=O)OCC1CCC(F)(F)CC1)C(=O)N[C@@H](C[C@@H]1CCNC1=O)[C@H](O)S(O)(=O)=O,CC(C)C[C@H](NC(=O)OCc1ccc(F)cc1)C(=O)N[C@@H](C[C@@H]1CCNC1=O)C(O)S(=O)(=O)O,DOWN,P0DTD1
Cc1ccc(C)c(c1)S(=O)(=O)N2CCN(CC2)C(=O)CCl,Fc1ccccc1S(=O)(=O)N2CCN(CC2)C(=O)CCl,UP,P0DTD1
ClCC(=O)N1CCN(Cc2cccs2)CC1,Fc1cccc(F)c1S(=O)(=O)N2CCN(CC2)C(=O)CCl,UP,P0DTD1
CC(C)C[C@H](NC(=O)OCc1ccccc1F)C(=O)N[C@@H](C[C@@H]1CCNC1=O)C(O)S(=O)(=O)O,O=C1NCC[C@H]1C[C@@H](C(=O)C(=O)NC2CC2)NC(=O)[C@H](CC(C)C)NC(=O)OCc3ccccc3,DOWN,P0DTD1
O=C1NCC[C@H]1C[C@@H](/C=C/C(=O)OCC)NC(=O)[C@H](Cc2ccccc2)NC(=O)OCc3ccccc3,O=C1NCC[C@H]1C[C@@H](/C=C/C(=O)OCC)NC(=O)[C@H](Cc2ccccc2)NC(=O)[C@H](CCC(=O)OC(C)(C)C)NC(=O)OCc3ccccc3,DOWN,P0C6X7
C=CC(=O)N(c1ccc(C(C)(C)C)cc1)C(C(=O)NC1CCOCC1)c1cccnc1,COc1ccc(c(C)c1)NC(=O)[C@H](N(C(=O)C=C)c2cc(on2)C(C)(C)C)c3cccnc3,DOWN,P0DTD1
CC(C)C[C@H](NC(=O)OC1CCC(C)(C)CC1)C(=O)N[C@@H](C[C@@H]1CCNC1=O)C(O)S(=O)(=O)O,CC(C)C[C@H](NC(=O)OC[C@@H]1C[C@H]2C=CC[C@H](C2)C1)C(=O)N[C@@H](C[C@@H]1CCNC1=O)C(=O)S(=O)(=O)O,DOWN,P0DTD1
CC(C)C[C@H](NC(=O)OCc1ccc(F)cc1)C(=O)N[C@@H](C[C@@H]1CCNC1=O)C(O)S(=O)(=O)O,O=CC(CC1CCNC1=O)NC(=O)C(Cc1ccccc1)NC(=O)OCc1ccccc1,DOWN,P0DTD1
CC(=O)c1cc(=O)[nH]c(=O)n1[C@@H]2O[C@H](COP([O-])([O-])=O)[C@@H](O)[C@H]2O,O[C@@H]1[C@@H](COP(O)(O)=O)O[C@H]([C@@H]1O)n1c(cc(=O)[nH]c1=O)C#N,DOWN,P11172
CC(C)C[C@H](NC(=O)OCc1ccccc1)C(=O)N[C@@H](C[C@@H]1CCNC1=O)[C@H](O)S(=O)(=O)O,Cc1onc(c1)C(=O)N[C@@H](C)C(=O)N[C@@H](C(C)C)C(=O)N[C@@H](CC(C)C)C(=O)N[C@@H](C[C@@H]2CCNC2=O)/C=C\C(=O)OCc3ccccc3,DOWN,P0DTD1
